{"type":"FeatureCollection","features":[{"type":"Feature","id":1,"geometry":{"type":"LineString","coordinates":[[151.24194986863685,-33.940246954113448],[151.24196878893545,-33.940151195393732]]},"properties":{"fromHouseNumber":"105","toHouseNumber":"111","streetName":"Garden Street","suburb":"Maroubra","residentParkingSchemeZone":"MJ3","availableSpace":"5","OBJECTID":1,"inspector":null,"inspectionDate":null,"zoneType":null,"SHAPE.STLength()":10.763942248544444}},{"type":"Feature","id":2,"geometry":{"type":"LineString","coordinates":[[151.24197775758151,-33.940105803674705],[151.24200963269175,-33.939944474217768]]},"properties":{"fromHouseNumber":"105","toHouseNumber":"111","streetName":"Garden Street","suburb":"Maroubra","residentParkingSchemeZone":"MJ3","availableSpace":"5","OBJECTID":2,"inspector":null,"inspectionDate":null,"zoneType":null,"SHAPE.STLength()":18.13453396478663}},{"type":"Feature","id":3,"geometry":{"type":"LineString","coordinates":[[151.2418619935452,-33.940136408989503],[151.24190286598667,-33.939925937025514]]},"properties":{"fromHouseNumber":"106","toHouseNumber":"110","streetName":"Garden Street","suburb":"Maroubra","residentParkingSchemeZone":"MJ3","availableSpace":"6","OBJECTID":3,"inspector":null,"inspectionDate":null,"zoneType":null,"SHAPE.STLength()":23.647881131298004}},{"type":"Feature","id":4,"geometry":{"type":"LineString","coordinates":[[151.25754147852572,-33.923983025428242],[151.25760254579623,-33.923699902357129]]},"properties":{"fromHouseNumber":"Carr Street","toHouseNumber":"Opp 176","streetName":"Beach Street","suburb":"Coogee","residentParkingSchemeZone":"CO3","availableSpace":"11","OBJECTID":4,"inspector":null,"inspectionDate":null,"zoneType":null,"SHAPE.STLength()":31.905359759294363}},{"type":"Feature","id":5,"geometry":{"type":"LineString","coordinates":[[151.25737875144716,-33.924023817469454],[151.25751418060952,-33.923380355662829]]},"properties":{"fromHouseNumber":"Carr Street","toHouseNumber":"160-162","streetName":"Beach Street","suburb":"Coogee","residentParkingSchemeZone":"CO3","availableSpace":"14","OBJECTID":5,"inspector":null,"inspectionDate":null,"zoneType":null,"SHAPE.STLength()":72.457883011857305}},{"type":"Feature","id":6,"geometry":{"type":"LineString","coordinates":[[151.22820545805436,-33.922534670503289],[151.22792470034963,-33.922588408621849]]},"properties":{"fromHouseNumber":"16A","toHouseNumber":"16B","streetName":"Meeks Street","suburb":"Kingsford","residentParkingSchemeZone":"KF1","availableSpace":"5","OBJECTID":6,"inspector":null,"inspectionDate":null,"zoneType":null,"SHAPE.STLength()":26.634904796901381}},{"type":"Feature","id":7,"geometry":{"type":"LineString","coordinates":[[151.22938068466496,-33.921128250394169],[151.2290030835762,-33.92107514160638]]},"properties":{"fromHouseNumber":"14-16","toHouseNumber":"22","streetName":"Middle Street","suburb":"Kingsford","residentParkingSchemeZone":"KF1","availableSpace":"7","OBJECTID":7,"inspector":null,"inspectionDate":null,"zoneType":null,"SHAPE.STLength()":35.407790921349495}},{"type":"Feature","id":8,"geometry":{"type":"LineString","coordinates":[[151.23263562476211,-33.920218245827243],[151.23277329572761,-33.920237419111317]]},"properties":{"fromHouseNumber":"91","toHouseNumber":"95","streetName":"Barker Street","suburb":"Kingsford","residentParkingSchemeZone":"KF1","availableSpace":"2","OBJECTID":8,"inspector":null,"inspectionDate":null,"zoneType":null,"SHAPE.STLength()":12.906081425824029}},{"type":"Feature","id":9,"geometry":{"type":"LineString","coordinates":[[151.23220365870483,-33.920161706338632],[151.23197274020012,-33.920130305773178]]},"properties":{"fromHouseNumber":"Willis Street","toHouseNumber":"85","streetName":"Barker Street","suburb":"Kingsford","residentParkingSchemeZone":"KF1","availableSpace":"4","OBJECTID":9,"inspector":null,"inspectionDate":null,"zoneType":null,"SHAPE.STLength()":21.633960899705816}},{"type":"Feature","id":10,"geometry":{"type":"LineString","coordinates":[[151.25851841602537,-33.918301668177683],[151.25821959957153,-33.918256282907386]]},"properties":{"fromHouseNumber":"Arden Street","toHouseNumber":"88","streetName":"Bream Street","suburb":"Coogee","residentParkingSchemeZone":"CO1","availableSpace":"4","OBJECTID":10,"inspector":null,"inspectionDate":null,"zoneType":null,"SHAPE.STLength()":28.085069901639908}},{"type":"Feature","id":11,"geometry":{"type":"LineString","coordinates":[[151.24823716668737,-33.917407543100047],[151.24837950726874,-33.917427364101918]]},"properties":{"fromHouseNumber":"48","toHouseNumber":"48","streetName":"Dolphin Street","suburb":"Randwick","residentParkingSchemeZone":"RA9","availableSpace":"2","OBJECTID":11,"inspector":null,"inspectionDate":null,"zoneType":null,"SHAPE.STLength()":13.344139875241115}},{"type":"Feature","id":12,"geometry":{"type":"LineString","coordinates":[[151.22559057646419,-33.909142098676668],[151.22549915293649,-33.909605435603488]]},"properties":{"fromHouseNumber":"84","toHouseNumber":"98-100","streetName":"Doncaster Avenue","suburb":"Kensington","residentParkingSchemeZone":"KN2","availableSpace":"7","OBJECTID":12,"inspector":null,"inspectionDate":null,"zoneType":null,"SHAPE.STLength()":52.080983756069742}},{"type":"Feature","id":13,"geometry":{"type":"LineString","coordinates":[[151.25296074229226,-33.905886809976074],[151.25288808925086,-33.905876809561107]]},"properties":{"fromHouseNumber":"65","toHouseNumber":"65","streetName":"Hooper Street","suburb":"Randwick","residentParkingSchemeZone":"RA10","availableSpace":"1","OBJECTID":13,"inspector":null,"inspectionDate":null,"zoneType":null,"SHAPE.STLength()":6.8098386419943902}},{"type":"Feature","id":14,"geometry":{"type":"LineString","coordinates":[[151.25284361838689,-33.905869941243168],[151.25266852459077,-33.905844194562199]]},"properties":{"fromHouseNumber":"61","toHouseNumber":"65","streetName":"Hooper Street","suburb":"Randwick","residentParkingSchemeZone":"RA10","availableSpace":"3","OBJECTID":14,"inspector":null,"inspectionDate":null,"zoneType":null,"SHAPE.STLength()":16.442429185798552}},{"type":"Feature","id":15,"geometry":{"type":"LineString","coordinates":[[151.23976558550012,-33.943043436362778],[151.23981962389502,-33.943275737861384],[151.23987360593244,-33.943507794156218]]},"properties":{"fromHouseNumber":"936","toHouseNumber":"938-944","streetName":"Anzac Parade","suburb":"Maroubra","residentParkingSchemeZone":"MJ2","availableSpace":"12","OBJECTID":15,"inspector":null,"inspectionDate":null,"zoneType":null,"SHAPE.STLength()":52.462432811502318}},{"type":"Feature","id":16,"geometry":{"type":"LineString","coordinates":[[151.23612753943863,-33.941248029017814],[151.23593977808684,-33.941222126444565],[151.23575216901415,-33.941196242902272]]},"properties":{"fromHouseNumber":"139","toHouseNumber":"137","streetName":"Maroubra Road","suburb":"Maroubra","residentParkingSchemeZone":"MJ2","availableSpace":"5","OBJECTID":16,"inspector":null,"inspectionDate":null,"zoneType":"2P 8am - 6pm Mon-Fri Permit Holders Excepted","SHAPE.STLength()":35.172034999039845}},{"type":"Feature","id":17,"geometry":{"type":"LineString","coordinates":[[151.24182884324728,-33.94030711991627],[151.24185564565397,-33.94016909925778]]},"properties":{"fromHouseNumber":"106","toHouseNumber":"110","streetName":"Garden Street","suburb":"Maroubra","residentParkingSchemeZone":"MJ3","availableSpace":"6","OBJECTID":17,"inspector":null,"inspectionDate":null,"zoneType":null,"SHAPE.STLength()":15.50750390133757}},{"type":"Feature","id":18,"geometry":{"type":"LineString","coordinates":[[151.23833691815491,-33.940009955405294],[151.23818759903727,-33.939989403750779],[151.23803828973377,-33.939968852056623]]},"properties":{"fromHouseNumber":"97","toHouseNumber":"Maroubra Road","streetName":"Boyce Road","suburb":"Maroubra","residentParkingSchemeZone":"MJ1","availableSpace":"5","OBJECTID":18,"inspector":null,"inspectionDate":null,"zoneType":null,"SHAPE.STLength()":27.979987450805954}},{"type":"Feature","id":19,"geometry":{"type":"LineString","coordinates":[[151.2379177943354,-33.939952267341766],[151.23766079256083,-33.93991689260406],[151.23740374570767,-33.939881511276745]]},"properties":{"fromHouseNumber":"97","toHouseNumber":"Maroubra Road","streetName":"Boyce Road","suburb":"Maroubra","residentParkingSchemeZone":"MJ1","availableSpace":"9","OBJECTID":19,"inspector":null,"inspectionDate":null,"zoneType":null,"SHAPE.STLength()":48.163870568719659}},{"type":"Feature","id":20,"geometry":{"type":"LineString","coordinates":[[151.23801478578736,-33.939859571998362],[151.23831799901444,-33.939902246923502]]},"properties":{"fromHouseNumber":"112","toHouseNumber":"Maroubra Road","streetName":"Boyce Road","suburb":"Maroubra","residentParkingSchemeZone":"MJ1","availableSpace":"4","OBJECTID":20,"inspector":null,"inspectionDate":null,"zoneType":null,"SHAPE.STLength()":28.426779132536282}},{"type":"Feature","id":21,"geometry":{"type":"LineString","coordinates":[[151.23772982099797,-33.939819172991207],[151.23795017717867,-33.939850562102293]]},"properties":{"fromHouseNumber":"108","toHouseNumber":"112","streetName":"Boyce Road","suburb":"Maroubra","residentParkingSchemeZone":"MJ1","availableSpace":"3","OBJECTID":21,"inspector":null,"inspectionDate":null,"zoneType":"2P 8am - 8pm Permit Holders Excepted","SHAPE.STLength()":20.66577574275885}},{"type":"Feature","id":22,"geometry":{"type":"LineString","coordinates":[[151.23732004115493,-33.939760209079957],[151.23733864041614,-33.939763084166593],[151.23734019772846,-33.939763324689217],[151.23734098733055,-33.939763438795097],[151.23734802599989,-33.939764445841092],[151.23741147749271,-33.939773528753506],[151.23749052949466,-33.939784844099897],[151.23766107230412,-33.939809256033747]]},"properties":{"fromHouseNumber":"104","toHouseNumber":"106","streetName":"Boyce Road","suburb":"Maroubra","residentParkingSchemeZone":"MJ1","availableSpace":"3","OBJECTID":22,"inspector":null,"inspectionDate":null,"zoneType":null,"SHAPE.STLength()":31.992063626410999}},{"type":"Feature","id":23,"geometry":{"type":"LineString","coordinates":[[151.23671801711211,-33.939763266326025],[151.23594802914829,-33.939656061929284],[151.23517804763785,-33.939548853737207]]},"properties":{"fromHouseNumber":"Hannan Street","toHouseNumber":"The End","streetName":"Boyce Road","suburb":"Maroubra","residentParkingSchemeZone":"MJ1","availableSpace":"20","OBJECTID":23,"inspector":null,"inspectionDate":null,"zoneType":null,"SHAPE.STLength()":144.33262822678589}},{"type":"Feature","id":24,"geometry":{"type":"LineString","coordinates":[[151.23547140944132,-33.939516043309261],[151.23628656114329,-33.939629043151598]]},"properties":{"fromHouseNumber":"74","toHouseNumber":"88","streetName":"Boyce Road","suburb":"Maroubra","residentParkingSchemeZone":"MJ1","availableSpace":"9","OBJECTID":24,"inspector":null,"inspectionDate":null,"zoneType":null,"SHAPE.STLength()":76.390603679575662}},{"type":"Feature","id":25,"geometry":{"type":"LineString","coordinates":[[151.237487991065,-33.938402295785977],[151.23780346974019,-33.938446120502199]]},"properties":{"fromHouseNumber":"83","toHouseNumber":"87","streetName":"Gale Road","suburb":"Maroubra","residentParkingSchemeZone":"MJ1","availableSpace":"4","OBJECTID":25,"inspector":null,"inspectionDate":null,"zoneType":null,"SHAPE.STLength()":29.566603542848817}},{"type":"Feature","id":26,"geometry":{"type":"LineString","coordinates":[[151.23670248007906,-33.938293169723956],[151.23653907925228,-33.938270470242863],[151.23637567419567,-33.938247770485454]]},"properties":{"fromHouseNumber":"65","toHouseNumber":"71","streetName":"Gale Road","suburb":"Maroubra","residentParkingSchemeZone":"MJ1","availableSpace":"6","OBJECTID":26,"inspector":null,"inspectionDate":null,"zoneType":null,"SHAPE.STLength()":30.628271876217205}},{"type":"Feature","id":27,"geometry":{"type":"LineString","coordinates":[[151.23675323654635,-33.938225551327662],[151.23729788399743,-33.938302103576724],[151.23746536169156,-33.938325641338331],[151.23784253939198,-33.938378635508464]]},"properties":{"fromHouseNumber":"92","toHouseNumber":"102","streetName":"Gale Road","suburb":"Maroubra","residentParkingSchemeZone":"MJ1","availableSpace":"8","OBJECTID":27,"inspector":null,"inspectionDate":null,"zoneType":"2P 8am - 8pm Permit Holders Excepted","SHAPE.STLength()":102.12175937531825}},{"type":"Feature","id":28,"geometry":{"type":"LineString","coordinates":[[151.23085802020933,-33.927275063869239],[151.2308491531696,-33.92726700744781],[151.23083054095918,-33.927250150672776],[151.2306702247688,-33.927105301501655],[151.23048237208508,-33.926935570495914]]},"properties":{"fromHouseNumber":"8","toHouseNumber":"8","streetName":"Jacques Street","suburb":"Kingsford","residentParkingSchemeZone":"KF3","availableSpace":"","OBJECTID":28,"inspector":null,"inspectionDate":null,"zoneType":null,"SHAPE.STLength()":51.226116135593884}},{"type":"Feature","id":29,"geometry":{"type":"LineString","coordinates":[[151.23033782836936,-33.926816418143801],[151.23027594177023,-33.92677846972807],[151.23026947711222,-33.926774504726652],[151.2302688584497,-33.926774186536463],[151.23026434598549,-33.926771859203292],[151.23025591723416,-33.926767511582604],[151.23024334955616,-33.926761029559074],[151.23020386872653,-33.926740667004808],[151.23019737190873,-33.926737315621821],[151.23019704699965,-33.926737177493472],[151.23019665884647,-33.926737011403752],[151.23019272253555,-33.926735331684007],[151.23018632429196,-33.926732601212436],[151.23016129429098,-33.926721918261769],[151.23012245557669,-33.926705343200815],[151.23011564504066,-33.926702254218206],[151.22933296025667,-33.926345610594169],[151.22932632901276,-33.926342589974375],[151.22932278853293,-33.926341020522365],[151.22928857145851,-33.926325849857669]]},"properties":{"fromHouseNumber":"33","toHouseNumber":"45","streetName":"Jacques Street","suburb":"Kingsford","residentParkingSchemeZone":"KF3","availableSpace":"","OBJECTID":29,"inspector":null,"inspectionDate":null,"zoneType":"4P 8am - 8pm Mon-Sun Permit Holders Excepted","SHAPE.STLength()":111.30685381295018}},{"type":"Feature","id":30,"geometry":{"type":"LineString","coordinates":[[151.25693285717961,-33.926607785765789],[151.25693025980905,-33.926619523966039],[151.25692849513712,-33.926627504665454],[151.25692671746694,-33.926635539285435],[151.25692459533877,-33.92664513625968],[151.25692195253649,-33.926657086627998],[151.25691873316248,-33.926671638480315],[151.25691685058911,-33.926680149539202],[151.25691510021409,-33.926688065515137],[151.25691311404049,-33.926697042210535],[151.25691092162046,-33.926706956504844],[151.25690955495324,-33.926713135743775],[151.25690811086574,-33.926719663763265],[151.25690550741928,-33.926731434339437],[151.25690298738712,-33.926742827364045],[151.25690130979137,-33.926750409823072],[151.25689970952368,-33.926757648008937],[151.25689783295945,-33.926766129394835],[151.25689588605101,-33.926774930805657],[151.25689390936944,-33.926783866154722],[151.25689240802521,-33.926790655770759],[151.25689143214126,-33.926795069516992],[151.25688968777442,-33.926802955819859],[151.25688736437755,-33.926813457999664]]},"properties":{"fromHouseNumber":"205","toHouseNumber":"201-203","streetName":"Beach Street","suburb":"Coogee","residentParkingSchemeZone":"CO3","availableSpace":"4","OBJECTID":30,"inspector":null,"inspectionDate":null,"zoneType":null,"SHAPE.STLength()":23.196089340930648}},{"type":"Feature","id":31,"geometry":{"type":"LineString","coordinates":[[151.22923679583852,-33.926308634869628],[151.22920836182942,-33.926300984910299],[151.22867123469086,-33.926176979306241]]},"properties":{"fromHouseNumber":"33","toHouseNumber":"45","streetName":"Jacques Street","suburb":"Kingsford","residentParkingSchemeZone":"KF3","availableSpace":"","OBJECTID":31,"inspector":null,"inspectionDate":null,"zoneType":null,"SHAPE.STLength()":54.293640849118844}},{"type":"Feature","id":32,"geometry":{"type":"LineString","coordinates":[[151.25695979469401,-33.926485996152721],[151.25695625240081,-33.926502009670656],[151.25695154230192,-33.926523308909992],[151.25694080579527,-33.926571844771125]]},"properties":{"fromHouseNumber":"201-203","toHouseNumber":"197-199","streetName":"Beach Street","suburb":"Coogee","residentParkingSchemeZone":"CO3","availableSpace":"2","OBJECTID":32,"inspector":null,"inspectionDate":null,"zoneType":null,"SHAPE.STLength()":9.6821634851161171}},{"type":"Feature","id":33,"geometry":{"type":"LineString","coordinates":[[151.23036650123862,-33.926189256691522],[151.23035737173927,-33.926187358950408],[151.23032608442782,-33.92618110290023],[151.23029149756371,-33.92617705646402],[151.2302839451506,-33.926176156168765],[151.23026456449031,-33.926173506891381],[151.23017372116257,-33.926161092415207],[151.23009768415486,-33.926150581502334],[151.23005198592659,-33.926144175008538],[151.22947094335228,-33.926062721287003],[151.22910642202291,-33.926011618489227],[151.22897247733303,-33.92599284084239],[151.22893062493435,-33.925986847250975],[151.22887152055057,-33.925978687447433],[151.22886089421277,-33.925977197289349],[151.22885163984097,-33.925975900002612],[151.22884765117729,-33.925975341251011],[151.22884089484796,-33.925974393707875],[151.22883477488739,-33.925973535574627],[151.22882684933748,-33.925972425127334],[151.22881984924538,-33.925971443416856],[151.22881246516204,-33.925970408389276],[151.228807917805,-33.92596977036095],[151.228803031745,-33.925969085979467],[151.22879994264184,-33.92596865288597],[151.2287961298002,-33.925968118304098],[151.22879206025584,-33.925967547566174],[151.22878630810402,-33.925966740711033],[151.22878036286585,-33.925965907632389],[151.22877382656642,-33.925964991205149],[151.22876723202052,-33.925964066725669],[151.22876009170176,-33.925963065861268],[151.22875690767796,-33.925962619678401],[151.22875329653726,-33.925962113245902],[151.22874946104275,-33.925961575631426],[151.22874517147085,-33.925960973772355],[151.22874188415486,-33.925960500854288],[151.22873872854646,-33.925960040651987],[151.22873232457152,-33.925959107189932],[151.22872762567076,-33.925958421891323],[151.228720988747,-33.925957454417876],[151.22871670182366,-33.925956829150735],[151.22871115200832,-33.925956019792878],[151.22870570572812,-33.925955225450522],[151.22870233689068,-33.92595503270109],[151.22869848500073,-33.925954816770002],[151.22869415337723,-33.925954574098029],[151.22868907839975,-33.925954289169503],[151.22868795793369,-33.925954227059279]]},"properties":{"fromHouseNumber":"1-5","toHouseNumber":"21","streetName":"Sturt Street","suburb":"Kingsford","residentParkingSchemeZone":"KF3","availableSpace":"","OBJECTID":33,"inspector":null,"inspectionDate":null,"zoneType":"4P 8am - 8pm Mon-Sun Permit Holders Excepted","SHAPE.STLength()":157.38868656690204}},{"type":"Feature","id":34,"geometry":{"type":"LineString","coordinates":[[151.25692037272987,-33.926170960994334],[151.25691809757603,-33.926181167185241],[151.25691672368012,-33.926187330091182],[151.25691539031789,-33.926193308713422],[151.25691375928571,-33.926200624014655],[151.25691224011993,-33.926207439529989],[151.25691045789659,-33.926215432605666],[151.25690911369847,-33.926221465179005],[151.2569077612138,-33.926227532803026],[151.25690625761166,-33.926234274595572],[151.25690511104062,-33.926239420847196],[151.2569038431063,-33.926245108230496],[151.25690243824397,-33.926251410468076],[151.25690076082745,-33.926258931611741],[151.25689899636612,-33.926266849192103],[151.25689676643375,-33.92627685313024],[151.25689545085118,-33.926282755355601],[151.25689419369527,-33.926288391491909],[151.25689264004205,-33.926295359815057],[151.25689098392618,-33.926302791085689],[151.25688996958812,-33.926307340451217],[151.25688811474379,-33.926315658929546],[151.25688630391619,-33.926323781450797],[151.25688444426777,-33.926332123306366],[151.25688228216325,-33.926341824316644],[151.2568805368378,-33.926349651993128],[151.256879214158,-33.926355583875299],[151.25687783184097,-33.926361788141534],[151.25687602814267,-33.926369879202468],[151.25687437094217,-33.926377310457369],[151.25687293985894,-33.926383731353383],[151.25687153020669,-33.926390056066182],[151.25687019804752,-33.926396028392446],[151.25686832526927,-33.92640443047857],[151.25686696086183,-33.926410552037751],[151.25686559297108,-33.926416685270226],[151.25686333800576,-33.92642680247269],[151.25686166883131,-33.926434290367681]]},"properties":{"fromHouseNumber":"192","toHouseNumber":"198","streetName":"Beach Street","suburb":"Coogee","residentParkingSchemeZone":"CO3","availableSpace":"6","OBJECTID":34,"inspector":null,"inspectionDate":null,"zoneType":null,"SHAPE.STLength()":29.706475089306764}},{"type":"Feature","id":35,"geometry":{"type":"LineString","coordinates":[[151.25720456399551,-33.925545047507427],[151.25717304340108,-33.925691127535117],[151.25714132176233,-33.925838149731604]]},"properties":{"fromHouseNumber":"Opp 184-186","toHouseNumber":"Opp 190","streetName":"Beach Street","suburb":"Coogee","residentParkingSchemeZone":"CO3","availableSpace":"12","OBJECTID":35,"inspector":null,"inspectionDate":null,"zoneType":null,"SHAPE.STLength()":33.030278861167041}},{"type":"Feature","id":36,"geometry":{"type":"LineString","coordinates":[[151.25699673923569,-33.925807846640808],[151.25710707907356,-33.925310172445556]]},"properties":{"fromHouseNumber":"178-182","toHouseNumber":"190","streetName":"Beach Street","suburb":"Coogee","residentParkingSchemeZone":"CO3","availableSpace":"6","OBJECTID":36,"inspector":null,"inspectionDate":null,"zoneType":null,"SHAPE.STLength()":56.132960268989919}},{"type":"Feature","id":37,"geometry":{"type":"LineString","coordinates":[[151.23449508632532,-33.924687757258575],[151.23450148735276,-33.924657119546055],[151.2345078894007,-33.924626484552832]]},"properties":{"fromHouseNumber":"108","toHouseNumber":"112","streetName":"Botany Street","suburb":"Kingsford","residentParkingSchemeZone":"KF1","availableSpace":"4","OBJECTID":37,"inspector":null,"inspectionDate":null,"zoneType":null,"SHAPE.STLength()":6.89827246497841}},{"type":"Feature","id":38,"geometry":{"type":"LineString","coordinates":[[151.23451529862925,-33.92459102165683],[151.23452001326902,-33.924568455583973],[151.23452473137343,-33.924545878739636]]},"properties":{"fromHouseNumber":"108","toHouseNumber":"112","streetName":"Botany Street","suburb":"Kingsford","residentParkingSchemeZone":"KF1","availableSpace":"4","OBJECTID":38,"inspector":null,"inspectionDate":null,"zoneType":null,"SHAPE.STLength()":5.0823309870849149}},{"type":"Feature","id":39,"geometry":{"type":"LineString","coordinates":[[151.25614004346102,-33.924747144608659],[151.25711484945109,-33.924892964139275]]},"properties":{"fromHouseNumber":"77","toHouseNumber":"Beach Street","streetName":"Dudley Street","suburb":"Coogee","residentParkingSchemeZone":"CO3","availableSpace":"10","OBJECTID":39,"inspector":null,"inspectionDate":null,"zoneType":null,"SHAPE.STLength()":91.568894724136527}},{"type":"Feature","id":40,"geometry":{"type":"LineString","coordinates":[[151.25572889097106,-33.924794461592406],[151.25552840405828,-33.924764751614561],[151.25532764982739,-33.924735002355838]]},"properties":{"fromHouseNumber":"96A","toHouseNumber":"96B","streetName":"Dudley Street","suburb":"Coogee","residentParkingSchemeZone":"CO3","availableSpace":"9","OBJECTID":40,"inspector":null,"inspectionDate":null,"zoneType":null,"SHAPE.STLength()":37.6798748922483}},{"type":"Feature","id":41,"geometry":{"type":"LineString","coordinates":[[151.23453741810351,-33.924485157127187],[151.23454686045892,-33.924439966552775],[151.23455630397774,-33.924394771485133]]},"properties":{"fromHouseNumber":"108","toHouseNumber":"112","streetName":"Botany Street","suburb":"Kingsford","residentParkingSchemeZone":"KF1","availableSpace":"4","OBJECTID":41,"inspector":null,"inspectionDate":null,"zoneType":null,"SHAPE.STLength()":10.175891336903195}},{"type":"Feature","id":42,"geometry":{"type":"LineString","coordinates":[[151.25733823335213,-33.924925524149621],[151.25736225188456,-33.924814161432657],[151.2573987138492,-33.924645099973652]]},"properties":{"fromHouseNumber":"Carr Street","toHouseNumber":"Opp 176","streetName":"Beach Street","suburb":"Coogee","residentParkingSchemeZone":"CO3","availableSpace":"11","OBJECTID":42,"inspector":null,"inspectionDate":null,"zoneType":null,"SHAPE.STLength()":31.601139093765799}},{"type":"Feature","id":43,"geometry":{"type":"LineString","coordinates":[[151.25721614330507,-33.924796511041542],[151.25725420631451,-33.924615669360087]]},"properties":{"fromHouseNumber":"170","toHouseNumber":"174","streetName":"Beach Street","suburb":"Coogee","residentParkingSchemeZone":"CO3","availableSpace":"2","OBJECTID":43,"inspector":null,"inspectionDate":null,"zoneType":null,"SHAPE.STLength()":20.36393976125445}},{"type":"Feature","id":44,"geometry":{"type":"LineString","coordinates":[[151.25605544801857,-33.924586599960747],[151.25606636864089,-33.924534454387356],[151.2560772371987,-33.924482580401644]]},"properties":{"fromHouseNumber":"295","toHouseNumber":"295","streetName":"Arden Street","suburb":"Coogee","residentParkingSchemeZone":"CO3","availableSpace":"3","OBJECTID":44,"inspector":null,"inspectionDate":null,"zoneType":null,"SHAPE.STLength()":11.711612153942506}},{"type":"Feature","id":45,"geometry":{"type":"LineString","coordinates":[[151.25592728959151,-33.924565739623134],[151.25595353749918,-33.924442364188934],[151.25597994689591,-33.924318226354032]]},"properties":{"fromHouseNumber":"286-290","toHouseNumber":"292-294","streetName":"Arden Street","suburb":"Coogee","residentParkingSchemeZone":"CO3","availableSpace":"4","OBJECTID":45,"inspector":null,"inspectionDate":null,"zoneType":null,"SHAPE.STLength()":27.88062343731227}},{"type":"Feature","id":46,"geometry":{"type":"LineString","coordinates":[[151.25740323988063,-33.924624116418023],[151.25743039149003,-33.924498224932954],[151.25744097256535,-33.92444916559657],[151.25744651995589,-33.924423443399149],[151.25745621460794,-33.924378496995594],[151.25746124002433,-33.924355193102031],[151.25746456909624,-33.924339759972128]]},"properties":{"fromHouseNumber":"Carr Street","toHouseNumber":"Opp 176","streetName":"Beach Street","suburb":"Coogee","residentParkingSchemeZone":"CO3","availableSpace":"12","OBJECTID":46,"inspector":null,"inspectionDate":null,"zoneType":null,"SHAPE.STLength()":32.044280111407502}},{"type":"Feature","id":47,"geometry":{"type":"LineString","coordinates":[[151.25611869058633,-33.924284692759954],[151.25609859968409,-33.924380599046444],[151.25607860558708,-33.924476052219646]]},"properties":{"fromHouseNumber":"291","toHouseNumber":"293","streetName":"Arden Street","suburb":"Coogee","residentParkingSchemeZone":"CO3","availableSpace":"4","OBJECTID":47,"inspector":null,"inspectionDate":null,"zoneType":null,"SHAPE.STLength()":21.545262821354218}},{"type":"Feature","id":48,"geometry":{"type":"LineString","coordinates":[[151.25733121748098,-33.924249696244907],[151.25737239134972,-33.924054071151247]]},"properties":{"fromHouseNumber":"Carr Street","toHouseNumber":"160-162","streetName":"Beach Street","suburb":"Coogee","residentParkingSchemeZone":"CO3","availableSpace":"4","OBJECTID":48,"inspector":null,"inspectionDate":null,"zoneType":null,"SHAPE.STLength()":22.028637490548526}},{"type":"Feature","id":49,"geometry":{"type":"LineString","coordinates":[[151.22598826253039,-33.92379942357222],[151.22593262795158,-33.923704978999744],[151.22587697151218,-33.923610498920141]]},"properties":{"fromHouseNumber":"109-111","toHouseNumber":"113-115","streetName":"Houston Road","suburb":"Kensington","residentParkingSchemeZone":"KN2","availableSpace":"4","OBJECTID":49,"inspector":null,"inspectionDate":null,"zoneType":null,"SHAPE.STLength()":23.34453690669374}},{"type":"Feature","id":50,"geometry":{"type":"LineString","coordinates":[[151.25558051654326,-33.924079813615208],[151.25562807259715,-33.924069799065869],[151.2556371905284,-33.924067879493442],[151.25564638283049,-33.924065760786839],[151.25570197834651,-33.924052924037895],[151.25572826647445,-33.92404685533316],[151.25573633305225,-33.924044454655821],[151.25575128539174,-33.924040004481562],[151.25576479136322,-33.924035984685823],[151.25578055340554,-33.924031293491204],[151.25579201659804,-33.9240278822843],[151.25580746302907,-33.924023284904891],[151.25580894313904,-33.924022844181117],[151.25581774987506,-33.924019262780185]]},"properties":{"fromHouseNumber":"10","toHouseNumber":"12","streetName":"Havelock Avenue","suburb":"Coogee","residentParkingSchemeZone":"CO3","availableSpace":"4","OBJECTID":50,"inspector":null,"inspectionDate":null,"zoneType":null,"SHAPE.STLength()":22.968840227311059}},{"type":"Feature","id":51,"geometry":{"type":"LineString","coordinates":[[151.25748942957779,-33.924224483837584],[151.25753711886944,-33.924003385536082]]},"properties":{"fromHouseNumber":"Carr Street","toHouseNumber":"Opp 176","streetName":"Beach Street","suburb":"Coogee","residentParkingSchemeZone":"CO3","availableSpace":"9","OBJECTID":51,"inspector":null,"inspectionDate":null,"zoneType":null,"SHAPE.STLength()":24.915743139629612}},{"type":"Feature","id":52,"geometry":{"type":"LineString","coordinates":[[151.22617583258878,-33.923791180958624],[151.22610217767942,-33.92366611707061],[151.22602850519385,-33.923541024031088]]},"properties":{"fromHouseNumber":"74","toHouseNumber":"78-80","streetName":"Houston Road","suburb":"Kingsford","residentParkingSchemeZone":"KF2","availableSpace":"12","OBJECTID":52,"inspector":null,"inspectionDate":null,"zoneType":null,"SHAPE.STLength()":30.909334167736816}},{"type":"Feature","id":53,"geometry":{"type":"LineString","coordinates":[[151.22584769398114,-33.923560801486857],[151.22579115273959,-33.923464816241072],[151.22573460949585,-33.923368829137843]]},"properties":{"fromHouseNumber":"99","toHouseNumber":"101-103","streetName":"Houston Road","suburb":"Kingsford","residentParkingSchemeZone":"KF2","availableSpace":"4","OBJECTID":53,"inspector":null,"inspectionDate":null,"zoneType":null,"SHAPE.STLength()":23.721064316921389}},{"type":"Feature","id":54,"geometry":{"type":"LineString","coordinates":[[151.22469681612554,-33.923320210978531],[151.22456249099045,-33.923346813947482],[151.22442811799203,-33.923373425996985]]},"properties":{"fromHouseNumber":"25","toHouseNumber":"31","streetName":"Borrodale Road","suburb":"Kingsford","residentParkingSchemeZone":"KF2","availableSpace":"5","OBJECTID":54,"inspector":null,"inspectionDate":null,"zoneType":null,"SHAPE.STLength()":25.535686044644212}},{"type":"Feature","id":55,"geometry":{"type":"LineString","coordinates":[[151.24186237470281,-33.923778792168143],[151.24187605189439,-33.923715039563021],[151.2418911178907,-33.92364481605032],[151.24191986690488,-33.923510814756014]]},"properties":{"fromHouseNumber":"1","toHouseNumber":"5","streetName":"Lion Street","suburb":"Randwick","residentParkingSchemeZone":"SP1","availableSpace":"5","OBJECTID":55,"inspector":null,"inspectionDate":null,"zoneType":null,"SHAPE.STLength()":30.193728359670686}},{"type":"Feature","id":56,"geometry":{"type":"LineString","coordinates":[[151.2418063062288,-33.923501209012294],[151.24177782065172,-33.923626541086414],[151.24175263924786,-33.923752468598181]]},"properties":{"fromHouseNumber":"2","toHouseNumber":"6","streetName":"Lion Street","suburb":"Randwick","residentParkingSchemeZone":"SP1","availableSpace":"5","OBJECTID":56,"inspector":null,"inspectionDate":null,"zoneType":null,"SHAPE.STLength()":28.307936099981365}},{"type":"Feature","id":57,"geometry":{"type":"LineString","coordinates":[[151.23450496996315,-33.923379013718538],[151.23458527460289,-33.923389733664962],[151.23466557926511,-33.923400453559587]]},"properties":{"fromHouseNumber":"98","toHouseNumber":"98","streetName":"Meeks Street","suburb":"Kingsford","residentParkingSchemeZone":"KF1","availableSpace":"4","OBJECTID":57,"inspector":null,"inspectionDate":null,"zoneType":null,"SHAPE.STLength()":15.03928516519319}},{"type":"Feature","id":58,"geometry":{"type":"LineString","coordinates":[[151.23426775942724,-33.92334734853484],[151.23432716479743,-33.923355278294885],[151.23438658634475,-33.923363210963629]]},"properties":{"fromHouseNumber":"98","toHouseNumber":"98","streetName":"Meeks Street","suburb":"Kingsford","residentParkingSchemeZone":"KF1","availableSpace":"4","OBJECTID":58,"inspector":null,"inspectionDate":null,"zoneType":null,"SHAPE.STLength()":11.126834871933793}},{"type":"Feature","id":59,"geometry":{"type":"LineString","coordinates":[[151.22476034989171,-33.923234118356334],[151.22487315704763,-33.923212554923694],[151.22493061947617,-33.923201569763243],[151.22493520907634,-33.923200632301736],[151.2249513746352,-33.923197311626055],[151.22497072095419,-33.923193337058819],[151.2249856241996,-33.923190275914223]]},"properties":{"fromHouseNumber":"34","toHouseNumber":"36","streetName":"Borrodale Road","suburb":"Kingsford","residentParkingSchemeZone":"KF2","availableSpace":"4","OBJECTID":59,"inspector":null,"inspectionDate":null,"zoneType":null,"SHAPE.STLength()":21.389806719819926}},{"type":"Feature","id":60,"geometry":{"type":"LineString","coordinates":[[151.23393597833709,-33.923301178938104],[151.23398257931279,-33.923307603231713],[151.23402921264454,-33.92331403248059]]},"properties":{"fromHouseNumber":"64","toHouseNumber":"66","streetName":"Meeks Street","suburb":"Kingsford","residentParkingSchemeZone":"KF1","availableSpace":"1","OBJECTID":60,"inspector":null,"inspectionDate":null,"zoneType":null,"SHAPE.STLength()":8.7376348546476006}},{"type":"Feature","id":61,"geometry":{"type":"LineString","coordinates":[[151.23382602946222,-33.923360700892758],[151.23362485264548,-33.923332601994495],[151.23342368030109,-33.92330450283351]]},"properties":{"fromHouseNumber":"51","toHouseNumber":"61-63","streetName":"Meeks Street","suburb":"Kingsford","residentParkingSchemeZone":"KF1","availableSpace":"6","OBJECTID":61,"inspector":null,"inspectionDate":null,"zoneType":null,"SHAPE.STLength()":37.720208318135214}},{"type":"Feature","id":62,"geometry":{"type":"LineString","coordinates":[[151.25672679628519,-33.923952251746044],[151.2568155371209,-33.923540339737059]]},"properties":{"fromHouseNumber":"Carr Street","toHouseNumber":"18","streetName":"Kurrawa Avenue","suburb":"Coogee","residentParkingSchemeZone":"CO3","availableSpace":"17","OBJECTID":62,"inspector":null,"inspectionDate":null,"zoneType":"1P 8am - 10pm Permit Holders Excepted","SHAPE.STLength()":46.416981072124884}},{"type":"Feature","id":63,"geometry":{"type":"LineString","coordinates":[[151.23282071224662,-33.923147424600003],[151.23297015535746,-33.923168028251119],[151.23311968269076,-33.923188642849752]]},"properties":{"fromHouseNumber":"46","toHouseNumber":"48","streetName":"Meeks Street","suburb":"Kingsford","residentParkingSchemeZone":"KF1","availableSpace":"3","OBJECTID":63,"inspector":null,"inspectionDate":null,"zoneType":null,"SHAPE.STLength()":28.018677357303758}},{"type":"Feature","id":64,"geometry":{"type":"LineString","coordinates":[[151.22589136375478,-33.923129942397956],[151.22604429712757,-33.923099031571802],[151.22619722279109,-33.923068122245816]]},"properties":{"fromHouseNumber":"Houston Road","toHouseNumber":"41","streetName":"Borrodale Road","suburb":"Kingsford","residentParkingSchemeZone":"KF2","availableSpace":"11","OBJECTID":64,"inspector":null,"inspectionDate":null,"zoneType":null,"SHAPE.STLength()":29.099570746151638}},{"type":"Feature","id":65,"geometry":{"type":"LineString","coordinates":[[151.23990081829746,-33.923478873710508],[151.23992650992474,-33.923357506806262],[151.23995225040707,-33.923235916959733]]},"properties":{"fromHouseNumber":"305","toHouseNumber":"309","streetName":"Avoca Street","suburb":"Randwick","residentParkingSchemeZone":"SP1","availableSpace":"5","OBJECTID":65,"inspector":null,"inspectionDate":null,"zoneType":null,"SHAPE.STLength()":27.363411309176673}},{"type":"Feature","id":66,"geometry":{"type":"LineString","coordinates":[[151.2561002201509,-33.92376510660381],[151.25613407798954,-33.923610067739453],[151.25616802873253,-33.923454603650931]]},"properties":{"fromHouseNumber":"268","toHouseNumber":"274","streetName":"Arden Street","suburb":"Coogee","residentParkingSchemeZone":"CO3","availableSpace":"6","OBJECTID":66,"inspector":null,"inspectionDate":null,"zoneType":null,"SHAPE.STLength()":35.004597083387104}},{"type":"Feature","id":67,"geometry":{"type":"LineString","coordinates":[[151.25619895441091,-33.923901427745939],[151.25622225020896,-33.92379012805975],[151.25624534000528,-33.923679803841267],[151.25625123252078,-33.923651651878359],[151.25627297127582,-33.923547798370542],[151.25628726011598,-33.923479672863863],[151.25629098758856,-33.923461896365041],[151.25629191255865,-33.923457485507157],[151.25629267023376,-33.923454011897583]]},"properties":{"fromHouseNumber":"275-279","toHouseNumber":"Opp 262-266","streetName":"Arden Street","suburb":"Coogee","residentParkingSchemeZone":"CO3","availableSpace":"10","OBJECTID":67,"inspector":null,"inspectionDate":null,"zoneType":null,"SHAPE.STLength()":50.374697165105388}},{"type":"Feature","id":68,"geometry":{"type":"LineString","coordinates":[[151.22625708231749,-33.923056025789222],[151.22630996389347,-33.923045335578195],[151.22635965950965,-33.923035289275866],[151.22636292718619,-33.923035190270099]]},"properties":{"fromHouseNumber":"Houston Road","toHouseNumber":"41","streetName":"Borrodale Road","suburb":"Kingsford","residentParkingSchemeZone":"KF2","availableSpace":"4","OBJECTID":68,"inspector":null,"inspectionDate":null,"zoneType":null,"SHAPE.STLength()":10.061675866902307}},{"type":"Feature","id":69,"geometry":{"type":"LineString","coordinates":[[151.23189887802533,-33.923096649626245],[151.2317381246813,-33.923074865070298],[151.23157736820312,-33.923053079358858]]},"properties":{"fromHouseNumber":"29","toHouseNumber":"33-35","streetName":"Meeks Street","suburb":"Kingsford","residentParkingSchemeZone":"KF1","availableSpace":"8","OBJECTID":69,"inspector":null,"inspectionDate":null,"zoneType":null,"SHAPE.STLength()":30.117493343622225}},{"type":"Feature","id":70,"geometry":{"type":"LineString","coordinates":[[151.23198467436569,-33.923034581413361],[151.2320626796143,-33.923045254645388],[151.23214073447869,-33.923055935754647]]},"properties":{"fromHouseNumber":"42","toHouseNumber":"44","streetName":"Meeks Street","suburb":"Kingsford","residentParkingSchemeZone":"KF1","availableSpace":"3","OBJECTID":70,"inspector":null,"inspectionDate":null,"zoneType":null,"SHAPE.STLength()":14.622637088280841}},{"type":"Feature","id":71,"geometry":{"type":"LineString","coordinates":[[151.2576068278853,-33.923680162449841],[151.25766655080091,-33.923403273900604]]},"properties":{"fromHouseNumber":"Carr Street","toHouseNumber":"Opp 176","streetName":"Beach Street","suburb":"Coogee","residentParkingSchemeZone":"CO3","availableSpace":"10","OBJECTID":71,"inspector":null,"inspectionDate":null,"zoneType":null,"SHAPE.STLength()":31.202794108380743}},{"type":"Feature","id":72,"geometry":{"type":"LineString","coordinates":[[151.23152855728225,-33.923046464609882],[151.23146468059809,-33.923037807398174],[151.23140079419602,-33.923029150013882]]},"properties":{"fromHouseNumber":"29","toHouseNumber":"33-35","streetName":"Meeks Street","suburb":"Kingsford","residentParkingSchemeZone":"KF1","availableSpace":"8","OBJECTID":72,"inspector":null,"inspectionDate":null,"zoneType":null,"SHAPE.STLength()":11.968245311099842}},{"type":"Feature","id":73,"geometry":{"type":"LineString","coordinates":[[151.2568541984233,-33.9239542919439],[151.25691721991183,-33.92366121190225],[151.25698080916015,-33.92336561947009]]},"properties":{"fromHouseNumber":"Carr Street","toHouseNumber":"15","streetName":"Kurrawa Avenue","suburb":"Coogee","residentParkingSchemeZone":"CO3","availableSpace":"10","OBJECTID":73,"inspector":null,"inspectionDate":null,"zoneType":null,"SHAPE.STLength()":66.332080553330414}},{"type":"Feature","id":74,"geometry":{"type":"LineString","coordinates":[[151.23042365430229,-33.923286527211232],[151.23045087409358,-33.923151906363188],[151.23047809144057,-33.923017294487238]]},"properties":{"fromHouseNumber":"19","toHouseNumber":"19","streetName":"Willis Lane","suburb":"Kingsford","residentParkingSchemeZone":"KF1","availableSpace":"5","OBJECTID":74,"inspector":null,"inspectionDate":null,"zoneType":null,"SHAPE.STLength()":30.282695971170721}},{"type":"Feature","id":75,"geometry":{"type":"LineString","coordinates":[[151.23149064361471,-33.922968404614451],[151.2316100600448,-33.922984527958668],[151.2317294754624,-33.923000650271398]]},"properties":{"fromHouseNumber":"34","toHouseNumber":"38","streetName":"Meeks Street","suburb":"Kingsford","residentParkingSchemeZone":"KF1","availableSpace":"4","OBJECTID":75,"inspector":null,"inspectionDate":null,"zoneType":null,"SHAPE.STLength()":22.370505793726981}},{"type":"Feature","id":76,"geometry":{"type":"LineString","coordinates":[[151.25611286328865,-33.923342345894937],[151.25570058205412,-33.923280935319227]]},"properties":{"fromHouseNumber":"9-11","toHouseNumber":"Arden Street","streetName":"Waltham Street","suburb":"Coogee","residentParkingSchemeZone":"CO3","availableSpace":"7","OBJECTID":76,"inspector":null,"inspectionDate":null,"zoneType":null,"SHAPE.STLength()":38.723399389258169}},{"type":"Feature","id":77,"geometry":{"type":"LineString","coordinates":[[151.23101185837979,-33.922975606672651],[151.230772821214,-33.922943107797266],[151.23053379180155,-33.922910609473519]]},"properties":{"fromHouseNumber":"19","toHouseNumber":"23","streetName":"Meeks Street","suburb":"Kingsford","residentParkingSchemeZone":"KF1","availableSpace":"7","OBJECTID":77,"inspector":null,"inspectionDate":null,"zoneType":null,"SHAPE.STLength()":44.786816424702515}},{"type":"Feature","id":78,"geometry":{"type":"LineString","coordinates":[[151.25493763555923,-33.923596785689192],[151.25497687053539,-33.923412782717719],[151.25501610426241,-33.923228778806383]]},"properties":{"fromHouseNumber":"1","toHouseNumber":"Waltham St","streetName":"Asher Street","suburb":"Coogee","residentParkingSchemeZone":"CO3","availableSpace":"6","OBJECTID":78,"inspector":null,"inspectionDate":null,"zoneType":null,"SHAPE.STLength()":41.456262558425664}},{"type":"Feature","id":79,"geometry":{"type":"LineString","coordinates":[[151.22858982254346,-33.922848053545493],[151.2286095543293,-33.922969125460206],[151.2286285115951,-33.92308544668392],[151.2286336606941,-33.923117043778809],[151.22863670299122,-33.923134675078607],[151.22864039181971,-33.923155717943686],[151.22865017443624,-33.923211527582978],[151.2286020727984,-33.923217056588321],[151.22860689720588,-33.923242549646169],[151.22865454851868,-33.923237194507841],[151.22868068730571,-33.923379114829999],[151.22864502615192,-33.923382658665972],[151.22864750979309,-33.923417764851479],[151.22868629759353,-33.923418322926302],[151.22872548820092,-33.923640759775637],[151.2287235324541,-33.923653353284223],[151.22869774723046,-33.923653703688608],[151.22869445167987,-33.923692243506622],[151.22872040325214,-33.923696763987657],[151.22871774045547,-33.923709965916558],[151.22871676719811,-33.923714341581288],[151.22870604957751,-33.92376241601152],[151.22869523537483,-33.923810922787332],[151.22868917295477,-33.923838118590005],[151.22868356279508,-33.923863323546492],[151.22868276935907,-33.923867738769353],[151.22866229794633,-33.923981645012269]]},"properties":{"fromHouseNumber":"39-41","toHouseNumber":"Rainbow Street","streetName":"Harbourne Road","suburb":"Kingsford","residentParkingSchemeZone":"KF1","availableSpace":"9","OBJECTID":79,"inspector":null,"inspectionDate":null,"zoneType":null,"SHAPE.STLength()":146.75076051395672}},{"type":"Feature","id":80,"geometry":{"type":"LineString","coordinates":[[151.25577980953702,-33.923232837883141],[151.25610904510731,-33.923281463733979]]},"properties":{"fromHouseNumber":"20","toHouseNumber":"Arden Street","streetName":"Waltham Street","suburb":"Coogee","residentParkingSchemeZone":"CO3","availableSpace":"5","OBJECTID":80,"inspector":null,"inspectionDate":null,"zoneType":null,"SHAPE.STLength()":30.915318004025124}},{"type":"Feature","id":81,"geometry":{"type":"LineString","coordinates":[[151.25549932667411,-33.923250943937695],[151.25543883465585,-33.923241931388183],[151.25537859067219,-33.92323295659024]]},"properties":{"fromHouseNumber":"9-11","toHouseNumber":"Arden Street","streetName":"Waltham Street","suburb":"Coogee","residentParkingSchemeZone":"CO3","availableSpace":"2","OBJECTID":81,"inspector":null,"inspectionDate":null,"zoneType":null,"SHAPE.STLength()":11.340171267146813}},{"type":"Feature","id":82,"geometry":{"type":"LineString","coordinates":[[151.23084657658757,-33.922878330756738],[151.23069955527183,-33.922858255303488],[151.23055252970747,-33.922838179614537]]},"properties":{"fromHouseNumber":"30","toHouseNumber":"32","streetName":"Meeks Street","suburb":"Kingsford","residentParkingSchemeZone":"KF1","availableSpace":"4","OBJECTID":82,"inspector":null,"inspectionDate":null,"zoneType":null,"SHAPE.STLength()":27.550380626106531}},{"type":"Feature","id":83,"geometry":{"type":"LineString","coordinates":[[151.2550936109759,-33.923190499065726],[151.25521248123098,-33.92320820595755]]},"properties":{"fromHouseNumber":"1-3","toHouseNumber":"1-3","streetName":"Waltham Street","suburb":"Coogee","residentParkingSchemeZone":"CO3","availableSpace":"2","OBJECTID":83,"inspector":null,"inspectionDate":null,"zoneType":null,"SHAPE.STLength()":11.164888221563171}},{"type":"Feature","id":84,"geometry":{"type":"LineString","coordinates":[[151.25524837809678,-33.923154333189046],[151.25557898587468,-33.923203162949655]]},"properties":{"fromHouseNumber":"18","toHouseNumber":"20","streetName":"Waltham Street","suburb":"Coogee","residentParkingSchemeZone":"CO3","availableSpace":"6","OBJECTID":84,"inspector":null,"inspectionDate":null,"zoneType":null,"SHAPE.STLength()":31.044226417966996}},{"type":"Feature","id":85,"geometry":{"type":"LineString","coordinates":[[151.23116862911345,-33.922818738134161],[151.23117998372635,-33.922757149213361],[151.23118518712002,-33.922728924665506],[151.23118637772907,-33.922722975859429],[151.23118959896689,-33.922707123561644],[151.23119194103376,-33.922695602314135]]},"properties":{"fromHouseNumber":"52","toHouseNumber":"Meeks Street","streetName":"Willis Street","suburb":"Kingsford","residentParkingSchemeZone":"KF1","availableSpace":"2","OBJECTID":85,"inspector":null,"inspectionDate":null,"zoneType":null,"SHAPE.STLength()":13.826735323894757}},{"type":"Feature","id":86,"geometry":{"type":"LineString","coordinates":[[151.22915840447919,-33.922649207326643],[151.22932236427076,-33.922671110780669],[151.22948639211415,-33.922693023111819]]},"properties":{"fromHouseNumber":"20","toHouseNumber":"26","streetName":"Meeks Street","suburb":"Kingsford","residentParkingSchemeZone":"KF1","availableSpace":"5","OBJECTID":86,"inspector":null,"inspectionDate":null,"zoneType":null,"SHAPE.STLength()":30.713297141466313}},{"type":"Feature","id":87,"geometry":{"type":"LineString","coordinates":[[151.2568740324827,-33.923268712139816],[151.25689841663899,-33.923155492562586],[151.25692294364035,-33.923041629350749]]},"properties":{"fromHouseNumber":"Carr Street","toHouseNumber":"52-56 Carr St","streetName":"Kurrawa Avenue","suburb":"Coogee","residentParkingSchemeZone":"CO3","availableSpace":"9","OBJECTID":87,"inspector":null,"inspectionDate":null,"zoneType":null,"SHAPE.STLength()":25.589023516191133}},{"type":"Feature","id":88,"geometry":{"type":"LineString","coordinates":[[151.25705411423894,-33.923024814889828],[151.25702884450592,-33.923142278201865],[151.25700336955907,-33.923260731421031]]},"properties":{"fromHouseNumber":"Carr Street","toHouseNumber":"58-60 Carr St","streetName":"Kurrawa Avenue","suburb":"Coogee","residentParkingSchemeZone":"CO3","availableSpace":"4","OBJECTID":88,"inspector":null,"inspectionDate":null,"zoneType":null,"SHAPE.STLength()":26.583330786842144}},{"type":"Feature","id":89,"geometry":{"type":"LineString","coordinates":[[151.24488911842644,-33.922899193520237],[151.24484195859827,-33.922819738666114],[151.24479482185023,-33.922740322898441]]},"properties":{"fromHouseNumber":"27 Howard St","toHouseNumber":"27 Howard St","streetName":"Nelson Street","suburb":"Randwick","residentParkingSchemeZone":"SP1","availableSpace":null,"OBJECTID":89,"inspector":null,"inspectionDate":null,"zoneType":null,"SHAPE.STLength()":19.659812009536481}},{"type":"Feature","id":90,"geometry":{"type":"LineString","coordinates":[[151.22559810254313,-33.922387196328444],[151.22561304472296,-33.92247477847193],[151.22562798489753,-33.922562354271925]]},"properties":{"fromHouseNumber":"58","toHouseNumber":"56","streetName":"Houston Road","suburb":"Kingsford","residentParkingSchemeZone":"KF2","availableSpace":"7","OBJECTID":90,"inspector":null,"inspectionDate":null,"zoneType":null,"SHAPE.STLength()":19.622858748346598}},{"type":"Feature","id":91,"geometry":{"type":"LineString","coordinates":[[151.22544016921378,-33.922512892084129],[151.22542475587807,-33.922421906281116],[151.22540934821754,-33.9223309611356]]},"properties":{"fromHouseNumber":"85","toHouseNumber":"81","streetName":"Houston Road","suburb":"Kingsford","residentParkingSchemeZone":"KF2","availableSpace":"3","OBJECTID":91,"inspector":null,"inspectionDate":null,"zoneType":null,"SHAPE.STLength()":20.378823198185831}},{"type":"Feature","id":92,"geometry":{"type":"LineString","coordinates":[[151.25695109455634,-33.922795647813523],[151.25680956653807,-33.922775217743322],[151.25672240154989,-33.922762631476651],[151.25671446991473,-33.922761495686295],[151.25669192342798,-33.922758346755593],[151.25666741279809,-33.92275492202841]]},"properties":{"fromHouseNumber":"Opp 52-56","toHouseNumber":"Kurrawa Avenue","streetName":"Carr Street","suburb":"Coogee","residentParkingSchemeZone":"CO3","availableSpace":"10","OBJECTID":92,"inspector":null,"inspectionDate":null,"zoneType":null,"SHAPE.STLength()":26.615622669440206}},{"type":"Feature","id":93,"geometry":{"type":"LineString","coordinates":[[151.23508493653841,-33.92243919045579],[151.23503199575376,-33.922687156855169],[151.23500494088088,-33.922813878363804],[151.2349976393574,-33.922847914491683],[151.23499283516949,-33.922870166404593],[151.23498918871255,-33.922887054228198],[151.23497880554291,-33.922935137676234]]},"properties":{"fromHouseNumber":"155","toHouseNumber":"169","streetName":"Botany Street","suburb":"Randwick","residentParkingSchemeZone":"KF1","availableSpace":"6","OBJECTID":93,"inspector":null,"inspectionDate":null,"zoneType":null,"SHAPE.STLength()":55.875470927555021}},{"type":"Feature","id":94,"geometry":{"type":"LineString","coordinates":[[151.2562044578134,-33.922827357554013],[151.25577366391985,-33.922763650711012],[151.25534287718563,-33.922699944274548]]},"properties":{"fromHouseNumber":"42-44","toHouseNumber":"50","streetName":"Carr Street","suburb":"Coogee","residentParkingSchemeZone":"CO3","availableSpace":"13","OBJECTID":94,"inspector":null,"inspectionDate":null,"zoneType":null,"SHAPE.STLength()":80.906303916632822}},{"type":"Feature","id":95,"geometry":{"type":"LineString","coordinates":[[151.2349794735976,-33.922401424056233],[151.2348971724542,-33.922792994589805],[151.23485564371359,-33.922990579234458],[151.23485440472632,-33.922996473282154],[151.2348532424418,-33.923002005028103],[151.2348516015058,-33.923009817627346],[151.23484189078854,-33.923056603178757],[151.23482962650107,-33.923115694240465],[151.23482542995458,-33.92313591151288],[151.23482362832382,-33.923144591987231],[151.23481893573123,-33.923167198973651],[151.23481530847684,-33.923184674099019]]},"properties":{"fromHouseNumber":"86","toHouseNumber":"96","streetName":"Botany Street","suburb":"Kingsford","residentParkingSchemeZone":"KF1","availableSpace":"10","OBJECTID":95,"inspector":null,"inspectionDate":null,"zoneType":null,"SHAPE.STLength()":88.188783980764768}},{"type":"Feature","id":96,"geometry":{"type":"LineString","coordinates":[[151.24367515289069,-33.922796596329128],[151.24359475925255,-33.922643586102836],[151.24357290622936,-33.922601995279315],[151.24355788092669,-33.922573362509965],[151.24353374128438,-33.922527343965143],[151.24353260665362,-33.922525180729075],[151.24353184370332,-33.922523670246683],[151.24352868915892,-33.922517416745286],[151.24352376344936,-33.922507654544155],[151.24351506265944,-33.922490409930553]]},"properties":{"fromHouseNumber":"108","toHouseNumber":"114","streetName":"Perouse Road","suburb":"Randwick","residentParkingSchemeZone":"SP1","availableSpace":"6","OBJECTID":96,"inspector":null,"inspectionDate":null,"zoneType":null,"SHAPE.STLength()":37.046078052101635}},{"type":"Feature","id":97,"geometry":{"type":"LineString","coordinates":[[151.24482000010622,-33.922623224479963],[151.24477022281326,-33.922539919715668],[151.24472048017162,-33.922456670432233]]},"properties":{"fromHouseNumber":"4","toHouseNumber":"8","streetName":"Nelson Street","suburb":"Randwick","residentParkingSchemeZone":"SP1","availableSpace":null,"OBJECTID":97,"inspector":null,"inspectionDate":null,"zoneType":null,"SHAPE.STLength()":20.637884390444054}},{"type":"Feature","id":98,"geometry":{"type":"LineString","coordinates":[[151.25495097638188,-33.922641989682731],[151.25463947388911,-33.922595914331197]]},"properties":{"fromHouseNumber":"28","toHouseNumber":"32","streetName":"Carr Street","suburb":"Coogee","residentParkingSchemeZone":"CO3","availableSpace":"6","OBJECTID":98,"inspector":null,"inspectionDate":null,"zoneType":null,"SHAPE.STLength()":29.2517280373314}},{"type":"Feature","id":99,"geometry":{"type":"LineString","coordinates":[[151.25530106697042,-33.922584281070776],[151.25547397350263,-33.922609782546068]]},"properties":{"fromHouseNumber":"65","toHouseNumber":"69","streetName":"Carr Street","suburb":"Coogee","residentParkingSchemeZone":"CO3","availableSpace":"2","OBJECTID":99,"inspector":null,"inspectionDate":null,"zoneType":null,"SHAPE.STLength()":16.235410438298135}},{"type":"Feature","id":100,"geometry":{"type":"LineString","coordinates":[[151.25478976378412,-33.922505829760652],[151.25495611811783,-33.922531918092183]]},"properties":{"fromHouseNumber":"57","toHouseNumber":"61","streetName":"Carr Street","suburb":"Coogee","residentParkingSchemeZone":"CO3","availableSpace":"2","OBJECTID":100,"inspector":null,"inspectionDate":null,"zoneType":null,"SHAPE.STLength()":15.651126459459716}},{"type":"Feature","id":101,"geometry":{"type":"LineString","coordinates":[[151.24412131179315,-33.922417830656144],[151.24424365907913,-33.922367919206138],[151.24436612951263,-33.92231795618487]]},"properties":{"fromHouseNumber":"15","toHouseNumber":"17","streetName":"Ivy Street","suburb":"Randwick","residentParkingSchemeZone":"SP1","availableSpace":"4","OBJECTID":101,"inspector":null,"inspectionDate":null,"zoneType":null,"SHAPE.STLength()":25.201364420862479}},{"type":"Feature","id":102,"geometry":{"type":"LineString","coordinates":[[151.23282216888981,-33.922096308452652],[151.23278911755395,-33.922258528738489],[151.23276125999882,-33.922395261027951],[151.23276043601697,-33.922399333182192],[151.23275900264602,-33.922406724010855],[151.23275627500701,-33.922420793486502]]},"properties":{"fromHouseNumber":"42","toHouseNumber":"44","streetName":"Kennedy Street","suburb":"Kingsford","residentParkingSchemeZone":"KF1","availableSpace":"7","OBJECTID":102,"inspector":null,"inspectionDate":null,"zoneType":null,"SHAPE.STLength()":36.501788709204746}},{"type":"Feature","id":103,"geometry":{"type":"LineString","coordinates":[[151.23679253242526,-33.922174015962362],[151.23676096429173,-33.922168782820734],[151.23673505350533,-33.922164487350145],[151.23654581937538,-33.92213747686241],[151.23629886807922,-33.92210227384524]]},"properties":{"fromHouseNumber":"84","toHouseNumber":"90","streetName":"Middle Street","suburb":"Randwick","residentParkingSchemeZone":"RA5","availableSpace":"8","OBJECTID":103,"inspector":null,"inspectionDate":null,"zoneType":null,"SHAPE.STLength()":46.33543578060641}},{"type":"Feature","id":104,"geometry":{"type":"LineString","coordinates":[[151.23135330505272,-33.922347727101076],[151.23138382815836,-33.922195703878891],[151.23141434152183,-33.922043570491589]]},"properties":{"fromHouseNumber":"51","toHouseNumber":"53","streetName":"Willis Street","suburb":"Kingsford","residentParkingSchemeZone":"KF1","availableSpace":"4","OBJECTID":104,"inspector":null,"inspectionDate":null,"zoneType":null,"SHAPE.STLength()":34.203775383149171}},{"type":"Feature","id":105,"geometry":{"type":"LineString","coordinates":[[151.2312190796612,-33.922562064887053],[151.23127523740416,-33.922285741720131],[151.23133138391282,-33.92200947155127]]},"properties":{"fromHouseNumber":"44","toHouseNumber":"Meeks Street","streetName":"Willis Street","suburb":"Kingsford","residentParkingSchemeZone":"KF1","availableSpace":"11","OBJECTID":105,"inspector":null,"inspectionDate":null,"zoneType":"1P 8am - 6pm Mon-Fri Permit Holders Excepted","SHAPE.STLength()":62.16328977604082}},{"type":"Feature","id":106,"geometry":{"type":"LineString","coordinates":[[151.23293011699974,-33.92202692787712],[151.23290148745824,-33.92217444837096],[151.23287286015554,-33.922321959867979]]},"properties":{"fromHouseNumber":"17","toHouseNumber":"21","streetName":"Kennedy Street","suburb":"Kingsford","residentParkingSchemeZone":"KF1","availableSpace":"4","OBJECTID":106,"inspector":null,"inspectionDate":null,"zoneType":null,"SHAPE.STLength()":33.148401238114843}},{"type":"Feature","id":107,"geometry":{"type":"LineString","coordinates":[[151.23612440324132,-33.922138239974188],[151.23610399740434,-33.922135507506439],[151.23608049351694,-33.92213236093464],[151.23605697991775,-33.922129213317461],[151.23603203165899,-33.922125872907841],[151.23602434156857,-33.92212484385167],[151.23583149889268,-33.922094914834787],[151.23553896873031,-33.922049510442278]]},"properties":{"fromHouseNumber":"Botany Street","toHouseNumber":"117","streetName":"Middle Street","suburb":"Randwick","residentParkingSchemeZone":"RA5","availableSpace":"7","OBJECTID":107,"inspector":null,"inspectionDate":null,"zoneType":null,"SHAPE.STLength()":55.020382908918513}},{"type":"Feature","id":108,"geometry":{"type":"LineString","coordinates":[[151.24475858422912,-33.922079903854183],[151.24450412928192,-33.922183812273005],[151.24438488763849,-33.922232577976779],[151.24437579768838,-33.922236295188107],[151.24436976171384,-33.922238834087494],[151.24434227116674,-33.922250566897993],[151.24430840119987,-33.922265023066714],[151.24429228574712,-33.922271900784949],[151.24427741648034,-33.922278247111429],[151.24426563651753,-33.922283274959447],[151.24425078145265,-33.922289614271243]]},"properties":{"fromHouseNumber":"6","toHouseNumber":"18","streetName":"Ivy Street","suburb":"Randwick","residentParkingSchemeZone":"SP1","availableSpace":"12","OBJECTID":108,"inspector":null,"inspectionDate":null,"zoneType":null,"SHAPE.STLength()":52.399338661487164}},{"type":"Feature","id":109,"geometry":{"type":"LineString","coordinates":[[151.24465542460848,-33.922198829239612],[151.24480420240837,-33.922134565893032],[151.24495301818985,-33.922070285770339]]},"properties":{"fromHouseNumber":"3","toHouseNumber":"9","streetName":"Ivy Street","suburb":"Randwick","residentParkingSchemeZone":"SP1","availableSpace":"4","OBJECTID":109,"inspector":null,"inspectionDate":null,"zoneType":null,"SHAPE.STLength()":30.990329703636199}},{"type":"Feature","id":110,"geometry":{"type":"LineString","coordinates":[[151.22533662007137,-33.921903859152593],[151.22532610061876,-33.92182923920268],[151.22531949545476,-33.921782378000408],[151.2253160788882,-33.921767650243062],[151.22531416264786,-33.92175938703808],[151.22531317670882,-33.921755136455886]]},"properties":{"fromHouseNumber":"77","toHouseNumber":"73","streetName":"Houston Road","suburb":"Kingsford","residentParkingSchemeZone":"KF2","availableSpace":"2","OBJECTID":110,"inspector":null,"inspectionDate":null,"zoneType":null,"SHAPE.STLength()":16.644027653057933}},{"type":"Feature","id":111,"geometry":{"type":"LineString","coordinates":[[151.24340710183051,-33.922004094734064],[151.24353269106169,-33.922247656304336],[151.24365828620415,-33.922491226851839]]},"properties":{"fromHouseNumber":"113","toHouseNumber":"123","streetName":"Perouse Road","suburb":"Randwick","residentParkingSchemeZone":"SP1","availableSpace":"7","OBJECTID":111,"inspector":null,"inspectionDate":null,"zoneType":null,"SHAPE.STLength()":58.809404619091794}},{"type":"Feature","id":112,"geometry":{"type":"LineString","coordinates":[[151.24301550761817,-33.921920004843891],[151.24295604779965,-33.921917416819241],[151.24280475730876,-33.921896043266763],[151.24259333452608,-33.921866173435475]]},"properties":{"fromHouseNumber":"234","toHouseNumber":"242","streetName":"Barker Street","suburb":"Randwick","residentParkingSchemeZone":"SP1","availableSpace":"6","OBJECTID":112,"inspector":null,"inspectionDate":null,"zoneType":null,"SHAPE.STLength()":39.5207846118996}},{"type":"Feature","id":113,"geometry":{"type":"LineString","coordinates":[[151.24288930990224,-33.921800292896407],[151.24296985462789,-33.921812476121076]]},"properties":{"fromHouseNumber":"217-219","toHouseNumber":"Perouse Road","streetName":"Barker Street","suburb":"Randwick","residentParkingSchemeZone":"SP1","availableSpace":"1","OBJECTID":113,"inspector":null,"inspectionDate":null,"zoneType":null,"SHAPE.STLength()":7.5689585360206593}},{"type":"Feature","id":114,"geometry":{"type":"LineString","coordinates":[[151.23316405261477,-33.921643189772176],[151.2337479827481,-33.921725510188416],[151.23433191627282,-33.921807828801413]]},"properties":{"fromHouseNumber":"46","toHouseNumber":"58-60","streetName":"Middle Street","suburb":"Kingsford","residentParkingSchemeZone":"KF1","availableSpace":"13","OBJECTID":114,"inspector":null,"inspectionDate":null,"zoneType":null,"SHAPE.STLength()":109.51708340188188}},{"type":"Feature","id":115,"geometry":{"type":"LineString","coordinates":[[151.24263690935854,-33.921762138326066],[151.24277167451675,-33.921782523262031]]},"properties":{"fromHouseNumber":"217-219","toHouseNumber":"Perouse Road","streetName":"Barker Street","suburb":"Randwick","residentParkingSchemeZone":"SP1","availableSpace":"2","OBJECTID":115,"inspector":null,"inspectionDate":null,"zoneType":null,"SHAPE.STLength()":12.664179525338387}},{"type":"Feature","id":116,"geometry":{"type":"LineString","coordinates":[[151.24242350338642,-33.921729835856219],[151.24248137143215,-33.921738608104569],[151.2425391834083,-33.921747372311572]]},"properties":{"fromHouseNumber":"225","toHouseNumber":"227","streetName":"Barker Street","suburb":"Randwick","residentParkingSchemeZone":"SP1","availableSpace":"2","OBJECTID":116,"inspector":null,"inspectionDate":null,"zoneType":null,"SHAPE.STLength()":10.871473101784664}},{"type":"Feature","id":117,"geometry":{"type":"LineString","coordinates":[[151.23141827442475,-33.921581916181331],[151.23140085031784,-33.921667657628589],[151.2313834419441,-33.921753316337572]]},"properties":{"fromHouseNumber":"38","toHouseNumber":"53","streetName":"Willis Street","suburb":"Kingsford","residentParkingSchemeZone":"KF1","availableSpace":"3","OBJECTID":117,"inspector":null,"inspectionDate":null,"zoneType":null,"SHAPE.STLength()":19.281423898120558}},{"type":"Feature","id":118,"geometry":{"type":"LineString","coordinates":[[151.24213964766278,-33.921686911877408],[151.24226621654927,-33.921706040534126],[151.24235798777116,-33.921719911086534],[151.2423743891533,-33.921722390574182],[151.24239277990608,-33.92172517800001]]},"properties":{"fromHouseNumber":"215","toHouseNumber":"223","streetName":"Barker Street","suburb":"Randwick","residentParkingSchemeZone":"SP1","availableSpace":"4","OBJECTID":118,"inspector":null,"inspectionDate":null,"zoneType":null,"SHAPE.STLength()":23.786955913210754}},{"type":"Feature","id":119,"geometry":{"type":"LineString","coordinates":[[151.23235751391246,-33.921531929615178],[151.23258018471122,-33.92156299379959],[151.23280169503954,-33.921593901156513]]},"properties":{"fromHouseNumber":"42","toHouseNumber":"44A","streetName":"Middle Street","suburb":"Kingsford","residentParkingSchemeZone":"KF1","availableSpace":"6","OBJECTID":119,"inspector":null,"inspectionDate":null,"zoneType":"1P 8am - 6pm Mon-Fri Permit Holders Excepted","SHAPE.STLength()":41.641535360887609}},{"type":"Feature","id":120,"geometry":{"type":"LineString","coordinates":[[151.2252769253501,-33.921555150115715],[151.22526020102865,-33.921466369075972],[151.22524347673783,-33.921377588033877]]},"properties":{"fromHouseNumber":"71","toHouseNumber":"69","streetName":"Houston Road","suburb":"Kingsford","residentParkingSchemeZone":"KF2","availableSpace":"3","OBJECTID":120,"inspector":null,"inspectionDate":null,"zoneType":null,"SHAPE.STLength()":19.935381852374938}},{"type":"Feature","id":121,"geometry":{"type":"LineString","coordinates":[[151.23204793514259,-33.921492284107835],[151.23217314198914,-33.921509350285284]]},"properties":{"fromHouseNumber":"40","toHouseNumber":"Willis Street","streetName":"Middle Street","suburb":"Kingsford","residentParkingSchemeZone":"KF1","availableSpace":"7","OBJECTID":121,"inspector":null,"inspectionDate":null,"zoneType":null,"SHAPE.STLength()":11.730740328299831}},{"type":"Feature","id":122,"geometry":{"type":"LineString","coordinates":[[151.24216411592428,-33.921801707643773],[151.24159711163176,-33.921716404472079],[151.24103011034046,-33.921631118586355]]},"properties":{"fromHouseNumber":"208","toHouseNumber":"230","streetName":"Barker Street","suburb":"Randwick","residentParkingSchemeZone":"SP1","availableSpace":"12","OBJECTID":122,"inspector":null,"inspectionDate":null,"zoneType":null,"SHAPE.STLength()":106.54648455193853}},{"type":"Feature","id":123,"geometry":{"type":"LineString","coordinates":[[151.2313251922497,-33.921473694838667],[151.23131621422996,-33.921472550501598],[151.2313079903231,-33.921471501761054],[151.23129800468882,-33.921470228426202],[151.23128725741012,-33.921468857581566],[151.23127777881874,-33.921467649240753],[151.23123001051937,-33.921460927631657],[151.23113492910144,-33.921447547707643]]},"properties":{"fromHouseNumber":"51-53","toHouseNumber":"51-53","streetName":"Middle Street","suburb":"Kingsford","residentParkingSchemeZone":"KF1","availableSpace":"3","OBJECTID":123,"inspector":null,"inspectionDate":null,"zoneType":null,"SHAPE.STLength()":17.830171041593985}},{"type":"Feature","id":124,"geometry":{"type":"LineString","coordinates":[[151.23165569093129,-33.92143887664686],[151.23180253106005,-33.921458873475949],[151.23194937234655,-33.921478870147496]]},"properties":{"fromHouseNumber":"40","toHouseNumber":"Willis Street","streetName":"Middle Street","suburb":"Kingsford","residentParkingSchemeZone":"KF1","availableSpace":"7","OBJECTID":124,"inspector":null,"inspectionDate":null,"zoneType":null,"SHAPE.STLength()":27.514636780633829}},{"type":"Feature","id":125,"geometry":{"type":"LineString","coordinates":[[151.23625444095248,-33.92205044555368],[151.23631137394975,-33.921771073980082],[151.23636830405599,-33.921491717650305]]},"properties":{"fromHouseNumber":"Opp 6","toHouseNumber":"Middle Street","streetName":"Jane Street","suburb":"Randwick","residentParkingSchemeZone":"RA5","availableSpace":"7","OBJECTID":125,"inspector":null,"inspectionDate":null,"zoneType":null,"SHAPE.STLength()":62.858105243901399}},{"type":"Feature","id":126,"geometry":{"type":"LineString","coordinates":[[151.22977873398361,-33.922586384205509],[151.22979463793976,-33.92250733823353],[151.2298034223719,-33.92246367966348],[151.22982195460409,-33.922371571000376],[151.22989920474757,-33.921987453931074],[151.23001969662528,-33.92138851023374]]},"properties":{"fromHouseNumber":"Middle Street","toHouseNumber":"Meeks Street","streetName":"Forsyth Street","suburb":"Kingsford","residentParkingSchemeZone":"KF1","availableSpace":"14","OBJECTID":126,"inspector":null,"inspectionDate":null,"zoneType":null,"SHAPE.STLength()":134.71523900037579}},{"type":"Feature","id":128,"geometry":{"type":"LineString","coordinates":[[151.22848640242373,-33.922501678941302],[151.22848407840203,-33.922488175315266],[151.22848197347898,-33.922475844398001],[151.22847473841225,-33.922433460428834],[151.22838069056772,-33.921882526605458],[151.2282750091608,-33.921263430495252]]},"properties":{"fromHouseNumber":"37","toHouseNumber":"Middle Street","streetName":"Harbourne Road","suburb":"Kingsford","residentParkingSchemeZone":"KF1","availableSpace":null,"OBJECTID":128,"inspector":null,"inspectionDate":null,"zoneType":"2P 8am - 8pm Permit Holders Excepted","SHAPE.STLength()":138.72212280009197}},{"type":"Feature","id":129,"geometry":{"type":"LineString","coordinates":[[151.24472824937587,-33.921407633434214],[151.24441787179637,-33.921361919014302]]},"properties":{"fromHouseNumber":"20","toHouseNumber":"26","streetName":"Stewart Street","suburb":"Randwick","residentParkingSchemeZone":"SP1","availableSpace":"5","OBJECTID":129,"inspector":null,"inspectionDate":null,"zoneType":null,"SHAPE.STLength()":29.142848423755698}},{"type":"Feature","id":130,"geometry":{"type":"LineString","coordinates":[[151.24406651681582,-33.921310179178207],[151.2438092539702,-33.921272285913496]]},"properties":{"fromHouseNumber":"6","toHouseNumber":"12","streetName":"Stewart Street","suburb":"Randwick","residentParkingSchemeZone":"SP1","availableSpace":"5","OBJECTID":130,"inspector":null,"inspectionDate":null,"zoneType":null,"SHAPE.STLength()":24.155718258416577}},{"type":"Feature","id":131,"geometry":{"type":"LineString","coordinates":[[151.24299712165555,-33.921387536841351],[151.24296382807981,-33.921301080569563],[151.24293053449375,-33.921214627895736]]},"properties":{"fromHouseNumber":"84","toHouseNumber":"86","streetName":"Perouse Road","suburb":"Randwick","residentParkingSchemeZone":"SP1","availableSpace":"3","OBJECTID":131,"inspector":null,"inspectionDate":null,"zoneType":null,"SHAPE.STLength()":20.14185924428482}},{"type":"Feature","id":132,"geometry":{"type":"LineString","coordinates":[[151.23537160124596,-33.921102570490582],[151.23529187477351,-33.921473938743894],[151.23521215579481,-33.921845273656153]]},"properties":{"fromHouseNumber":"131","toHouseNumber":"147","streetName":"Botany Street","suburb":"Randwick","residentParkingSchemeZone":"RA5","availableSpace":"9","OBJECTID":132,"inspector":null,"inspectionDate":null,"zoneType":null,"SHAPE.STLength()":83.68429613225166}},{"type":"Feature","id":133,"geometry":{"type":"LineString","coordinates":[[151.24412169894077,-33.921206680562101],[151.24428523051583,-33.921231554476364],[151.24444871474532,-33.921256421187479]]},"properties":{"fromHouseNumber":"11","toHouseNumber":"19","streetName":"Stewart Street","suburb":"Randwick","residentParkingSchemeZone":"SP1","availableSpace":"5","OBJECTID":133,"inspector":null,"inspectionDate":null,"zoneType":null,"SHAPE.STLength()":30.736034218009024}},{"type":"Feature","id":134,"geometry":{"type":"LineString","coordinates":[[151.24290997976442,-33.921161256187268],[151.2428961657196,-33.921125387010257],[151.24288235175979,-33.921089514225969]]},"properties":{"fromHouseNumber":"74","toHouseNumber":"82","streetName":"Perouse Road","suburb":"Randwick","residentParkingSchemeZone":"SP1","availableSpace":"1","OBJECTID":134,"inspector":null,"inspectionDate":null,"zoneType":null,"SHAPE.STLength()":8.3571024294657423}},{"type":"Feature","id":135,"geometry":{"type":"LineString","coordinates":[[151.24301357463023,-33.921067489878574],[151.24301607593236,-33.921074367093816],[151.24301896319153,-33.921082307560752],[151.24302162213763,-33.92108961986191],[151.24302404254919,-33.921096274995769],[151.2430259090473,-33.921101407297556],[151.24302757899534,-33.921105997552445],[151.24302906972108,-33.921110097407023],[151.2430304048369,-33.921113768516783],[151.24303252113629,-33.921119588805823],[151.24303393818846,-33.921123483815201],[151.24303550978806,-33.921127806652471],[151.24303694623859,-33.921131757846702],[151.24303862846051,-33.921136382542819],[151.24304092392802,-33.921142695936368],[151.24304267062908,-33.92114749919584],[151.24304431088552,-33.921152007869971],[151.24304619374357,-33.921157186393785],[151.24304840736849,-33.921163271380188],[151.24305076224246,-33.921169747033218],[151.2430529563774,-33.921175780342075],[151.24305535836581,-33.921182384714811],[151.2430574715909,-33.921188196843843],[151.24305905346947,-33.921192545978045],[151.24306070290442,-33.921197081835217],[151.24306221717157,-33.921201246950801],[151.24306433351202,-33.921207065436363],[151.2430665524906,-33.921213153204086],[151.24313117596864,-33.921377931903898],[151.24318871163689,-33.921524632294862],[151.24319127104445,-33.921531156852666],[151.24319175412873,-33.921532389213915],[151.24319270060209,-33.921535180987831],[151.24319623985548,-33.92154561144752],[151.24319973937983,-33.921555922310176],[151.24320339080992,-33.921566684408042],[151.24320701165101,-33.921577355895089],[151.24321051212959,-33.921587673083266],[151.24321442670905,-33.921599210827253],[151.24321803531674,-33.921609846069686],[151.24322132062437,-33.921619527164069],[151.24322372160748,-33.921626603130449],[151.24322716294324,-33.921636745437915],[151.24322996683611,-33.921645007534131],[151.24323249223175,-33.921652451382975],[151.24323574894873,-33.921662050010461],[151.24323914337646,-33.921672053681704],[151.24324497451045,-33.921689237528881]]},"properties":{"fromHouseNumber":"75","toHouseNumber":"99","streetName":"Perouse Road","suburb":"Randwick","residentParkingSchemeZone":"SP1","availableSpace":"13","OBJECTID":135,"inspector":null,"inspectionDate":null,"zoneType":null,"SHAPE.STLength()":72.213011483232719}},{"type":"Feature","id":136,"geometry":{"type":"LineString","coordinates":[[151.23531064945118,-33.920870482348938],[151.23529368035378,-33.9209496734887],[151.23527672540635,-33.921028806214288]]},"properties":{"fromHouseNumber":"62","toHouseNumber":"68","streetName":"Botany Street","suburb":"Kingsford","residentParkingSchemeZone":"KF1","availableSpace":"2","OBJECTID":136,"inspector":null,"inspectionDate":null,"zoneType":null,"SHAPE.STLength()":17.838126460844581}},{"type":"Feature","id":137,"geometry":{"type":"LineString","coordinates":[[151.24150538914918,-33.921043750135397],[151.24151431819672,-33.921001545384613],[151.2415232854319,-33.920959166240223]]},"properties":{"fromHouseNumber":"St Pauls Street","toHouseNumber":"12","streetName":"Dine Street","suburb":"Randwick","residentParkingSchemeZone":"SP1","availableSpace":"11","OBJECTID":137,"inspector":null,"inspectionDate":null,"zoneType":null,"SHAPE.STLength()":9.5262494725888853}},{"type":"Feature","id":138,"geometry":{"type":"LineString","coordinates":[[151.23160014981059,-33.921112165602125],[151.23163010938973,-33.920962187444239],[151.2316601206781,-33.920811952118896]]},"properties":{"fromHouseNumber":"35","toHouseNumber":"41","streetName":"Willis Street","suburb":"Kingsford","residentParkingSchemeZone":"KF1","availableSpace":"4","OBJECTID":138,"inspector":null,"inspectionDate":null,"zoneType":null,"SHAPE.STLength()":33.756181030023789}},{"type":"Feature","id":139,"geometry":{"type":"LineString","coordinates":[[151.23294796862851,-33.921472340486339],[151.2329519821312,-33.921445761578163],[151.23295522627129,-33.921424277282078],[151.23295575256142,-33.921420791492977],[151.23301863641399,-33.92111239701984],[151.23305823058013,-33.920918290300357],[151.23309213384982,-33.920752210946155]]},"properties":{"fromHouseNumber":"24","toHouseNumber":"38","streetName":"Kennedy Street","suburb":"Kingsford","residentParkingSchemeZone":"KF1","availableSpace":"7","OBJECTID":139,"inspector":null,"inspectionDate":null,"zoneType":null,"SHAPE.STLength()":80.981483033554483}},{"type":"Feature","id":140,"geometry":{"type":"LineString","coordinates":[[151.22518345279605,-33.920986064126886],[151.22517941437468,-33.920963094522236],[151.22517588099049,-33.920942997924882],[151.22517302671551,-33.920926768757326],[151.22516961419691,-33.920907363732553],[151.22516449405194,-33.920878244002019],[151.22516038783661,-33.920854892885323],[151.22515518932721,-33.920825327467135],[151.22515223512852,-33.920808179789759],[151.22515096855238,-33.920800720379425],[151.22511945902431,-33.920615219342032]]},"properties":{"fromHouseNumber":"53","toHouseNumber":"59","streetName":"Houston Road","suburb":"Kingsford","residentParkingSchemeZone":"KF2","availableSpace":"6","OBJECTID":140,"inspector":null,"inspectionDate":null,"zoneType":"2P 8am - 8pm Permit Holders Excepted","SHAPE.STLength()":41.555205508618641}},{"type":"Feature","id":141,"geometry":{"type":"LineString","coordinates":[[151.24153326920967,-33.920912007952552],[151.24156258299419,-33.920773498823237],[151.24159191692789,-33.920634898894221]]},"properties":{"fromHouseNumber":"St Pauls Street","toHouseNumber":"12","streetName":"Dine Street","suburb":"Randwick","residentParkingSchemeZone":"SP1","availableSpace":"11","OBJECTID":141,"inspector":null,"inspectionDate":null,"zoneType":null,"SHAPE.STLength()":31.20964182987311}},{"type":"Feature","id":142,"geometry":{"type":"LineString","coordinates":[[151.2345298187486,-33.920575197164439],[151.23402758079038,-33.920505592847327],[151.23352551632706,-33.920436009722273]]},"properties":{"fromHouseNumber":"102","toHouseNumber":"116","streetName":"Baker Street","suburb":"Kingsford","residentParkingSchemeZone":"KF1","availableSpace":"18","OBJECTID":142,"inspector":null,"inspectionDate":null,"zoneType":null,"SHAPE.STLength()":94.136428798079663}},{"type":"Feature","id":143,"geometry":{"type":"LineString","coordinates":[[151.23647052188696,-33.920708552503939],[151.23649785292295,-33.920583034757357],[151.23652518500771,-33.92045751431079]]},"properties":{"fromHouseNumber":"Hay Street","toHouseNumber":"Barker Street","streetName":"Maud Street","suburb":"Randwick","residentParkingSchemeZone":"RA5","availableSpace":"7","OBJECTID":143,"inspector":null,"inspectionDate":null,"zoneType":null,"SHAPE.STLength()":28.298417469931394}},{"type":"Feature","id":144,"geometry":{"type":"LineString","coordinates":[[151.22812178916362,-33.920351551359417],[151.22812776532101,-33.920391249892155],[151.22813318607047,-33.920427264940045],[151.22813858605849,-33.92046313360693],[151.22814587628019,-33.920511354455641],[151.22817624751471,-33.92068763169101],[151.22823428272235,-33.921024471329368]]},"properties":{"fromHouseNumber":"15","toHouseNumber":"Harbourne Lane","streetName":"Harbourne Road","suburb":"Kingsford","residentParkingSchemeZone":"KF1","availableSpace":null,"OBJECTID":144,"inspector":null,"inspectionDate":null,"zoneType":null,"SHAPE.STLength()":75.359203003578799}},{"type":"Feature","id":145,"geometry":{"type":"LineString","coordinates":[[151.23572434251511,-33.920463006254344],[151.23573466479624,-33.920417575664999]]},"properties":{"fromHouseNumber":"115","toHouseNumber":"127","streetName":"Botany Street","suburb":"Randwick","residentParkingSchemeZone":"RA5","availableSpace":"5","OBJECTID":145,"inspector":null,"inspectionDate":null,"zoneType":null,"SHAPE.STLength()":5.1284377289775094}},{"type":"Feature","id":146,"geometry":{"type":"LineString","coordinates":[[151.24048051566155,-33.920749338477563],[151.24051442698334,-33.920589739558871],[151.24051660035823,-33.920579571916463],[151.24051992025164,-33.920563883061178],[151.24052558345369,-33.920537231851597],[151.24055290087998,-33.920408665013419]]},"properties":{"fromHouseNumber":"2 St Pauls","toHouseNumber":"253","streetName":"Avoca Street","suburb":"Randwick","residentParkingSchemeZone":"SP1","availableSpace":"7","OBJECTID":146,"inspector":null,"inspectionDate":null,"zoneType":null,"SHAPE.STLength()":38.373236054144179}},{"type":"Feature","id":147,"geometry":{"type":"LineString","coordinates":[[151.23162037332602,-33.920552643956007],[151.2316495488289,-33.920407723197876],[151.23167872657095,-33.920262793442802]]},"properties":{"fromHouseNumber":"26","toHouseNumber":"Barker Street","streetName":"Willis Street","suburb":"Kingsford","residentParkingSchemeZone":"KF1","availableSpace":"6","OBJECTID":147,"inspector":null,"inspectionDate":null,"zoneType":null,"SHAPE.STLength()":32.597864438678009}},{"type":"Feature","id":148,"geometry":{"type":"LineString","coordinates":[[151.24499664103996,-33.920604760498328],[151.24497620276927,-33.920601554724293],[151.24495545828503,-33.920598301298192],[151.24493746105168,-33.92059547838732],[151.24491929561015,-33.920592629630676],[151.24490838104251,-33.92059091763241],[151.24490513777903,-33.92059041150975],[151.24490085120075,-33.920589775992845],[151.24450078898886,-33.920530473615926],[151.24400481344557,-33.920456925121606]]},"properties":{"fromHouseNumber":"52","toHouseNumber":"76-78","streetName":"St Pauls Street","suburb":"Randwick","residentParkingSchemeZone":"SP1","availableSpace":"18","OBJECTID":148,"inspector":null,"inspectionDate":null,"zoneType":null,"SHAPE.STLength()":93.162782454391547}},{"type":"Feature","id":149,"geometry":{"type":"LineString","coordinates":[[151.24529717053619,-33.920533818865621],[151.24523011279049,-33.9205265419127],[151.24511700184394,-33.920514217921614],[151.24500231675376,-33.920496743176805],[151.24470843142811,-33.920451964379474]]},"properties":{"fromHouseNumber":"65","toHouseNumber":"71","streetName":"St Pauls Street","suburb":"Randwick","residentParkingSchemeZone":"SP1","availableSpace":"8","OBJECTID":149,"inspector":null,"inspectionDate":null,"zoneType":null,"SHAPE.STLength()":55.204101492148183}},{"type":"Feature","id":150,"geometry":{"type":"LineString","coordinates":[[151.23173895274792,-33.920417329440113],[151.23175287168894,-33.920347654383733],[151.23175610969153,-33.920331451525918],[151.23175817023031,-33.920320983959314],[151.23176026719088,-33.920310062438524],[151.23176099453221,-33.920306271147034],[151.23176164294284,-33.920302897129453],[151.23176236778608,-33.92029912203337],[151.23176305271639,-33.920295551059127],[151.2317646745438,-33.920287103402252],[151.23176566121529,-33.920281964126296],[151.23176642720136,-33.920277977712068]]},"properties":{"fromHouseNumber":"Barker Street","toHouseNumber":"29","streetName":"Willis Street","suburb":"Kingsford","residentParkingSchemeZone":"KF1","availableSpace":"2","OBJECTID":150,"inspector":null,"inspectionDate":null,"zoneType":null,"SHAPE.STLength()":15.66338379510047}},{"type":"Feature","id":151,"geometry":{"type":"LineString","coordinates":[[151.23574213597803,-33.920384465286574],[151.23575548464098,-33.92032571335605]]},"properties":{"fromHouseNumber":"115","toHouseNumber":"127","streetName":"Botany Street","suburb":"Randwick","residentParkingSchemeZone":"RA5","availableSpace":"5","OBJECTID":151,"inspector":null,"inspectionDate":null,"zoneType":null,"SHAPE.STLength()":6.6322129014379501}},{"type":"Feature","id":152,"geometry":{"type":"LineString","coordinates":[[151.24475023179588,-33.919497349504418],[151.24476402465626,-33.919494571290052],[151.24477732084736,-33.919495862773331],[151.24481148906827,-33.919500609710099],[151.24485449202388,-33.919506631402186],[151.24488565140305,-33.919510994566942],[151.24492375562772,-33.919515958993486],[151.24505516035524,-33.919533077863754],[151.24529663102865,-33.919564526766095],[151.24548299908665,-33.919588812845682],[151.24549860784947,-33.919591266188881],[151.24550978918538,-33.919597159710158],[151.24551754477156,-33.919606015333031],[151.24552024041964,-33.919614394869761],[151.24552223490721,-33.919620096157082],[151.24557797160708,-33.919771123498968],[151.24559108300585,-33.91980649003353],[151.24560344696221,-33.919837742985173],[151.2456543488276,-33.919966405801659],[151.2456902942638,-33.920057264524424],[151.24572065428157,-33.920133921454827],[151.24575362111332,-33.920217333506187],[151.24582091358673,-33.920387425922932],[151.24587142940814,-33.920515111071268]]},"properties":{"fromHouseNumber":"2-4","toHouseNumber":"26","streetName":"Daintrey Crescent","suburb":"Randwick","residentParkingSchemeZone":"SP1","availableSpace":"19","OBJECTID":152,"inspector":null,"inspectionDate":null,"zoneType":"3P 8:30AM-6PM PERMIT HOLDER EXCEPTED","SHAPE.STLength()":178.52981521761623}},{"type":"Feature","id":153,"geometry":{"type":"LineString","coordinates":[[151.24437095084508,-33.92040350993863],[151.24440373999067,-33.920408218392204],[151.24443650109924,-33.920412922830323]]},"properties":{"fromHouseNumber":"63","toHouseNumber":"63","streetName":"St Pauls Street","suburb":"Randwick","residentParkingSchemeZone":"SP1","availableSpace":"1","OBJECTID":153,"inspector":null,"inspectionDate":null,"zoneType":null,"SHAPE.STLength()":6.1502894273363014}},{"type":"Feature","id":154,"geometry":{"type":"LineString","coordinates":[[151.24404773432849,-33.920337934638013],[151.24405804384745,-33.9203395055264],[151.24409471111483,-33.920345089957912],[151.2441188184454,-33.920348762103856],[151.24412455933521,-33.920349633003362],[151.24413185561176,-33.920350664051554],[151.24418069492708,-33.920357560950762],[151.2443136859192,-33.920376341719503]]},"properties":{"fromHouseNumber":"57-63","toHouseNumber":"57-63","streetName":"St Pauls Street","suburb":"Randwick","residentParkingSchemeZone":"SP1","availableSpace":"8","OBJECTID":154,"inspector":null,"inspectionDate":null,"zoneType":null,"SHAPE.STLength()":24.957593846964226}},{"type":"Feature","id":155,"geometry":{"type":"LineString","coordinates":[[151.24176126365697,-33.920293612963981],[151.24166574059615,-33.920740219890909],[151.2415702164719,-33.921186824878262]]},"properties":{"fromHouseNumber":"St Pauls Street","toHouseNumber":"21","streetName":"Dine Street","suburb":"Randwick","residentParkingSchemeZone":"SP1","availableSpace":"17","OBJECTID":155,"inspector":null,"inspectionDate":null,"zoneType":null,"SHAPE.STLength()":100.63114806421025}},{"type":"Feature","id":156,"geometry":{"type":"LineString","coordinates":[[151.23576273190409,-33.920293652098927],[151.23577475018274,-33.920240614371629],[151.23578677086792,-33.920187564052625]]},"properties":{"fromHouseNumber":"115","toHouseNumber":"127","streetName":"Botany Street","suburb":"Randwick","residentParkingSchemeZone":"RA5","availableSpace":"5","OBJECTID":156,"inspector":null,"inspectionDate":null,"zoneType":null,"SHAPE.STLength()":11.97464058089116}},{"type":"Feature","id":157,"geometry":{"type":"LineString","coordinates":[[151.2315032610482,-33.920146307586442],[151.23132110680669,-33.920120940045699],[151.23113893760248,-33.920095569316828]]},"properties":{"fromHouseNumber":"70","toHouseNumber":"Willis Street","streetName":"Barker Street","suburb":"Kingsford","residentParkingSchemeZone":"KF1","availableSpace":"4","OBJECTID":157,"inspector":null,"inspectionDate":null,"zoneType":null,"SHAPE.STLength()":34.153857537591179}},{"type":"Feature","id":158,"geometry":{"type":"LineString","coordinates":[[151.24159991980034,-33.920597071488125],[151.24164520050357,-33.920382991720956],[151.24169048447831,-33.920168898447045]]},"properties":{"fromHouseNumber":"St Pauls Street","toHouseNumber":"12","streetName":"Dine Street","suburb":"Randwick","residentParkingSchemeZone":"SP1","availableSpace":"11","OBJECTID":158,"inspector":null,"inspectionDate":null,"zoneType":null,"SHAPE.STLength()":48.22247886809366}},{"type":"Feature","id":159,"geometry":{"type":"LineString","coordinates":[[151.24466993156494,-33.920165981421476],[151.24466224765888,-33.920206203220125]]},"properties":{"fromHouseNumber":"65","toHouseNumber":"65","streetName":"Daintrey Crescent","suburb":"Randwick","residentParkingSchemeZone":"SP1","availableSpace":"1","OBJECTID":159,"inspector":null,"inspectionDate":null,"zoneType":null,"SHAPE.STLength()":4.5173259313447813}},{"type":"Feature","id":160,"geometry":{"type":"LineString","coordinates":[[151.2301164887019,-33.919975654960361],[151.23011173574898,-33.919975087972276],[151.2301061660184,-33.919974422675374],[151.23002467203369,-33.919962871200688],[151.22993275770449,-33.919949842499051]]},"properties":{"fromHouseNumber":"32-42","toHouseNumber":"62","streetName":"Barker Street","suburb":"Kingsford","residentParkingSchemeZone":"KF1","availableSpace":"3","OBJECTID":160,"inspector":null,"inspectionDate":null,"zoneType":null,"SHAPE.STLength()":17.228518811816414}},{"type":"Feature","id":161,"geometry":{"type":"LineString","coordinates":[[151.24235509576795,-33.920213045792437],[151.24216827411939,-33.92019023546451],[151.24210932071196,-33.920180695535734],[151.24186456458881,-33.920141089494784]]},"properties":{"fromHouseNumber":"16","toHouseNumber":"20","streetName":"St Pauls Street","suburb":"Randwick","residentParkingSchemeZone":"SP1","availableSpace":"12","OBJECTID":161,"inspector":null,"inspectionDate":null,"zoneType":null,"SHAPE.STLength()":46.064999510907299}},{"type":"Feature","id":162,"geometry":{"type":"LineString","coordinates":[[151.24057282450127,-33.92031489803788],[151.24059781365776,-33.920197291950352],[151.24062284238914,-33.92007949344724]]},"properties":{"fromHouseNumber":"2 St Pauls","toHouseNumber":"253","streetName":"Avoca Street","suburb":"Randwick","residentParkingSchemeZone":"SP1","availableSpace":"5","OBJECTID":162,"inspector":null,"inspectionDate":null,"zoneType":null,"SHAPE.STLength()":26.515817429273401}},{"type":"Feature","id":163,"geometry":{"type":"LineString","coordinates":[[151.23654028778876,-33.920388151372784],[151.23658191116996,-33.920196995863087],[151.2366235415773,-33.920005804361651]]},"properties":{"fromHouseNumber":"Hay Street","toHouseNumber":"Barker Street","streetName":"Maud Street","suburb":"Randwick","residentParkingSchemeZone":"RA5","availableSpace":"6","OBJECTID":163,"inspector":null,"inspectionDate":null,"zoneType":null,"SHAPE.STLength()":43.100251748719309}},{"type":"Feature","id":164,"geometry":{"type":"LineString","coordinates":[[151.22985404843848,-33.919938685331552],[151.22956784654619,-33.919898115472996],[151.22928166436301,-33.919857547941696]]},"properties":{"fromHouseNumber":"32-42","toHouseNumber":"62","streetName":"Barker Street","suburb":"Kingsford","residentParkingSchemeZone":"KF1","availableSpace":"10","OBJECTID":164,"inspector":null,"inspectionDate":null,"zoneType":null,"SHAPE.STLength()":53.685109125814868}},{"type":"Feature","id":165,"geometry":{"type":"LineString","coordinates":[[151.22497319132006,-33.919781997457754],[151.2250337146701,-33.92012741827007],[151.22509429245616,-33.920473155437151]]},"properties":{"fromHouseNumber":"39-41","toHouseNumber":"51","streetName":"Houston Road","suburb":"Kingsford","residentParkingSchemeZone":"KF2","availableSpace":"10","OBJECTID":165,"inspector":null,"inspectionDate":null,"zoneType":null,"SHAPE.STLength()":77.47217830251725}},{"type":"Feature","id":166,"geometry":{"type":"LineString","coordinates":[[151.23579742662267,-33.920140540348065],[151.23582323364508,-33.920026652315343],[151.2358490489606,-33.919912725618062]]},"properties":{"fromHouseNumber":"115","toHouseNumber":"127","streetName":"Botany Street","suburb":"Randwick","residentParkingSchemeZone":"RA5","availableSpace":"5","OBJECTID":166,"inspector":null,"inspectionDate":null,"zoneType":null,"SHAPE.STLength()":25.714499678221614}},{"type":"Feature","id":167,"geometry":{"type":"LineString","coordinates":[[151.22520277195486,-33.92009225829532],[151.22517044719763,-33.919915766502108],[151.22513811881177,-33.919739246692004]]},"properties":{"fromHouseNumber":"2","toHouseNumber":"22","streetName":"Houston Road","suburb":"Kingsford","residentParkingSchemeZone":"KF2","availableSpace":"15","OBJECTID":167,"inspector":null,"inspectionDate":null,"zoneType":null,"SHAPE.STLength()":39.607465936436803}},{"type":"Feature","id":168,"geometry":{"type":"LineString","coordinates":[[151.22818564128954,-33.919766037324749],[151.22814389222015,-33.919973759144099],[151.22814167843924,-33.919984606775373],[151.22813907890779,-33.919996688747332],[151.22813368223331,-33.92002177683554],[151.22812464606366,-33.920063776074294],[151.22811048480972,-33.92012960396972],[151.22810142935353,-33.92017169761079],[151.22810093645847,-33.920182807165119]]},"properties":{"fromHouseNumber":"Harbourne Lane","toHouseNumber":"Barker Street","streetName":"Harbourne Road","suburb":"Kingsford","residentParkingSchemeZone":"KF1","availableSpace":null,"OBJECTID":168,"inspector":null,"inspectionDate":null,"zoneType":null,"SHAPE.STLength()":46.895694264299685}},{"type":"Feature","id":169,"geometry":{"type":"LineString","coordinates":[[151.2408264922789,-33.919987002733706],[151.24076806275266,-33.919978617569981],[151.24070962895087,-33.919970230514117]]},"properties":{"fromHouseNumber":"2","toHouseNumber":"2","streetName":"St Pauls Street","suburb":"Randwick","residentParkingSchemeZone":"SP1","availableSpace":"4","OBJECTID":169,"inspector":null,"inspectionDate":null,"zoneType":null,"SHAPE.STLength()":10.964663745808499}},{"type":"Feature","id":170,"geometry":{"type":"LineString","coordinates":[[151.23639776215271,-33.919853150076605],[151.23670365676699,-33.919900653610867]]},"properties":{"fromHouseNumber":"4","toHouseNumber":"16","streetName":"Hay Street","suburb":"Randwick","residentParkingSchemeZone":"RA5","availableSpace":"3","OBJECTID":170,"inspector":null,"inspectionDate":null,"zoneType":null,"SHAPE.STLength()":28.771005770567008}},{"type":"Feature","id":171,"geometry":{"type":"LineString","coordinates":[[151.2421823117752,-33.920072560122705],[151.24185561088001,-33.92002383973557],[151.24166905849111,-33.919996007093452],[151.24151657645498,-33.91997326779515],[151.24089184488372,-33.919880085430286],[151.24087727646159,-33.919877857375944],[151.2408636592028,-33.919875768252325],[151.24085085599998,-33.919873805279828]]},"properties":{"fromHouseNumber":"3","toHouseNumber":"27","streetName":"St Pauls Street","suburb":"Randwick","residentParkingSchemeZone":"SP1","availableSpace":"14","OBJECTID":171,"inspector":null,"inspectionDate":null,"zoneType":null,"SHAPE.STLength()":125.07044850850832}},{"type":"Feature","id":172,"geometry":{"type":"LineString","coordinates":[[151.22444547111454,-33.919728297496903],[151.22462997843152,-33.919669452395468],[151.22464507429368,-33.919664637469538],[151.22482937516702,-33.919642686453173]]},"properties":{"fromHouseNumber":"37","toHouseNumber":"2S","streetName":"Barker Street","suburb":"Kingsford","residentParkingSchemeZone":"KF2","availableSpace":"6","OBJECTID":172,"inspector":null,"inspectionDate":null,"zoneType":null,"SHAPE.STLength()":36.975361452964911}},{"type":"Feature","id":173,"geometry":{"type":"LineString","coordinates":[[151.22566211077239,-33.919542998135483],[151.2254755298392,-33.919564183529054],[151.22543931562834,-33.919568284784177],[151.22523546472937,-33.91959136162145],[151.22521657137372,-33.91959366734487]]},"properties":{"fromHouseNumber":"2","toHouseNumber":"6","streetName":"Barker Street","suburb":"Kingsford","residentParkingSchemeZone":"KF2","availableSpace":"5","OBJECTID":173,"inspector":null,"inspectionDate":null,"zoneType":null,"SHAPE.STLength()":41.578644356644183}},{"type":"Feature","id":174,"geometry":{"type":"LineString","coordinates":[[151.2333121889196,-33.919647889646249],[151.23329230813923,-33.919748531706965],[151.23327243910842,-33.919849178439478]]},"properties":{"fromHouseNumber":"18","toHouseNumber":"20","streetName":"Kennedy Street","suburb":"Kingsford","residentParkingSchemeZone":"KF1","availableSpace":"4","OBJECTID":174,"inspector":null,"inspectionDate":null,"zoneType":null,"SHAPE.STLength()":22.626076064752699}},{"type":"Feature","id":175,"geometry":{"type":"LineString","coordinates":[[151.2357124553854,-33.919929786942603],[151.23574209478841,-33.919794282294667],[151.2357717419394,-33.919658816521128]]},"properties":{"fromHouseNumber":"46","toHouseNumber":"50","streetName":"Botany Street","suburb":"Kingsford","residentParkingSchemeZone":"KF1","availableSpace":"4","OBJECTID":175,"inspector":null,"inspectionDate":null,"zoneType":null,"SHAPE.STLength()":30.549991204329075}},{"type":"Feature","id":176,"geometry":{"type":"LineString","coordinates":[[151.23589017085746,-33.919720509932567],[151.23590216373492,-33.919666597132547],[151.23591415292435,-33.919612705017904]]},"properties":{"fromHouseNumber":"103","toHouseNumber":"111a","streetName":"Botany Street","suburb":"Randwick","residentParkingSchemeZone":"RA5","availableSpace":"3","OBJECTID":176,"inspector":null,"inspectionDate":null,"zoneType":null,"SHAPE.STLength()":12.160846261143126}},{"type":"Feature","id":177,"geometry":{"type":"LineString","coordinates":[[151.225971926081,-33.919392563654178],[151.22590016547102,-33.919400910431683],[151.22582841571818,-33.919409254618351]]},"properties":{"fromHouseNumber":"15","toHouseNumber":"15","streetName":"Barker Street","suburb":"Kensington","residentParkingSchemeZone":"KN1","availableSpace":"2","OBJECTID":177,"inspector":null,"inspectionDate":null,"zoneType":null,"SHAPE.STLength()":13.39828532872427}},{"type":"Feature","id":178,"geometry":{"type":"LineString","coordinates":[[151.23592133309256,-33.919580429071921],[151.23592832959523,-33.919548981899197],[151.23593532625947,-33.919517526612459]]},"properties":{"fromHouseNumber":"103","toHouseNumber":"111a","streetName":"Botany Street","suburb":"Randwick","residentParkingSchemeZone":"RA5","availableSpace":"3","OBJECTID":178,"inspector":null,"inspectionDate":null,"zoneType":null,"SHAPE.STLength()":7.0956614118886758}},{"type":"Feature","id":179,"geometry":{"type":"LineString","coordinates":[[151.24644982789155,-33.919623959911476],[151.24658427585172,-33.919965395480517],[151.24660236108312,-33.920011322727881],[151.24663288288787,-33.920088780696084],[151.24666255682158,-33.920164069612575],[151.24671858578046,-33.920306226573992]]},"properties":{"fromHouseNumber":"1-3","toHouseNumber":"9","streetName":"Dudley Street","suburb":"Randwick","residentParkingSchemeZone":"SP1","availableSpace":"13","OBJECTID":179,"inspector":null,"inspectionDate":null,"zoneType":null,"SHAPE.STLength()":79.647876418824495}},{"type":"Feature","id":180,"geometry":{"type":"LineString","coordinates":[[151.23594719865395,-33.919464155829196],[151.23595329169328,-33.919436761661068],[151.23595938825108,-33.919409354016722]]},"properties":{"fromHouseNumber":"103","toHouseNumber":"111a","streetName":"Botany Street","suburb":"Randwick","residentParkingSchemeZone":"RA5","availableSpace":"3","OBJECTID":180,"inspector":null,"inspectionDate":null,"zoneType":null,"SHAPE.STLength()":6.1818490067520457}},{"type":"Feature","id":181,"geometry":{"type":"LineString","coordinates":[[151.23469777059526,-33.91940846302235],[151.23450587267629,-33.919382185904887],[151.2343139770326,-33.919355909424368]]},"properties":{"fromHouseNumber":"25","toHouseNumber":"35","streetName":"Norton Street","suburb":"Kingsford","residentParkingSchemeZone":"KF1","availableSpace":"6","OBJECTID":181,"inspector":null,"inspectionDate":null,"zoneType":null,"SHAPE.STLength()":35.9631174407182}},{"type":"Feature","id":182,"geometry":{"type":"LineString","coordinates":[[151.23596723247263,-33.919374089291004],[151.23597372245007,-33.919344911753662],[151.23598021587105,-33.919315724345957]]},"properties":{"fromHouseNumber":"103","toHouseNumber":"111a","streetName":"Botany Street","suburb":"Randwick","residentParkingSchemeZone":"RA5","availableSpace":"3","OBJECTID":182,"inspector":null,"inspectionDate":null,"zoneType":null,"SHAPE.STLength()":6.5838048598795869}},{"type":"Feature","id":183,"geometry":{"type":"LineString","coordinates":[[151.235987498642,-33.919282980958386],[151.23599742076445,-33.919238372399455],[151.23600734278253,-33.919193768346446]]},"properties":{"fromHouseNumber":"103","toHouseNumber":"111a","streetName":"Botany Street","suburb":"Randwick","residentParkingSchemeZone":"RA5","availableSpace":"3","OBJECTID":183,"inspector":null,"inspectionDate":null,"zoneType":null,"SHAPE.STLength()":10.063524888270514}},{"type":"Feature","id":184,"geometry":{"type":"LineString","coordinates":[[151.23719082566396,-33.919199826729681],[151.23705810659578,-33.91917778602015],[151.23692537574487,-33.919155743196313]]},"properties":{"fromHouseNumber":"7","toHouseNumber":"11","streetName":"Magill Street","suburb":"Randwick","residentParkingSchemeZone":"RA5","availableSpace":"2","OBJECTID":184,"inspector":null,"inspectionDate":null,"zoneType":null,"SHAPE.STLength()":25.027210710145074}},{"type":"Feature","id":185,"geometry":{"type":"LineString","coordinates":[[151.24138895620982,-33.9191526575324],[151.24162154392533,-33.919188109494158],[151.24185418793391,-33.919223569037065]]},"properties":{"fromHouseNumber":"1","toHouseNumber":"11","streetName":"Soudan Street","suburb":"Randwick","residentParkingSchemeZone":"SP1","availableSpace":"","OBJECTID":185,"inspector":null,"inspectionDate":null,"zoneType":null,"SHAPE.STLength()":43.730866712693704}},{"type":"Feature","id":186,"geometry":{"type":"LineString","coordinates":[[151.236881904076,-33.919148518126661],[151.23666062153512,-33.919111768250104],[151.23643933379526,-33.919075017904113]]},"properties":{"fromHouseNumber":"1","toHouseNumber":"7","streetName":"Magill Street","suburb":"Randwick","residentParkingSchemeZone":"RA5","availableSpace":"6","OBJECTID":186,"inspector":null,"inspectionDate":null,"zoneType":null,"SHAPE.STLength()":41.726596988706916}},{"type":"Feature","id":187,"geometry":{"type":"LineString","coordinates":[[151.23602206548372,-33.919127581360613],[151.23603057956851,-33.91908930719562],[151.23603908422888,-33.919051017565032]]},"properties":{"fromHouseNumber":"103","toHouseNumber":"111a","streetName":"Botany Street","suburb":"Randwick","residentParkingSchemeZone":"RA5","availableSpace":"3","OBJECTID":187,"inspector":null,"inspectionDate":null,"zoneType":null,"SHAPE.STLength()":8.6364906591535711}},{"type":"Feature","id":188,"geometry":{"type":"LineString","coordinates":[[151.23583082426768,-33.919377428015224],[151.23586637040046,-33.919213577855153],[151.23590007222313,-33.919058225413934],[151.23590096957389,-33.919053995578246],[151.23590187568314,-33.919049708156599]]},"properties":{"fromHouseNumber":"40","toHouseNumber":"44","streetName":"Botany Street","suburb":"Kingsford","residentParkingSchemeZone":"KF1","availableSpace":"6","OBJECTID":188,"inspector":null,"inspectionDate":null,"zoneType":null,"SHAPE.STLength()":36.937335729035645}},{"type":"Feature","id":189,"geometry":{"type":"LineString","coordinates":[[151.24142006831059,-33.919053988712619],[151.24174362351388,-33.919101476775424],[151.24206717370734,-33.919148963921515]]},"properties":{"fromHouseNumber":"2","toHouseNumber":"10","streetName":"Soudan Street","suburb":"Randwick","residentParkingSchemeZone":"SP1","availableSpace":"12","OBJECTID":189,"inspector":null,"inspectionDate":null,"zoneType":null,"SHAPE.STLength()":60.755036828366109}},{"type":"Feature","id":190,"geometry":{"type":"LineString","coordinates":[[151.23354073832186,-33.918980087087547],[151.23355571709578,-33.918904624285396],[151.2335706922614,-33.918829177659703]]},"properties":{"fromHouseNumber":"1","toHouseNumber":"10","streetName":"Kennedy Street","suburb":"Kingsford","residentParkingSchemeZone":"KF1","availableSpace":"2","OBJECTID":190,"inspector":null,"inspectionDate":null,"zoneType":null,"SHAPE.STLength()":16.965433642884676}},{"type":"Feature","id":191,"geometry":{"type":"LineString","coordinates":[[151.24779346648214,-33.919020211053038],[151.24772292449973,-33.919010140079216],[151.24765211178666,-33.919000032749217]]},"properties":{"fromHouseNumber":"20F","toHouseNumber":"22","streetName":"Queen Street","suburb":"Randwick","residentParkingSchemeZone":"RA9","availableSpace":"2","OBJECTID":191,"inspector":null,"inspectionDate":null,"zoneType":null,"SHAPE.STLength()":13.260625856838701}},{"type":"Feature","id":192,"geometry":{"type":"LineString","coordinates":[[151.22358913200554,-33.919226147269185],[151.22364598065946,-33.918938333425288],[151.22370282774995,-33.91865052221889]]},"properties":{"fromHouseNumber":"254","toHouseNumber":"264","streetName":"Doncaster Avenue","suburb":"Kensington","residentParkingSchemeZone":"KN1","availableSpace":"12","OBJECTID":192,"inspector":null,"inspectionDate":null,"zoneType":null,"SHAPE.STLength()":64.704323584309734}},{"type":"Feature","id":194,"geometry":{"type":"LineString","coordinates":[[151.22480396383568,-33.918635321629175],[151.2247905463567,-33.918701528650836],[151.22480543825478,-33.918785684481271],[151.22482876045211,-33.918917653049455]]},"properties":{"fromHouseNumber":"19","toHouseNumber":"27","streetName":"Houston Road","suburb":"Kensington","residentParkingSchemeZone":"KN1","availableSpace":"5","OBJECTID":194,"inspector":null,"inspectionDate":null,"zoneType":null,"SHAPE.STLength()":31.677434237399453}},{"type":"Feature","id":195,"geometry":{"type":"LineString","coordinates":[[151.24608108381895,-33.918862160259955],[151.24607106801844,-33.918833547741762],[151.24606883536336,-33.918827169467313],[151.24606501339355,-33.918804450606025]]},"properties":{"fromHouseNumber":"28R","toHouseNumber":null,"streetName":"St Luke Street","suburb":"Randwick","residentParkingSchemeZone":"RA9","availableSpace":"1","OBJECTID":195,"inspector":null,"inspectionDate":null,"zoneType":null,"SHAPE.STLength()":6.5872634353001835}},{"type":"Feature","id":196,"geometry":{"type":"LineString","coordinates":[[151.2476170632126,-33.918912937673547],[151.24712998692826,-33.918841464585441],[151.246643250137,-33.918770040405526]]},"properties":{"fromHouseNumber":"5","toHouseNumber":"29","streetName":"Queen Street","suburb":"Randwick","residentParkingSchemeZone":"RA9","availableSpace":"8","OBJECTID":196,"inspector":null,"inspectionDate":null,"zoneType":null,"SHAPE.STLength()":91.428305404098339}},{"type":"Feature","id":197,"geometry":{"type":"LineString","coordinates":[[151.24088158672529,-33.918872697289316],[151.2409323083817,-33.918633115758851]]},"properties":{"fromHouseNumber":"227","toHouseNumber":"231","streetName":"Avoca Street","suburb":"Randwick","residentParkingSchemeZone":"SP1","availableSpace":"5","OBJECTID":197,"inspector":null,"inspectionDate":null,"zoneType":null,"SHAPE.STLength()":26.983352030650305}},{"type":"Feature","id":198,"geometry":{"type":"LineString","coordinates":[[151.2569541165187,-33.918772178388352],[151.25661783090575,-33.918721766262941],[151.25628135863701,-33.918671829407771]]},"properties":{"fromHouseNumber":"107-109","toHouseNumber":"123-129","streetName":"Dolphin Street","suburb":"Coogee","residentParkingSchemeZone":"CO1","availableSpace":"11","OBJECTID":198,"inspector":null,"inspectionDate":null,"zoneType":null,"SHAPE.STLength()":63.194612212659159}},{"type":"Feature","id":199,"geometry":{"type":"LineString","coordinates":[[151.22498293827425,-33.918665167904081],[151.22502840761808,-33.918430217846044],[151.22507387778316,-33.918195266868828]]},"properties":{"fromHouseNumber":"4","toHouseNumber":"8","streetName":"Houston Road","suburb":"Kensington","residentParkingSchemeZone":"KN1","availableSpace":"7","OBJECTID":199,"inspector":null,"inspectionDate":null,"zoneType":null,"SHAPE.STLength()":52.792297042913233}},{"type":"Feature","id":200,"geometry":{"type":"LineString","coordinates":[[151.22376341117496,-33.91834380850861],[151.22380030920783,-33.918156974736689]]},"properties":{"fromHouseNumber":"244","toHouseNumber":"246","streetName":"Doncaster Avenue","suburb":"Kensington","residentParkingSchemeZone":"KN1","availableSpace":"3","OBJECTID":200,"inspector":null,"inspectionDate":null,"zoneType":null,"SHAPE.STLength()":21.001365163484014}},{"type":"Feature","id":201,"geometry":{"type":"LineString","coordinates":[[151.25529858677231,-33.918612443695338],[151.25534472575112,-33.918619422337564],[151.25542305682362,-33.918631268448358],[151.25562789989058,-33.918662379184482],[151.255930567744,-33.918708411439717],[151.25602652312747,-33.918723024494724],[151.25617804531933,-33.918745940546238],[151.25637935981914,-33.918775764672588],[151.25656299538718,-33.9188029683487]]},"properties":{"fromHouseNumber":"Opp 111-113","toHouseNumber":"Opp 79-81","streetName":"Dolphin Street","suburb":"Coogee","residentParkingSchemeZone":"CO1","availableSpace":"20","OBJECTID":201,"inspector":null,"inspectionDate":null,"zoneType":"2P 8am - 10pm Permit Holders Excepted","SHAPE.STLength()":118.80855387499383}},{"type":"Feature","id":202,"geometry":{"type":"LineString","coordinates":[[151.22257223161,-33.918188330846526],[151.22262358538362,-33.917927053883631],[151.22267494009506,-33.917665766978146]]},"properties":{"fromHouseNumber":"57","toHouseNumber":"65","streetName":"Mooramie Avenue","suburb":"Kensington","residentParkingSchemeZone":"KN1","availableSpace":"5","OBJECTID":202,"inspector":null,"inspectionDate":null,"zoneType":null,"SHAPE.STLength()":58.732308036579084}},{"type":"Feature","id":203,"geometry":{"type":"LineString","coordinates":[[151.2550106532633,-33.918483581541444],[151.25540437861716,-33.918541573226015],[151.25554401045443,-33.9185621240158],[151.25554999884272,-33.918563005102854],[151.25555956896238,-33.918564502331037],[151.2556628357361,-33.918580667458926],[151.2557973046122,-33.918601716523135]]},"properties":{"fromHouseNumber":"71-73","toHouseNumber":"91-97","streetName":"Dolphin Street","suburb":"Coogee","residentParkingSchemeZone":"CO1","availableSpace":"9","OBJECTID":203,"inspector":null,"inspectionDate":null,"zoneType":null,"SHAPE.STLength()":73.909753676651405}},{"type":"Feature","id":204,"geometry":{"type":"LineString","coordinates":[[151.2483996344184,-33.918556773449502],[151.2484196755027,-33.918464221340173],[151.24843973201726,-33.918371600010801]]},"properties":{"fromHouseNumber":"252","toHouseNumber":"246","streetName":"Carrington Road","suburb":"Randwick","residentParkingSchemeZone":"RA9","availableSpace":"3","OBJECTID":204,"inspector":null,"inspectionDate":null,"zoneType":null,"SHAPE.STLength()":20.870011925775003}},{"type":"Feature","id":205,"geometry":{"type":"LineString","coordinates":[[151.24343033483754,-33.91823392475586],[151.24332447666072,-33.918215419299294],[151.2432184224003,-33.918196878491827]]},"properties":{"fromHouseNumber":"20","toHouseNumber":"22","streetName":"Coogee Bay Road","suburb":"Randwick","residentParkingSchemeZone":"RA2","availableSpace":null,"OBJECTID":205,"inspector":null,"inspectionDate":null,"zoneType":null,"SHAPE.STLength()":20.020929994662165}},{"type":"Feature","id":206,"geometry":{"type":"LineString","coordinates":[[151.22487813966231,-33.918269310116798],[151.22491208109494,-33.918101831558182],[151.22494602370446,-33.917934341278034]]},"properties":{"fromHouseNumber":"3-5","toHouseNumber":"9","streetName":"Houston Road","suburb":"Kensington","residentParkingSchemeZone":"KN1","availableSpace":"7","OBJECTID":206,"inspector":null,"inspectionDate":null,"zoneType":null,"SHAPE.STLength()":37.679050624307393}},{"type":"Feature","id":207,"geometry":{"type":"LineString","coordinates":[[151.24165020507817,-33.918168444290096],[151.24145172367534,-33.918181008611796],[151.24125315559377,-33.918193577686161]]},"properties":{"fromHouseNumber":"5","toHouseNumber":"7-9","streetName":"Cuthill Street","suburb":"Randwick","residentParkingSchemeZone":"SP1","availableSpace":"7","OBJECTID":207,"inspector":null,"inspectionDate":null,"zoneType":null,"SHAPE.STLength()":36.819415144350785}},{"type":"Feature","id":208,"geometry":{"type":"LineString","coordinates":[[151.24314682216067,-33.91818436142033],[151.24310422674588,-33.918176914794998],[151.24306162917648,-33.918169468124304]]},"properties":{"fromHouseNumber":"18","toHouseNumber":"18","streetName":"Coogee Bay Road","suburb":"Randwick","residentParkingSchemeZone":"RA2","availableSpace":null,"OBJECTID":208,"inspector":null,"inspectionDate":null,"zoneType":null,"SHAPE.STLength()":8.0488125460480529}},{"type":"Feature","id":209,"geometry":{"type":"LineString","coordinates":[[151.25742991209856,-33.918314467575314],[151.25738947564165,-33.918515695063952]]},"properties":{"fromHouseNumber":"169","toHouseNumber":"171","streetName":"Arden Street","suburb":"Coogee","residentParkingSchemeZone":"CO1","availableSpace":"3","OBJECTID":209,"inspector":null,"inspectionDate":null,"zoneType":null,"SHAPE.STLength()":22.629573606234828}},{"type":"Feature","id":210,"geometry":{"type":"LineString","coordinates":[[151.24301460739855,-33.918161247731298],[151.2428517626665,-33.918132779564935],[151.24281227977988,-33.918125882235799],[151.24265099972806,-33.918097705757802],[151.24264731150191,-33.918097066982313],[151.24263604055955,-33.918095187387813],[151.24261701166591,-33.918092014875107],[151.24261236681343,-33.918091240708939],[151.24260985091138,-33.918090820655848]]},"properties":{"fromHouseNumber":"12","toHouseNumber":"16","streetName":"Coogee Bay Road","suburb":"Randwick","residentParkingSchemeZone":"RA2","availableSpace":null,"OBJECTID":210,"inspector":null,"inspectionDate":null,"zoneType":null,"SHAPE.STLength()":38.232971996382865}},{"type":"Feature","id":211,"geometry":{"type":"LineString","coordinates":[[151.2235269503052,-33.91908460132553],[151.22365376995216,-33.918446227884687],[151.22378057423268,-33.917807919825094]]},"properties":{"fromHouseNumber":"171","toHouseNumber":"193","streetName":"Doncaster Avenue","suburb":"Kensington","residentParkingSchemeZone":"KN1","availableSpace":"15","OBJECTID":211,"inspector":null,"inspectionDate":null,"zoneType":null,"SHAPE.STLength()":143.52999410611153}},{"type":"Feature","id":212,"geometry":{"type":"LineString","coordinates":[[151.25717154751854,-33.918701963423217],[151.25722055926963,-33.918476014320092],[151.25724321942741,-33.918371554061615],[151.25725169799063,-33.918327915976441],[151.25725898586126,-33.918290482177966],[151.25726382707353,-33.918265582274849],[151.25726692978711,-33.918249620211434]]},"properties":{"fromHouseNumber":"Opp 167","toHouseNumber":"184","streetName":"Arden Street","suburb":"Coogee","residentParkingSchemeZone":"CO1","availableSpace":"9","OBJECTID":212,"inspector":null,"inspectionDate":null,"zoneType":null,"SHAPE.STLength()":50.941274434366889}},{"type":"Feature","id":213,"geometry":{"type":"LineString","coordinates":[[151.24629743862363,-33.918073036255997],[151.24623920065463,-33.918345617123968],[151.24618098738586,-33.918618081072182]]},"properties":{"fromHouseNumber":"15","toHouseNumber":"21","streetName":"St Luke Street","suburb":"Randwick","residentParkingSchemeZone":"RA9","availableSpace":"8","OBJECTID":213,"inspector":null,"inspectionDate":null,"zoneType":null,"SHAPE.STLength()":61.403767417074356}},{"type":"Feature","id":214,"geometry":{"type":"LineString","coordinates":[[151.22456679019965,-33.917742298878153],[151.22473177754927,-33.917764260070442],[151.22489675526182,-33.917786220903899]]},"properties":{"fromHouseNumber":"Day Lane","toHouseNumber":"Houston Road","streetName":"Day Avenue","suburb":"Kensington","residentParkingSchemeZone":"KN1","availableSpace":"4","OBJECTID":214,"inspector":null,"inspectionDate":null,"zoneType":null,"SHAPE.STLength()":30.89748068606897}},{"type":"Feature","id":215,"geometry":{"type":"LineString","coordinates":[[151.25480169814426,-33.918344769309165],[151.25482591560237,-33.918228212166248],[151.25485022697058,-33.918111660855224]]},"properties":{"fromHouseNumber":"Opp 71-73","toHouseNumber":"Opp 56","streetName":"Brook Street","suburb":"Coogee","residentParkingSchemeZone":"CO1","availableSpace":"6","OBJECTID":215,"inspector":null,"inspectionDate":null,"zoneType":null,"SHAPE.STLength()":26.241067204694573}},{"type":"Feature","id":216,"geometry":{"type":"LineString","coordinates":[[151.25815856137214,-33.918246946603766],[151.25748746644084,-33.918144573608878]]},"properties":{"fromHouseNumber":"Arden Street","toHouseNumber":"88","streetName":"Bream Street","suburb":"Coogee","residentParkingSchemeZone":"CO1","availableSpace":"8","OBJECTID":216,"inspector":null,"inspectionDate":null,"zoneType":"1P 8am - 10pm Permit Holders Excepted","SHAPE.STLength()":63.083598791603514}},{"type":"Feature","id":217,"geometry":{"type":"LineString","coordinates":[[151.26016361346805,-33.918262084597657],[151.26013822543416,-33.918258618423543],[151.26007449165326,-33.918249915874462],[151.25988314373856,-33.918219690390671],[151.25960334803082,-33.918175494370622]]},"properties":{"fromHouseNumber":"Opp 3","toHouseNumber":"Opp 23","streetName":"Baden Street","suburb":"Coogee","residentParkingSchemeZone":"CO1","availableSpace":"46","OBJECTID":217,"inspector":null,"inspectionDate":null,"zoneType":null,"SHAPE.STLength()":52.69021966421716}},{"type":"Feature","id":218,"geometry":{"type":"LineString","coordinates":[[151.25589673892381,-33.918533249786208],[151.2559279131419,-33.918387981096146],[151.25593836705809,-33.918339267217242],[151.2559438718763,-33.918313615700185],[151.25594628157234,-33.91830216160087],[151.25594782561899,-33.918294757601295],[151.25599758425489,-33.918056081550951]]},"properties":{"fromHouseNumber":"Bream St","toHouseNumber":"Dolphin St","streetName":"Hill Street","suburb":"Coogee","residentParkingSchemeZone":"CO1","availableSpace":"6","OBJECTID":218,"inspector":null,"inspectionDate":null,"zoneType":null,"SHAPE.STLength()":53.739078921422504}},{"type":"Feature","id":219,"geometry":{"type":"LineString","coordinates":[[151.26018300729916,-33.918124928060408],[151.26019155347083,-33.918126143542956],[151.26022257097642,-33.918131491842253],[151.26026198589565,-33.918138296980935]]},"properties":{"fromHouseNumber":"3","toHouseNumber":"23","streetName":"Baden Street","suburb":"Coogee","residentParkingSchemeZone":"CO1","availableSpace":"1","OBJECTID":219,"inspector":null,"inspectionDate":null,"zoneType":null,"SHAPE.STLength()":7.4522734031865872}},{"type":"Feature","id":220,"geometry":{"type":"LineString","coordinates":[[151.26002078855038,-33.918100849509841],[151.26006288900879,-33.918107395087695],[151.26009734811771,-33.918112750573528],[151.2600991503198,-33.918113006888078],[151.26010489774501,-33.918113823931606]]},"properties":{"fromHouseNumber":"3","toHouseNumber":"23","streetName":"Baden Street","suburb":"Coogee","residentParkingSchemeZone":"CO1","availableSpace":"3","OBJECTID":220,"inspector":null,"inspectionDate":null,"zoneType":null,"SHAPE.STLength()":7.9093149845494217}},{"type":"Feature","id":221,"geometry":{"type":"LineString","coordinates":[[151.25984101996681,-33.918072907608988],[151.25994825934006,-33.918089578868674]]},"properties":{"fromHouseNumber":"3","toHouseNumber":"23","streetName":"Baden Street","suburb":"Coogee","residentParkingSchemeZone":"CO1","availableSpace":"5","OBJECTID":221,"inspector":null,"inspectionDate":null,"zoneType":null,"SHAPE.STLength()":10.086906329494688}},{"type":"Feature","id":222,"geometry":{"type":"LineString","coordinates":[[151.25952748383804,-33.918163546921384],[151.25918747046333,-33.918110638191095],[151.259072836043,-33.918092799450257],[151.25905678024151,-33.918090300927439],[151.25903662632004,-33.918087314322463],[151.25894489577945,-33.918073719210625],[151.25884621297925,-33.918059091506848],[151.25884661015036,-33.918057114184663]]},"properties":{"fromHouseNumber":"Opp 3","toHouseNumber":"Opp 23","streetName":"Baden Street","suburb":"Coogee","residentParkingSchemeZone":"CO1","availableSpace":"46","OBJECTID":222,"inspector":null,"inspectionDate":null,"zoneType":"4P 8am - 10pm Permit Holders Excepted","SHAPE.STLength()":64.273650515744023}},{"type":"Feature","id":223,"geometry":{"type":"LineString","coordinates":[[151.25624591223675,-33.917976729304215],[151.25640422982352,-33.918000989313938],[151.25671420730004,-33.918048473039079],[151.25674308982499,-33.918052897451332],[151.25675784821709,-33.918055152469194],[151.25677414758209,-33.918057531200191],[151.25683643002293,-33.918066622492333],[151.25693799857009,-33.918081446854849],[151.25707695951419,-33.918101729403972],[151.25714051457277,-33.918111006282871],[151.25718333146136,-33.91811725548876]]},"properties":{"fromHouseNumber":"72","toHouseNumber":"82","streetName":"Bream Street","suburb":"Coogee","residentParkingSchemeZone":"CO1","availableSpace":"17","OBJECTID":223,"inspector":null,"inspectionDate":null,"zoneType":null,"SHAPE.STLength()":88.070337792723166}},{"type":"Feature","id":224,"geometry":{"type":"LineString","coordinates":[[151.25938055119329,-33.918001778726179],[151.25939824367151,-33.918004481595354],[151.25942677937303,-33.918008840961306],[151.25945839356524,-33.918013671267538],[151.25951386695542,-33.918022146447832],[151.25958379927198,-33.91803292705665],[151.25978686058863,-33.918064490824108]]},"properties":{"fromHouseNumber":"7","toHouseNumber":"17","streetName":"Baden Street","suburb":"Coogee","residentParkingSchemeZone":"CO1","availableSpace":"15","OBJECTID":224,"inspector":null,"inspectionDate":null,"zoneType":null,"SHAPE.STLength()":38.208252735397025}},{"type":"Feature","id":225,"geometry":{"type":"LineString","coordinates":[[151.25917863086326,-33.917970928376249],[151.25923066661744,-33.91797887895742],[151.25928268511774,-33.917986827469292]]},"properties":{"fromHouseNumber":"5","toHouseNumber":"7","streetName":"Baden Street","suburb":"Coogee","residentParkingSchemeZone":"CO1","availableSpace":"4","OBJECTID":225,"inspector":null,"inspectionDate":null,"zoneType":null,"SHAPE.STLength()":9.7817431986404184}},{"type":"Feature","id":226,"geometry":{"type":"LineString","coordinates":[[151.25653318207895,-33.917924756708132],[151.25684283986303,-33.917970880255908],[151.25694448192641,-33.917986019459562],[151.25704934489914,-33.918002285368196],[151.2571522734581,-33.918018256889226]]},"properties":{"fromHouseNumber":"71","toHouseNumber":"85A","streetName":"Bream Street","suburb":"Coogee","residentParkingSchemeZone":"CO1","availableSpace":"12","OBJECTID":226,"inspector":null,"inspectionDate":null,"zoneType":null,"SHAPE.STLength()":58.177044665431474}},{"type":"Feature","id":227,"geometry":{"type":"LineString","coordinates":[[151.2589514821403,-33.917936223082023],[151.25903304657896,-33.917948686125094],[151.25911460241156,-33.917961148091059]]},"properties":{"fromHouseNumber":"3","toHouseNumber":"5","streetName":"Baden Street","suburb":"Coogee","residentParkingSchemeZone":"CO1","availableSpace":"6","OBJECTID":227,"inspector":null,"inspectionDate":null,"zoneType":"1P 8am - 10pm Permit Holders Excepted","SHAPE.STLength()":15.334337342416763}},{"type":"Feature","id":228,"geometry":{"type":"LineString","coordinates":[[151.25632486005867,-33.917894371929592],[151.2563966414659,-33.917904831553273],[151.25646838731922,-33.917915285221405]]},"properties":{"fromHouseNumber":"71","toHouseNumber":"85A","streetName":"Bream Street","suburb":"Coogee","residentParkingSchemeZone":"CO1","availableSpace":"12","OBJECTID":228,"inspector":null,"inspectionDate":null,"zoneType":null,"SHAPE.STLength()":13.472595060209308}},{"type":"Feature","id":229,"geometry":{"type":"LineString","coordinates":[[151.25551253027635,-33.917863026644355],[151.25553624402252,-33.917866525954381],[151.25560914949821,-33.917877285109803],[151.25566111808058,-33.917884954898256],[151.25566402968715,-33.917885386603722],[151.2556688389038,-33.917886115716762],[151.25572188582987,-33.917894159651539],[151.25593112345604,-33.917925885786225]]},"properties":{"fromHouseNumber":"58","toHouseNumber":"68-70","streetName":"Bream Street","suburb":"Coogee","residentParkingSchemeZone":"CO1","availableSpace":"6","OBJECTID":229,"inspector":null,"inspectionDate":null,"zoneType":null,"SHAPE.STLength()":39.328718227275125}},{"type":"Feature","id":230,"geometry":{"type":"LineString","coordinates":[[151.25568543130859,-33.917797595617323],[151.2557314132321,-33.917804459165126],[151.2558030460508,-33.917815461681826],[151.25592074952291,-33.917833540801702]]},"properties":{"fromHouseNumber":"67A","toHouseNumber":"12","streetName":"Bream Street","suburb":"Coogee","residentParkingSchemeZone":"CO1","availableSpace":"3","OBJECTID":230,"inspector":null,"inspectionDate":null,"zoneType":null,"SHAPE.STLength()":22.121268846108503}},{"type":"Feature","id":231,"geometry":{"type":"LineString","coordinates":[[151.24639076366768,-33.917639176894056],[151.24637604968251,-33.917707507946346],[151.24636159262968,-33.917774542341178]]},"properties":{"fromHouseNumber":"9","toHouseNumber":"13","streetName":"Southern Cross Close","suburb":"Randwick","residentParkingSchemeZone":"RA9","availableSpace":"3","OBJECTID":231,"inspector":null,"inspectionDate":null,"zoneType":null,"SHAPE.STLength()":15.254093293015856}},{"type":"Feature","id":232,"geometry":{"type":"LineString","coordinates":[[151.25557558572555,-33.917781227301106],[151.25538672380557,-33.917753082459619],[151.25530929042804,-33.917741543929331],[151.25525497751181,-33.917733477370113],[151.25519781227885,-33.917724989830148]]},"properties":{"fromHouseNumber":"63","toHouseNumber":"67A","streetName":"Bream Street","suburb":"Coogee","residentParkingSchemeZone":"CO1","availableSpace":"6","OBJECTID":232,"inspector":null,"inspectionDate":null,"zoneType":null,"SHAPE.STLength()":35.483861989952622}},{"type":"Feature","id":233,"geometry":{"type":"LineString","coordinates":[[151.24538216878923,-33.917524842208458],[151.24535643674957,-33.91764702512183],[151.24533042685127,-33.917770517004698]]},"properties":{"fromHouseNumber":"3","toHouseNumber":"9","streetName":"Heath Street","suburb":"Randwick","residentParkingSchemeZone":"RA9","availableSpace":"11","OBJECTID":233,"inspector":null,"inspectionDate":null,"zoneType":null,"SHAPE.STLength()":27.665254932428279}},{"type":"Feature","id":234,"geometry":{"type":"LineString","coordinates":[[151.25866331207652,-33.917858256083122],[151.25867995152757,-33.917782580656997],[151.25869660287836,-33.917706850389067]]},"properties":{"fromHouseNumber":"110","toHouseNumber":"116-118","streetName":"Beach Street","suburb":"Coogee","residentParkingSchemeZone":"CO1","availableSpace":"4","OBJECTID":234,"inspector":null,"inspectionDate":null,"zoneType":null,"SHAPE.STLength()":17.072511685458885}},{"type":"Feature","id":235,"geometry":{"type":"LineString","coordinates":[[151.24430891671645,-33.917403157822555],[151.24428584059646,-33.917510902678224],[151.24426814972705,-33.917593505271036],[151.24426439035076,-33.917618687844865]]},"properties":{"fromHouseNumber":"17","toHouseNumber":"23","streetName":"Judge Street","suburb":"Randwick","residentParkingSchemeZone":"RA9","availableSpace":"4","OBJECTID":235,"inspector":null,"inspectionDate":null,"zoneType":null,"SHAPE.STLength()":24.260429930717176}},{"type":"Feature","id":236,"geometry":{"type":"LineString","coordinates":[[151.24642259775899,-33.91749145039077],[151.24642977347671,-33.917458185374819],[151.24643151475229,-33.917450116124861],[151.24643805437691,-33.917419811490056],[151.24645366515875,-33.91734745699398]]},"properties":{"fromHouseNumber":"3","toHouseNumber":"5","streetName":"St Luke Street","suburb":"Randwick","residentParkingSchemeZone":"RA9","availableSpace":"3","OBJECTID":236,"inspector":null,"inspectionDate":null,"zoneType":null,"SHAPE.STLength()":16.226968390693777}},{"type":"Feature","id":237,"geometry":{"type":"LineString","coordinates":[[151.25879773756648,-33.917848569755066],[151.25879973994856,-33.917838934063646],[151.25880775306422,-33.917800374214991],[151.2588164136404,-33.917758698972726],[151.2588213584653,-33.917734902396582],[151.25882272552309,-33.917728476050527],[151.25882419806078,-33.917721703122268],[151.25883661690997,-33.917664576409535],[151.2588765974711,-33.917480674362984]]},"properties":{"fromHouseNumber":"97","toHouseNumber":"103","streetName":"Beach Street","suburb":"Coogee","residentParkingSchemeZone":"CO1","availableSpace":"16","OBJECTID":237,"inspector":null,"inspectionDate":null,"zoneType":null,"SHAPE.STLength()":41.450691188432472}},{"type":"Feature","id":238,"geometry":{"type":"LineString","coordinates":[[151.24639636683983,-33.917207758000032],[151.24637211068244,-33.917312202340156],[151.2463564379884,-33.917378760437828],[151.24631250940999,-33.917565318672906],[151.24624973511612,-33.917831904193996],[151.24624420001444,-33.917855410451985],[151.24623871319028,-33.917879885869688],[151.24623876634226,-33.917903417621332],[151.2462432555329,-33.917923030460713]]},"properties":{"fromHouseNumber":"2","toHouseNumber":"18","streetName":"St Luke Street","suburb":"Randwick","residentParkingSchemeZone":"RA9","availableSpace":"11","OBJECTID":238,"inspector":null,"inspectionDate":null,"zoneType":null,"SHAPE.STLength()":80.783990703254048}},{"type":"Feature","id":239,"geometry":{"type":"LineString","coordinates":[[151.25603748221792,-33.917786526205113],[151.25604537604568,-33.917749422088193],[151.25605727108945,-33.917693515544379],[151.25607097480196,-33.917629106811859],[151.2560750538714,-33.917609933968492],[151.25607735475978,-33.917599093313918],[151.25607895441732,-33.917591400638948],[151.2560844993765,-33.917564729805882],[151.256130638153,-33.917342819039014]]},"properties":{"fromHouseNumber":"8-10","toHouseNumber":"12","streetName":"Hill Street","suburb":"Coogee","residentParkingSchemeZone":"CO1","availableSpace":"8","OBJECTID":239,"inspector":null,"inspectionDate":null,"zoneType":null,"SHAPE.STLength()":49.960734984820746}},{"type":"Feature","id":240,"geometry":{"type":"LineString","coordinates":[[151.25757490622721,-33.917341027558066],[151.25751550820803,-33.917629501192437],[151.25745297834177,-33.917917606727841]]},"properties":{"fromHouseNumber":"155","toHouseNumber":"165","streetName":"Arden Street","suburb":"Coogee","residentParkingSchemeZone":"CO1","availableSpace":"7","OBJECTID":240,"inspector":null,"inspectionDate":null,"zoneType":null,"SHAPE.STLength()":64.936425772812044}},{"type":"Feature","id":241,"geometry":{"type":"LineString","coordinates":[[151.22394024531462,-33.916878922106108],[151.22400137616694,-33.916566718152545],[151.22406250428469,-33.916254517713931]]},"properties":{"fromHouseNumber":"151","toHouseNumber":"159","streetName":"Doncaster Avenue","suburb":"Kensington","residentParkingSchemeZone":"KN1","availableSpace":"10","OBJECTID":241,"inspector":null,"inspectionDate":null,"zoneType":"1P 8am - 6pm Mon-Fri Permit Holders Excepted","SHAPE.STLength()":70.171452237927127}},{"type":"Feature","id":242,"geometry":{"type":"LineString","coordinates":[[151.24665942073571,-33.917087745378531],[151.24657828648225,-33.917075698709631],[151.2464971738062,-33.917063655901906]]},"properties":{"fromHouseNumber":"25","toHouseNumber":"27","streetName":"Dolphin Street","suburb":"Randwick","residentParkingSchemeZone":"RA9","availableSpace":"3","OBJECTID":242,"inspector":null,"inspectionDate":null,"zoneType":null,"SHAPE.STLength()":15.238612372722057}},{"type":"Feature","id":243,"geometry":{"type":"LineString","coordinates":[[151.23613683060947,-33.91862277377075],[151.23614092118342,-33.918604547310451],[151.23614523258439,-33.918585341566221],[151.23615100666754,-33.918559613740079],[151.23615683295154,-33.918533662127714],[151.23616267844662,-33.918507617910798],[151.23616703753041,-33.918488197332209],[151.23617305921897,-33.918461371123534],[151.2361779423872,-33.918439613524427],[151.23618351738102,-33.918414780076546],[151.23618916992186,-33.918389595158267],[151.23619376481372,-33.918369123820497],[151.23619760697829,-33.918352006547615]]},"properties":{"fromHouseNumber":"55","toHouseNumber":"101","streetName":"Botany Street","suburb":"Randwick","residentParkingSchemeZone":"RA5","availableSpace":"19","OBJECTID":243,"inspector":null,"inspectionDate":null,"zoneType":null,"SHAPE.STLength()":30.552862398962333}},{"type":"Feature","id":244,"geometry":{"type":"LineString","coordinates":[[151.25888166429434,-33.917457365549041],[151.25888386115344,-33.917447260992468],[151.25888655920986,-33.917434850545327],[151.25888886233733,-33.917424254236423],[151.25889176200761,-33.91741091874372],[151.25889372343036,-33.917402019196906],[151.2589133499641,-33.917320604877013],[151.25894627103926,-33.917184042010781]]},"properties":{"fromHouseNumber":"97","toHouseNumber":"103","streetName":"Beach Street","suburb":"Coogee","residentParkingSchemeZone":"CO1","availableSpace":"12","OBJECTID":244,"inspector":null,"inspectionDate":null,"zoneType":null,"SHAPE.STLength()":30.898736272640864}},{"type":"Feature","id":246,"geometry":{"type":"LineString","coordinates":[[151.2501068599239,-33.917056611377546],[151.25002858872281,-33.917044433630586],[151.24995044367182,-33.917032276563845]]},"properties":{"fromHouseNumber":"18","toHouseNumber":"20","streetName":"Bream Street","suburb":"Coogee","residentParkingSchemeZone":"CO5","availableSpace":"7","OBJECTID":246,"inspector":null,"inspectionDate":null,"zoneType":null,"SHAPE.STLength()":14.713074040273391}},{"type":"Feature","id":247,"geometry":{"type":"LineString","coordinates":[[151.24526639215995,-33.916962554063893],[151.24546786299285,-33.916992783190203],[151.24566938575583,-33.917023019040968]]},"properties":{"fromHouseNumber":"18","toHouseNumber":"12","streetName":"Dolphin Street","suburb":"Randwick","residentParkingSchemeZone":"RA9","availableSpace":"5","OBJECTID":247,"inspector":null,"inspectionDate":null,"zoneType":null,"SHAPE.STLength()":37.862485671917305}},{"type":"Feature","id":248,"geometry":{"type":"LineString","coordinates":[[151.24989453309587,-33.917023577169289],[151.24986323973309,-33.917018708401869],[151.24983173180283,-33.917013806818979]]},"properties":{"fromHouseNumber":"18","toHouseNumber":"20","streetName":"Bream Street","suburb":"Coogee","residentParkingSchemeZone":"CO5","availableSpace":"7","OBJECTID":248,"inspector":null,"inspectionDate":null,"zoneType":null,"SHAPE.STLength()":5.9073149860087826}},{"type":"Feature","id":249,"geometry":{"type":"LineString","coordinates":[[151.24435237493384,-33.917200245062546],[151.24438253715232,-33.917059413470319],[151.24441270170121,-33.916918568373163]]},"properties":{"fromHouseNumber":"11","toHouseNumber":"11A","streetName":"Judge Street","suburb":"Randwick","residentParkingSchemeZone":"RA9","availableSpace":"5","OBJECTID":249,"inspector":null,"inspectionDate":null,"zoneType":null,"SHAPE.STLength()":31.735577661855686}},{"type":"Feature","id":251,"geometry":{"type":"LineString","coordinates":[[151.26010776028909,-33.917276007109145],[151.26007530139549,-33.917271026167654],[151.25991694810278,-33.917246722588487],[151.2598959519996,-33.917243458209512],[151.25958565569539,-33.917193986954857],[151.25938565005856,-33.917162098173861],[151.25930940950917,-33.917150034369058],[151.25920172214205,-33.917133384192738],[151.25911332869126,-33.9171197173726],[151.25906362329002,-33.917112032350673]]},"properties":{"fromHouseNumber":"97 Beach St","toHouseNumber":"31","streetName":"Arcadia Street","suburb":"Coogee","residentParkingSchemeZone":"CO1","availableSpace":"14","OBJECTID":251,"inspector":null,"inspectionDate":null,"zoneType":"2P 8am - 8pm Permit Holders Excepted","SHAPE.STLength()":98.246489077308937}},{"type":"Feature","id":252,"geometry":{"type":"LineString","coordinates":[[151.24431556101985,-33.916890867671917],[151.2442995930389,-33.916962888543509],[151.24429454643311,-33.916985653227322],[151.24428908952001,-33.917012337348019],[151.24426988137847,-33.91710684927704],[151.24421785095649,-33.917362859743896],[151.24417725170761,-33.917562577761132],[151.24414148040083,-33.917725564473017],[151.24411757810239,-33.917834550025766]]},"properties":{"fromHouseNumber":"28","toHouseNumber":"42","streetName":"Judge Street","suburb":"Randwick","residentParkingSchemeZone":"RA9","availableSpace":"10","OBJECTID":252,"inspector":null,"inspectionDate":null,"zoneType":null,"SHAPE.STLength()":106.25748065474365}},{"type":"Feature","id":253,"geometry":{"type":"LineString","coordinates":[[151.24601375920744,-33.917025232730289],[151.2458567401163,-33.917002934708869],[151.24569965425994,-33.916980626519624]]},"properties":{"fromHouseNumber":"13","toHouseNumber":"17","streetName":"Dolphin Street","suburb":"Randwick","residentParkingSchemeZone":"RA9","availableSpace":"4","OBJECTID":253,"inspector":null,"inspectionDate":null,"zoneType":null,"SHAPE.STLength()":29.462858571474442}},{"type":"Feature","id":254,"geometry":{"type":"LineString","coordinates":[[151.24974347341274,-33.917000075698063],[151.24970575515738,-33.916994206600755],[151.24969038663428,-33.916991816726906],[151.24967580926929,-33.916989667141152],[151.24959449822325,-33.916977678555945],[151.24944511958054,-33.916955656034524]]},"properties":{"fromHouseNumber":"18","toHouseNumber":"20","streetName":"Bream Street","suburb":"Coogee","residentParkingSchemeZone":"CO5","availableSpace":"7","OBJECTID":254,"inspector":null,"inspectionDate":null,"zoneType":null,"SHAPE.STLength()":28.024647635836388}},{"type":"Feature","id":255,"geometry":{"type":"LineString","coordinates":[[151.24997329911349,-33.916944170971462],[151.25003495276269,-33.916953307242828],[151.25009662689743,-33.916962447381607]]},"properties":{"fromHouseNumber":"11","toHouseNumber":"21","streetName":"Bream Street","suburb":"Coogee","residentParkingSchemeZone":"CO5","availableSpace":"10","OBJECTID":255,"inspector":null,"inspectionDate":null,"zoneType":null,"SHAPE.STLength()":11.582564338647417}},{"type":"Feature","id":256,"geometry":{"type":"LineString","coordinates":[[151.25872556833707,-33.917078606171209],[151.25860656116731,-33.91706199737942],[151.25853584975945,-33.917052128597604],[151.25850583777685,-33.917047940221813],[151.25846133172763,-33.917041642341701],[151.25839275119574,-33.917031930764395],[151.25824861326075,-33.91701152058036],[151.25791071854948,-33.916963671919831],[151.25788516321029,-33.916960053231293],[151.25786365661119,-33.916957007622912],[151.25784162685761,-33.91695410429822],[151.25777158516061,-33.91694487307273]]},"properties":{"fromHouseNumber":"Beach Street","toHouseNumber":"19","streetName":"Arcadia Street","suburb":"Coogee","residentParkingSchemeZone":"CO1","availableSpace":"14","OBJECTID":256,"inspector":null,"inspectionDate":null,"zoneType":null,"SHAPE.STLength()":89.450891912130956}},{"type":"Feature","id":257,"geometry":{"type":"LineString","coordinates":[[151.24945035447377,-33.916866671506341],[151.24968303418603,-33.916901154547354],[151.24991563647256,-33.916935625229833]]},"properties":{"fromHouseNumber":"11","toHouseNumber":"21","streetName":"Bream Street","suburb":"Coogee","residentParkingSchemeZone":"CO5","availableSpace":"10","OBJECTID":257,"inspector":null,"inspectionDate":null,"zoneType":"2P 8:30am - 6pm Mon-Fri Permit Holders Excepted","SHAPE.STLength()":43.697914366730352}},{"type":"Feature","id":258,"geometry":{"type":"LineString","coordinates":[[151.25838845876768,-33.916967648616819],[151.25858324855321,-33.916995415495428],[151.25877803521649,-33.917023182925206]]},"properties":{"fromHouseNumber":"Beach Street","toHouseNumber":"30","streetName":"Arcadia Street","suburb":"Coogee","residentParkingSchemeZone":"CO1","availableSpace":"5","OBJECTID":258,"inspector":null,"inspectionDate":null,"zoneType":null,"SHAPE.STLength()":36.545797481527828}},{"type":"Feature","id":259,"geometry":{"type":"LineString","coordinates":[[151.24940291759523,-33.916859710095672],[151.24932425969368,-33.916848420035343],[151.24924564928182,-33.91683713601077]]},"properties":{"fromHouseNumber":"5","toHouseNumber":"9","streetName":"Bream Street","suburb":"Coogee","residentParkingSchemeZone":"CO5","availableSpace":"2","OBJECTID":259,"inspector":null,"inspectionDate":null,"zoneType":null,"SHAPE.STLength()":14.756181247407158}},{"type":"Feature","id":260,"geometry":{"type":"LineString","coordinates":[[151.24330257960335,-33.916970259790276],[151.24333129846835,-33.916832797538568],[151.24333409680261,-33.916819404197518],[151.24333643970979,-33.916808227155222],[151.24333971300845,-33.916794089438504],[151.24334263263989,-33.916781478737207],[151.24334650411092,-33.916764757043261],[151.24335117079235,-33.916744599330912],[151.2433540310999,-33.916732243877838],[151.24335643795592,-33.91672185046027],[151.24335830606861,-33.916713780362059],[151.24335976110288,-33.916707497035574],[151.24336122563849,-33.916701172364412],[151.24336248128731,-33.916695750063063]]},"properties":{"fromHouseNumber":"4","toHouseNumber":"6","streetName":"Ada Street","suburb":"Randwick","residentParkingSchemeZone":"RA2","availableSpace":"7","OBJECTID":260,"inspector":null,"inspectionDate":null,"zoneType":null,"SHAPE.STLength()":30.947556876354334}},{"type":"Feature","id":261,"geometry":{"type":"LineString","coordinates":[[151.25902986556616,-33.916802715178143],[151.25901313346952,-33.916877548032275],[151.25899638462519,-33.916952458196114]]},"properties":{"fromHouseNumber":"95","toHouseNumber":"95","streetName":"Beach Street","suburb":"Coogee","residentParkingSchemeZone":"CO1","availableSpace":"3","OBJECTID":261,"inspector":null,"inspectionDate":null,"zoneType":"2P 8am - 8pm Permit Holders Excepted","SHAPE.STLength()":16.894370689750307}},{"type":"Feature","id":262,"geometry":{"type":"LineString","coordinates":[[151.22411911562781,-33.91661842779515],[151.22415147610417,-33.916454769831425],[151.22418383627428,-33.916291119964299]]},"properties":{"fromHouseNumber":"214","toHouseNumber":"218","streetName":"Doncaster Avenue","suburb":"Kensington","residentParkingSchemeZone":"KN1","availableSpace":"5","OBJECTID":262,"inspector":null,"inspectionDate":null,"zoneType":null,"SHAPE.STLength()":36.792799763909834}},{"type":"Feature","id":263,"geometry":{"type":"LineString","coordinates":[[151.23934463278272,-33.916431648732356],[151.23888330745976,-33.916363756025071],[151.23842183413581,-33.916295839643887]]},"properties":{"fromHouseNumber":"20","toHouseNumber":"Clara Street","streetName":"Blenheim Street","suburb":"Randwick","residentParkingSchemeZone":"RA1","availableSpace":null,"OBJECTID":263,"inspector":null,"inspectionDate":null,"zoneType":null,"SHAPE.STLength()":86.649072264854937}},{"type":"Feature","id":264,"geometry":{"type":"LineString","coordinates":[[151.25908944410756,-33.916536240422332],[151.25907273567697,-33.916610978940625],[151.25905596926052,-33.916685961008547]]},"properties":{"fromHouseNumber":"91","toHouseNumber":"93","streetName":"Beach Street","suburb":"Coogee","residentParkingSchemeZone":"CO1","availableSpace":"3","OBJECTID":264,"inspector":null,"inspectionDate":null,"zoneType":"2P 8am - 8pm Permit Holders Excepted","SHAPE.STLength()":16.891822335118114}},{"type":"Feature","id":265,"geometry":{"type":"LineString","coordinates":[[151.23821280157753,-33.916155921056777],[151.23877937333302,-33.916237784748489],[151.23934535746164,-33.91631956169919]]},"properties":{"fromHouseNumber":"17","toHouseNumber":"Clara Street","streetName":"Blenheim Street","suburb":"Randwick","residentParkingSchemeZone":"RA1","availableSpace":null,"OBJECTID":265,"inspector":null,"inspectionDate":null,"zoneType":null,"SHAPE.STLength()":106.28697284055967}},{"type":"Feature","id":266,"geometry":{"type":"LineString","coordinates":[[151.25778510859479,-33.91636692550825],[151.25775605720179,-33.916502582450853],[151.25772701652176,-33.9166381863309]]},"properties":{"fromHouseNumber":"145","toHouseNumber":"147","streetName":"Arden Street","suburb":"Coogee","residentParkingSchemeZone":"CO1","availableSpace":"6","OBJECTID":266,"inspector":null,"inspectionDate":null,"zoneType":null,"SHAPE.STLength()":30.561845665837556}},{"type":"Feature","id":267,"geometry":{"type":"LineString","coordinates":[[151.23944746557677,-33.916312151329514],[151.23944834415997,-33.916311452417496],[151.23945705972832,-33.916299676745368],[151.23945789833721,-33.916297398310768],[151.23946187725537,-33.916286582896277],[151.23953490988686,-33.915951373709348],[151.23961380134926,-33.915589273492976]]},"properties":{"fromHouseNumber":"Arthur Street","toHouseNumber":"Blenheim Street","streetName":"Clara Street","suburb":"Randwick","residentParkingSchemeZone":"RA1","availableSpace":null,"OBJECTID":267,"inspector":null,"inspectionDate":null,"zoneType":null,"SHAPE.STLength()":81.772057912480037}},{"type":"Feature","id":268,"geometry":{"type":"LineString","coordinates":[[151.23956935424465,-33.916402114300013],[151.23959067661661,-33.916301392452297],[151.23960879659901,-33.916215799333926],[151.23962419953136,-33.916143037032661],[151.23963944537692,-33.916071021830255],[151.23964394159967,-33.916049778841284],[151.23964704757896,-33.91603570556812],[151.23965281118069,-33.916009637439792],[151.23973947773669,-33.915617620272563]]},"properties":{"fromHouseNumber":"Arthur Street","toHouseNumber":"17","streetName":"Clara Street","suburb":"Randwick","residentParkingSchemeZone":"RA1","availableSpace":null,"OBJECTID":268,"inspector":null,"inspectionDate":null,"zoneType":null,"SHAPE.STLength()":88.421613960958808}},{"type":"Feature","id":269,"geometry":{"type":"LineString","coordinates":[[151.23498441742709,-33.915540978379219],[151.23499631489821,-33.915479150581504],[151.23500821406651,-33.915417344447931]]},"properties":{"fromHouseNumber":"Arthur Street","toHouseNumber":"45","streetName":"Wansey Road","suburb":"Randwick","residentParkingSchemeZone":"RA1","availableSpace":"10","OBJECTID":269,"inspector":null,"inspectionDate":null,"zoneType":null,"SHAPE.STLength()":13.888029745390872}},{"type":"Feature","id":270,"geometry":{"type":"LineString","coordinates":[[151.23502282646257,-33.915341400924198],[151.23503234331821,-33.915291948764434],[151.2350418613172,-33.915242493012784]]},"properties":{"fromHouseNumber":"Arthur Street","toHouseNumber":"45","streetName":"Wansey Road","suburb":"Randwick","residentParkingSchemeZone":"RA1","availableSpace":"10","OBJECTID":270,"inspector":null,"inspectionDate":null,"zoneType":null,"SHAPE.STLength()":11.110471868098125}},{"type":"Feature","id":271,"geometry":{"type":"LineString","coordinates":[[151.23950667402372,-33.915518884753304],[151.23950183189743,-33.915519296148261],[151.23948455132557,-33.915518238398818],[151.23876083601689,-33.91540784090143],[151.23801526747661,-33.91529410471469]]},"properties":{"fromHouseNumber":"40","toHouseNumber":"Clara Street","streetName":"Arthur Street","suburb":"Randwick","residentParkingSchemeZone":"RA1","availableSpace":"21","OBJECTID":271,"inspector":null,"inspectionDate":null,"zoneType":null,"SHAPE.STLength()":140.17177958388183}},{"type":"Feature","id":272,"geometry":{"type":"LineString","coordinates":[[151.23785516534704,-33.915155794706429],[151.23802340860163,-33.915182048085391],[151.23815200695196,-33.915202114299689],[151.23818167651763,-33.915212184779563],[151.23829636607385,-33.915231074335153],[151.23839200021197,-33.915244968731777],[151.23884298322375,-33.91531045097426],[151.23967404606086,-33.915431117030707],[151.23971046498124,-33.915436406114708],[151.23973459362259,-33.915439911675747],[151.23975759212584,-33.915443253189679],[151.23980372827106,-33.915449955326949],[151.23983056269662,-33.91545484675396],[151.23983303715508,-33.915455752309256]]},"properties":{"fromHouseNumber":"19","toHouseNumber":"69","streetName":"Arthur Street","suburb":"Randwick","residentParkingSchemeZone":"RA1","availableSpace":"42","OBJECTID":272,"inspector":null,"inspectionDate":null,"zoneType":null,"SHAPE.STLength()":185.9712854915947}},{"type":"Feature","id":273,"geometry":{"type":"LineString","coordinates":[[151.22429908746574,-33.915059177046246],[151.22437037013205,-33.914698190783028],[151.22444164985387,-33.914337209816694]]},"properties":{"fromHouseNumber":"123","toHouseNumber":"133","streetName":"Doncaster Avenue","suburb":"Kensington","residentParkingSchemeZone":"KN1","availableSpace":"12","OBJECTID":273,"inspector":null,"inspectionDate":null,"zoneType":null,"SHAPE.STLength()":81.153673750805922}},{"type":"Feature","id":274,"geometry":{"type":"LineString","coordinates":[[151.23784482210579,-33.915268102952346],[151.23746906791467,-33.915210778955881],[151.23709331860286,-33.915153453889722]]},"properties":{"fromHouseNumber":"24B","toHouseNumber":"34","streetName":"Arthur Street","suburb":"Randwick","residentParkingSchemeZone":"RA1","availableSpace":"19","OBJECTID":274,"inspector":null,"inspectionDate":null,"zoneType":null,"SHAPE.STLength()":70.64520089718944}},{"type":"Feature","id":275,"geometry":{"type":"LineString","coordinates":[[151.23743949064954,-33.915090931535168],[151.23762435622277,-33.915119778752398],[151.23780921007594,-33.915148623722637]]},"properties":{"fromHouseNumber":"11","toHouseNumber":"19","streetName":"Arthur Street","suburb":"Randwick","residentParkingSchemeZone":"RA1","availableSpace":"6","OBJECTID":275,"inspector":null,"inspectionDate":null,"zoneType":null,"SHAPE.STLength()":34.781561124972228}},{"type":"Feature","id":276,"geometry":{"type":"LineString","coordinates":[[151.22446664945966,-33.914870501271309],[151.22442315457181,-33.915099311823816],[151.22437966071087,-33.915328112444833]]},"properties":{"fromHouseNumber":"194","toHouseNumber":"198","streetName":"Doncaster Avenue","suburb":"Kensington","residentParkingSchemeZone":"KN1","availableSpace":"5","OBJECTID":276,"inspector":null,"inspectionDate":null,"zoneType":null,"SHAPE.STLength()":51.388637157478243}},{"type":"Feature","id":277,"geometry":{"type":"LineString","coordinates":[[151.23504559609344,-33.915223086060621],[151.23507400713092,-33.915075457978972],[151.23510241923321,-33.914927825392411]]},"properties":{"fromHouseNumber":"Arthur Street","toHouseNumber":"45","streetName":"Wansey Road","suburb":"Randwick","residentParkingSchemeZone":"RA1","availableSpace":"10","OBJECTID":277,"inspector":null,"inspectionDate":null,"zoneType":null,"SHAPE.STLength()":33.167069846171216}},{"type":"Feature","id":278,"geometry":{"type":"LineString","coordinates":[[151.23647263775004,-33.915059283329633],[151.23601901378066,-33.914994684309484],[151.23556535611863,-33.914930075931046]]},"properties":{"fromHouseNumber":"8","toHouseNumber":"20","streetName":"Arthur Street","suburb":"Randwick","residentParkingSchemeZone":"RA1","availableSpace":"10","OBJECTID":278,"inspector":null,"inspectionDate":null,"zoneType":null,"SHAPE.STLength()":85.111517880800292}},{"type":"Feature","id":279,"geometry":{"type":"LineString","coordinates":[[151.23949757798658,-33.914608767504866],[151.23913535342584,-33.914554411322477],[151.238773117497,-33.914500053016681]]},"properties":{"fromHouseNumber":"34","toHouseNumber":"44","streetName":"Waratah Avenue","suburb":"Randwick","residentParkingSchemeZone":"RA1","availableSpace":"8","OBJECTID":279,"inspector":null,"inspectionDate":null,"zoneType":null,"SHAPE.STLength()":68.067654668175663}},{"type":"Feature","id":280,"geometry":{"type":"LineString","coordinates":[[151.23814425517574,-33.914315869286064],[151.2387878039479,-33.914409985138832],[151.23887567563389,-33.914422942117334],[151.23897631561599,-33.914437888742107],[151.23906460704291,-33.914451002180861],[151.23916485783622,-33.914465890785387],[151.23927856463578,-33.914482778820478],[151.2393458284331,-33.914492768009133],[151.2394308613882,-33.914505397247758]]},"properties":{"fromHouseNumber":"9","toHouseNumber":"23","streetName":"Waratah Avenue","suburb":"Randwick","residentParkingSchemeZone":"RA1","availableSpace":"18","OBJECTID":280,"inspector":null,"inspectionDate":null,"zoneType":null,"SHAPE.STLength()":120.81611464484092}},{"type":"Feature","id":281,"geometry":{"type":"LineString","coordinates":[[151.23746820826938,-33.914304223548477],[151.23739740175773,-33.91429359649252],[151.23732657153337,-33.914282966351401]]},"properties":{"fromHouseNumber":"Botany Street","toHouseNumber":"2","streetName":"Waratah Avenue","suburb":"Randwick","residentParkingSchemeZone":"RA1","availableSpace":"2","OBJECTID":281,"inspector":null,"inspectionDate":null,"zoneType":null,"SHAPE.STLength()":13.307772086009841}},{"type":"Feature","id":282,"geometry":{"type":"LineString","coordinates":[[151.22462268163815,-33.914073321818286],[151.22459042120039,-33.914237103172354],[151.22455815912039,-33.91440080062636]]},"properties":{"fromHouseNumber":"182","toHouseNumber":"186","streetName":"Doncaster Avenue","suburb":"Kensington","residentParkingSchemeZone":"KN1","availableSpace":"5","OBJECTID":282,"inspector":null,"inspectionDate":null,"zoneType":null,"SHAPE.STLength()":36.808543698539957}},{"type":"Feature","id":283,"geometry":{"type":"LineString","coordinates":[[151.2442375491072,-33.914354037600077],[151.24392946102418,-33.914308322534204],[151.24379359834913,-33.914288162352456],[151.2436780506855,-33.914271001536633]]},"properties":{"fromHouseNumber":"7","toHouseNumber":"12 Pitt Street","streetName":"Albert Street","suburb":"Randwick","residentParkingSchemeZone":"RA2","availableSpace":"10","OBJECTID":283,"inspector":null,"inspectionDate":null,"zoneType":null,"SHAPE.STLength()":52.550419792780097}},{"type":"Feature","id":284,"geometry":{"type":"LineString","coordinates":[[151.24303328843669,-33.914170923432984],[151.24313853758053,-33.914186764738851],[151.24324378462325,-33.914202605023611]]},"properties":{"fromHouseNumber":"5","toHouseNumber":"5","streetName":"Albert Street","suburb":"Randwick","residentParkingSchemeZone":"RA2","availableSpace":"4","OBJECTID":284,"inspector":null,"inspectionDate":null,"zoneType":null,"SHAPE.STLength()":19.779352671268786}},{"type":"Feature","id":285,"geometry":{"type":"LineString","coordinates":[[151.2425197233579,-33.914054182951489],[151.24266100820273,-33.91407461488911],[151.24278104150349,-33.914091973224807],[151.24278608940915,-33.914092702635749],[151.24278942457957,-33.914093197497451],[151.24279598925276,-33.914094171284724],[151.24279791185373,-33.914094456621072],[151.24279890495896,-33.914094604251851],[151.24280226061799,-33.914095102110842]]},"properties":{"fromHouseNumber":"2S","toHouseNumber":"12 Victoria St","streetName":"Albert Street","suburb":"Randwick","residentParkingSchemeZone":"RA2","availableSpace":"4","OBJECTID":285,"inspector":null,"inspectionDate":null,"zoneType":null,"SHAPE.STLength()":26.517719718829177}},{"type":"Feature","id":286,"geometry":{"type":"LineString","coordinates":[[151.22371055354097,-33.913552849573747],[151.22384700526683,-33.913565473834161],[151.22398348185246,-33.913578101007623]]},"properties":{"fromHouseNumber":"20","toHouseNumber":"22-24","streetName":"Roma Avenue","suburb":"Kensington","residentParkingSchemeZone":"KN1","availableSpace":"3","OBJECTID":286,"inspector":null,"inspectionDate":null,"zoneType":null,"SHAPE.STLength()":25.393150850320996}},{"type":"Feature","id":287,"geometry":{"type":"LineString","coordinates":[[151.23910788224964,-33.913697997799083],[151.238899451886,-33.913665039312832],[151.2388630272211,-33.913659280111283],[151.23881925986419,-33.913652359031396],[151.23878563712307,-33.913647042061335],[151.23875520654414,-33.913642229729646],[151.2387320313415,-33.913638565390393],[151.23871402672927,-33.913635920034608],[151.23869510857608,-33.913633150694231],[151.23869100123923,-33.913632549092057]]},"properties":{"fromHouseNumber":"4","toHouseNumber":"18","streetName":"Silver Street","suburb":"Randwick","residentParkingSchemeZone":"RA1","availableSpace":"5","OBJECTID":287,"inspector":null,"inspectionDate":null,"zoneType":null,"SHAPE.STLength()":39.227378354498761}},{"type":"Feature","id":288,"geometry":{"type":"LineString","coordinates":[[151.2437156264927,-33.914155678810765],[151.24376125240377,-33.913902441917372],[151.24380686944366,-33.913649253560514]]},"properties":{"fromHouseNumber":"4","toHouseNumber":"12","streetName":"George Street","suburb":"Randwick","residentParkingSchemeZone":"RA2","availableSpace":"3","OBJECTID":288,"inspector":null,"inspectionDate":null,"zoneType":null,"SHAPE.STLength()":56.799059279976483}},{"type":"Feature","id":289,"geometry":{"type":"LineString","coordinates":[[151.23851426262755,-33.913606674701938],[151.23827867998338,-33.913572185125197],[151.23804309432396,-33.913537694155529]]},"properties":{"fromHouseNumber":"4","toHouseNumber":"12","streetName":"Silver Street","suburb":"Randwick","residentParkingSchemeZone":"RA1","availableSpace":"11","OBJECTID":289,"inspector":null,"inspectionDate":null,"zoneType":null,"SHAPE.STLength()":44.236278264143117}},{"type":"Feature","id":290,"geometry":{"type":"LineString","coordinates":[[151.23845893456888,-33.913490438482377],[151.23849735697536,-33.913496083906352],[151.23851081082768,-33.913498072647577],[151.23853573342333,-33.913501808014288]]},"properties":{"fromHouseNumber":"3","toHouseNumber":"7","streetName":"Silver Street","suburb":"Randwick","residentParkingSchemeZone":"RA1","availableSpace":"5","OBJECTID":290,"inspector":null,"inspectionDate":null,"zoneType":null,"SHAPE.STLength()":7.2128080100786889}},{"type":"Feature","id":291,"geometry":{"type":"LineString","coordinates":[[151.23830841842673,-33.913468324989289],[151.23835852323955,-33.913475686795778],[151.238408625918,-33.913483047649727]]},"properties":{"fromHouseNumber":"3","toHouseNumber":"7","streetName":"Silver Street","suburb":"Randwick","residentParkingSchemeZone":"RA1","availableSpace":"5","OBJECTID":291,"inspector":null,"inspectionDate":null,"zoneType":null,"SHAPE.STLength()":9.4091253947722606}},{"type":"Feature","id":292,"geometry":{"type":"LineString","coordinates":[[151.24292203430048,-33.913912634792155],[151.24296034412254,-33.913725007470966],[151.24299865238095,-33.913537394535311]]},"properties":{"fromHouseNumber":"2","toHouseNumber":"10","streetName":"Victoria Street","suburb":"Randwick","residentParkingSchemeZone":"RA2","availableSpace":"5","OBJECTID":292,"inspector":null,"inspectionDate":null,"zoneType":"2P 8am - 6pm Mon-Fri Permit Holders Excepted","SHAPE.STLength()":42.217594873587267}},{"type":"Feature","id":293,"geometry":{"type":"LineString","coordinates":[[151.2380746114855,-33.913433974956291],[151.23816494373102,-33.913447246272604],[151.23825528462041,-33.913460519450162]]},"properties":{"fromHouseNumber":"3","toHouseNumber":"7","streetName":"Silver Street","suburb":"Randwick","residentParkingSchemeZone":"RA1","availableSpace":"5","OBJECTID":293,"inspector":null,"inspectionDate":null,"zoneType":null,"SHAPE.STLength()":16.964562359377794}},{"type":"Feature","id":294,"geometry":{"type":"LineString","coordinates":[[151.24314385048427,-33.913470950072863],[151.24308560598141,-33.913762620228482],[151.24302741409079,-33.91405402417179]]},"properties":{"fromHouseNumber":"1","toHouseNumber":"15","streetName":"Victoria Street","suburb":"Randwick","residentParkingSchemeZone":"RA2","availableSpace":"8","OBJECTID":294,"inspector":null,"inspectionDate":null,"zoneType":null,"SHAPE.STLength()":65.560403006998655}},{"type":"Feature","id":295,"geometry":{"type":"LineString","coordinates":[[151.24410743848614,-33.913405622900257],[151.24411433576373,-33.913406620296293],[151.2441215166352,-33.913407659609291],[151.2442405431037,-33.913425194225084],[151.2443605217872,-33.913442868547598],[151.24436789541625,-33.913443843865693],[151.24437243005559,-33.913444443255749],[151.24437371150094,-33.913444612118084]]},"properties":{"fromHouseNumber":"228","toHouseNumber":"236","streetName":"Alison Road","suburb":"Randwick","residentParkingSchemeZone":"RA2","availableSpace":"4","OBJECTID":295,"inspector":null,"inspectionDate":null,"zoneType":null,"SHAPE.STLength()":24.999691388912002}},{"type":"Feature","id":296,"geometry":{"type":"LineString","coordinates":[[151.23884871796255,-33.913297018556349],[151.23884557080095,-33.913312987590274],[151.23884206971366,-33.913330755948905],[151.23884129253767,-33.913334570025214],[151.23884036271784,-33.913338916651639],[151.23883247041587,-33.913375819400997],[151.23881561845218,-33.913454609793355]]},"properties":{"fromHouseNumber":"Silver Street","toHouseNumber":"4","streetName":"Elizabeth Street","suburb":"Randwick","residentParkingSchemeZone":"RA1","availableSpace":"3","OBJECTID":296,"inspector":null,"inspectionDate":null,"zoneType":null,"SHAPE.STLength()":17.745116096818837}},{"type":"Feature","id":297,"geometry":{"type":"LineString","coordinates":[[151.24277721325032,-33.913214295072777],[151.24281290469335,-33.913219423155518],[151.24285898211716,-33.913226043039181],[151.24291655195069,-33.913234313878142],[151.24298612428342,-33.913244308762366],[151.24308086948648,-33.913257920793235],[151.24312539623924,-33.913264317362938],[151.24316391470117,-33.913269826540393],[151.24323145738703,-33.913279485734961],[151.24358782860077,-33.913330448645418],[151.24361027241198,-33.913333657981482],[151.24363043933741,-33.913336559803682],[151.24365405123723,-33.913339980570328],[151.24367078531691,-33.913342405091413],[151.24368111606964,-33.913343901456358],[151.24368569481555,-33.913344564622747]]},"properties":{"fromHouseNumber":"208","toHouseNumber":"238-242","streetName":"Alison Road","suburb":"Randwick","residentParkingSchemeZone":"RA2","availableSpace":"16","OBJECTID":297,"inspector":null,"inspectionDate":null,"zoneType":null,"SHAPE.STLength()":85.242228369175137}},{"type":"Feature","id":298,"geometry":{"type":"LineString","coordinates":[[151.23513867945917,-33.914712153444398],[151.23514316331418,-33.914681017447315],[151.23530076649467,-33.913836751720268],[151.23531346140459,-33.913768745740335],[151.23531481100017,-33.91376151688074],[151.23531627118922,-33.913753802665454],[151.23531939413391,-33.913737467280363],[151.23532389180352,-33.913713943072139],[151.23533721643528,-33.913644244525827],[151.23534499107487,-33.913603575569852],[151.23535356579714,-33.913558723175697],[151.23536161923582,-33.913516596489735],[151.23537841223319,-33.913428754997355],[151.23539027966174,-33.91336667421389],[151.23539868341911,-33.913322714793914],[151.23541149383848,-33.913255707778092],[151.23541908649278,-33.913215992954179],[151.23542353695157,-33.913192709729849],[151.23542948936111,-33.913161574017785],[151.23543719349613,-33.913121277362407],[151.23544322718462,-33.913089713584746],[151.23544981482308,-33.913055255037293],[151.23545794700456,-33.913012713765553],[151.23546767933399,-33.912961805615375]]},"properties":{"fromHouseNumber":"11","toHouseNumber":"39","streetName":"Wansey Road","suburb":"Randwick","residentParkingSchemeZone":"RA1","availableSpace":"20","OBJECTID":298,"inspector":null,"inspectionDate":null,"zoneType":null,"SHAPE.STLength()":196.50802280393933}},{"type":"Feature","id":299,"geometry":{"type":"LineString","coordinates":[[151.22274497161027,-33.912746318484629],[151.2225682881423,-33.912730427796745],[151.22239156047712,-33.91271453351289]]},"properties":{"fromHouseNumber":"2","toHouseNumber":"17","streetName":"Grosvenor Street","suburb":"Kensington","residentParkingSchemeZone":"KN2","availableSpace":"5","OBJECTID":299,"inspector":null,"inspectionDate":null,"zoneType":null,"SHAPE.STLength()":32.87056417564115}},{"type":"Feature","id":300,"geometry":{"type":"LineString","coordinates":[[151.2360489683723,-33.913978453447044],[151.23605907688622,-33.91397262421988],[151.23607184869832,-33.91395874361757],[151.23608550862747,-33.913911478817013],[151.23609912185302,-33.913864380167567],[151.23619155604763,-33.913395208619619],[151.23619202836298,-33.913392810438999],[151.236192260374,-33.913391628873278],[151.23619279116934,-33.91338870220774],[151.23619423207285,-33.91338076497356],[151.23619677103497,-33.913366779252542],[151.23620173056941,-33.913339461680863],[151.23620818465065,-33.913303912773088],[151.23621161327029,-33.913285016283098],[151.23622170579242,-33.913229520654568],[151.23623217595707,-33.913171758945381],[151.23624079083797,-33.913124302821373],[151.23625054393523,-33.913070580562149],[151.23627067850475,-33.912959670627451],[151.23628234216804,-33.912895423542771],[151.23629486838831,-33.91282642490674],[151.23630147754005,-33.912809117752182],[151.23630280596444,-33.912805640725331]]},"properties":{"fromHouseNumber":"2","toHouseNumber":"20","streetName":"Bradley Street","suburb":"Randwick","residentParkingSchemeZone":"RA1","availableSpace":"","OBJECTID":300,"inspector":null,"inspectionDate":null,"zoneType":null,"SHAPE.STLength()":132.80104193542394}},{"type":"Feature","id":301,"geometry":{"type":"LineString","coordinates":[[151.22491611870637,-33.912559257527164],[151.22489706631134,-33.912658327579678],[151.22487803089274,-33.912757306796003]]},"properties":{"fromHouseNumber":"168","toHouseNumber":"172","streetName":"Doncaster Avenue","suburb":"Kensington","residentParkingSchemeZone":"KN2","availableSpace":"4","OBJECTID":301,"inspector":null,"inspectionDate":null,"zoneType":null,"SHAPE.STLength()":22.246866710879353}},{"type":"Feature","id":302,"geometry":{"type":"LineString","coordinates":[[151.24093991351697,-33.912601266969943],[151.24096144955769,-33.912501907664705],[151.24098299159795,-33.912402516878053]]},"properties":{"fromHouseNumber":"Frances Street","toHouseNumber":"40","streetName":"The Avenue","suburb":"Randwick","residentParkingSchemeZone":"RA3","availableSpace":"4","OBJECTID":302,"inspector":null,"inspectionDate":null,"zoneType":null,"SHAPE.STLength()":22.400929608051431}},{"type":"Feature","id":303,"geometry":{"type":"LineString","coordinates":[[151.24453322465104,-33.912453979035803],[151.24442630283795,-33.912437569548565],[151.24431938216978,-33.91242115908365]]},"properties":{"fromHouseNumber":"17","toHouseNumber":"23","streetName":"Rae Street","suburb":"Randwick","residentParkingSchemeZone":"RA2","availableSpace":"4","OBJECTID":303,"inspector":null,"inspectionDate":null,"zoneType":null,"SHAPE.STLength()":20.106802119512675}},{"type":"Feature","id":304,"geometry":{"type":"LineString","coordinates":[[151.24426185167357,-33.912523560482256],[151.24424972817584,-33.912521728404748],[151.2442372747422,-33.912519846534245],[151.2442278608147,-33.912518423707461],[151.24421103413033,-33.912515880717244],[151.24419316266074,-33.912513179449327],[151.2441855989552,-33.912512036392521],[151.2441805074069,-33.912511276660403],[151.24417505870622,-33.912510475765451],[151.24408870772467,-33.912497779630037],[151.24393644372486,-33.912475357738728],[151.24375527701545,-33.912448678387648],[151.24370276605745,-33.912440935485854],[151.24365650336523,-33.912434031937053],[151.24361095234133,-33.912427234107199]]},"properties":{"fromHouseNumber":"8","toHouseNumber":"20","streetName":"Rae Street","suburb":"Randwick","residentParkingSchemeZone":"RA2","availableSpace":"9","OBJECTID":304,"inspector":null,"inspectionDate":null,"zoneType":null,"SHAPE.STLength()":61.13118956202419}},{"type":"Feature","id":305,"geometry":{"type":"LineString","coordinates":[[151.24362884379491,-33.912316850775042],[151.24380430110759,-33.912343348782869],[151.24397972187018,-33.912369841512245]]},"properties":{"fromHouseNumber":"3","toHouseNumber":"11","streetName":"Rae Street","suburb":"Randwick","residentParkingSchemeZone":"RA2","availableSpace":"6","OBJECTID":305,"inspector":null,"inspectionDate":null,"zoneType":null,"SHAPE.STLength()":32.97462903526062}},{"type":"Feature","id":306,"geometry":{"type":"LineString","coordinates":[[151.23631413031072,-33.912731036773721],[151.23631373715847,-33.91272004070742],[151.23632142325343,-33.91267902233384],[151.23635988452304,-33.912483085382121],[151.23640849849716,-33.912235428308996]]},"properties":{"fromHouseNumber":"Alison Road","toHouseNumber":"Bradley Lane ","streetName":"Bradley Street","suburb":"Randwick","residentParkingSchemeZone":"RA1","availableSpace":"6","OBJECTID":306,"inspector":null,"inspectionDate":null,"zoneType":null,"SHAPE.STLength()":55.679589837709322}},{"type":"Feature","id":307,"geometry":{"type":"LineString","coordinates":[[151.23734335937169,-33.912247281541255],[151.23732305431784,-33.912242602991142],[151.23723027847237,-33.912219072139443],[151.23722359906736,-33.912217377727202],[151.23721855843223,-33.912215988119115],[151.23717842058267,-33.912204918112934],[151.23714651848357,-33.912196121167554],[151.23712490206859,-33.912190155960758],[151.23708209510747,-33.912177346122078],[151.23704100160583,-33.912165048643956],[151.2370272210147,-33.912160924250188],[151.23699678546561,-33.91215108060095],[151.23695302525223,-33.912136926999203]]},"properties":{"fromHouseNumber":"122","toHouseNumber":"128","streetName":"Alison Road","suburb":"Randwick","residentParkingSchemeZone":"RA3","availableSpace":"3","OBJECTID":307,"inspector":null,"inspectionDate":null,"zoneType":null,"SHAPE.STLength()":38.130740703294371}},{"type":"Feature","id":308,"geometry":{"type":"LineString","coordinates":[[151.22175724096837,-33.911652543733823],[151.22167372513027,-33.911644993859383],[151.22153270772651,-33.911632245392191],[151.22146323753844,-33.91162596500083],[151.22140080150663,-33.911620320005675],[151.22134981702942,-33.911615552771096],[151.22128027164504,-33.911608988946135],[151.22080383118362,-33.911564003487861]]},"properties":{"fromHouseNumber":"22","toHouseNumber":"32-34","streetName":"Addison Street","suburb":"Kensington","residentParkingSchemeZone":"KN2","availableSpace":"","OBJECTID":308,"inspector":null,"inspectionDate":null,"zoneType":null,"SHAPE.STLength()":88.711265734747826}},{"type":"Feature","id":309,"geometry":{"type":"LineString","coordinates":[[151.22082246425143,-33.911464142658517],[151.22082993006751,-33.911462117017628],[151.22084864682213,-33.911462657979349],[151.22086724308235,-33.911464729252828],[151.22124959852368,-33.911498938496607],[151.22166999722859,-33.911536550003099],[151.22167583533263,-33.911536032858471]]},"properties":{"fromHouseNumber":"22","toHouseNumber":"32-34","streetName":"Addison Street","suburb":"Kensington","residentParkingSchemeZone":"KN2","availableSpace":"","OBJECTID":309,"inspector":null,"inspectionDate":null,"zoneType":null,"SHAPE.STLength()":79.39608053513156}},{"type":"Feature","id":310,"geometry":{"type":"LineString","coordinates":[[151.24113189876715,-33.911703538628203],[151.24101057601848,-33.912275401740636]]},"properties":{"fromHouseNumber":"Frances Street","toHouseNumber":"40","streetName":"The Avenue","suburb":"Randwick","residentParkingSchemeZone":"RA3","availableSpace":"11","OBJECTID":310,"inspector":null,"inspectionDate":null,"zoneType":"2P 8am - 6pm Mon-Fri Permit Holders Excepted","SHAPE.STLength()":64.411404804584109}},{"type":"Feature","id":311,"geometry":{"type":"LineString","coordinates":[[151.2391916631675,-33.911817533716956],[151.23921320753024,-33.911722325580115],[151.23923476249871,-33.911627072501808]]},"properties":{"fromHouseNumber":"9","toHouseNumber":"23","streetName":"Cook Street","suburb":"Randwick","residentParkingSchemeZone":"RA3","availableSpace":"4","OBJECTID":311,"inspector":null,"inspectionDate":null,"zoneType":null,"SHAPE.STLength()":21.497245854573631}},{"type":"Feature","id":312,"geometry":{"type":"LineString","coordinates":[[151.24005151523801,-33.911522435908417],[151.24004611846777,-33.911545152133542],[151.24004133260294,-33.911565299006384],[151.2400385726437,-33.911576916391432],[151.24003287865673,-33.91160088449567],[151.24002908378179,-33.911616861444067],[151.24001292987495,-33.911696019113876],[151.23997745246902,-33.911869877570318]]},"properties":{"fromHouseNumber":"3","toHouseNumber":"6","streetName":"Abbey Street","suburb":"Randwick","residentParkingSchemeZone":"RA3","availableSpace":"6","OBJECTID":312,"inspector":null,"inspectionDate":null,"zoneType":null,"SHAPE.STLength()":39.142379869258278}},{"type":"Feature","id":313,"geometry":{"type":"LineString","coordinates":[[151.23635548709476,-33.911731782629403],[151.23635303749151,-33.911726003444365],[151.23633274380666,-33.911662255357143],[151.23632701870426,-33.911644273767941],[151.23632268836013,-33.911630670277177],[151.2363220377726,-33.911628598673673],[151.23632100883165,-33.911625048203788],[151.23631112234281,-33.911590932548421],[151.23629448255917,-33.911533517426889],[151.23629382019402,-33.911531230138095],[151.23629335782053,-33.911529472331473],[151.23628984036282,-33.911516100508052],[151.23628229698161,-33.911487421652488],[151.2362795828806,-33.911477105618168],[151.23627722191813,-33.911468127417365],[151.23627458001974,-33.911458086546844],[151.2362731046635,-33.911452476414695],[151.23627202042979,-33.911448355251125]]},"properties":{"fromHouseNumber":"114","toHouseNumber":"116","streetName":"Alison Road","suburb":"Randwick","residentParkingSchemeZone":"RA3","availableSpace":"5","OBJECTID":313,"inspector":null,"inspectionDate":null,"zoneType":null,"SHAPE.STLength()":32.377661568781498}},{"type":"Feature","id":314,"geometry":{"type":"LineString","coordinates":[[151.22461460321986,-33.911258751758631],[151.22475622884375,-33.911271999613241],[151.22489789892364,-33.911285244339467]]},"properties":{"fromHouseNumber":"17","toHouseNumber":"Doncaster Ave","streetName":"Darling Street","suburb":"Kensington","residentParkingSchemeZone":"KN2","availableSpace":"14","OBJECTID":314,"inspector":null,"inspectionDate":null,"zoneType":null,"SHAPE.STLength()":26.361885476303886}},{"type":"Feature","id":315,"geometry":{"type":"LineString","coordinates":[[151.24422961703954,-33.911521227378643],[151.24417004725242,-33.911792665831641],[151.24411049122756,-33.912063940317189]]},"properties":{"fromHouseNumber":"3","toHouseNumber":"25","streetName":"Wood Street","suburb":"Randwick","residentParkingSchemeZone":"RA2","availableSpace":"10","OBJECTID":315,"inspector":null,"inspectionDate":null,"zoneType":null,"SHAPE.STLength()":61.193328943380507}},{"type":"Feature","id":316,"geometry":{"type":"LineString","coordinates":[[151.22417221930482,-33.911217412947067],[151.22436839530195,-33.911235729419211],[151.22447088803747,-33.911245298673656],[151.22456456552374,-33.911254068040158]]},"properties":{"fromHouseNumber":"17","toHouseNumber":"Doncaster Ave","streetName":"Darling Street","suburb":"Kensington","residentParkingSchemeZone":"KN2","availableSpace":"14","OBJECTID":316,"inspector":null,"inspectionDate":null,"zoneType":null,"SHAPE.STLength()":36.509088822262676}},{"type":"Feature","id":317,"geometry":{"type":"LineString","coordinates":[[151.22415623158128,-33.911215919935643],[151.22397851641477,-33.911199327512023],[151.2238895903167,-33.911191024805667],[151.22380080811175,-33.911182772804949]]},"properties":{"fromHouseNumber":"1","toHouseNumber":"15","streetName":"Darling Street","suburb":"Kensington","residentParkingSchemeZone":"KN2","availableSpace":"6","OBJECTID":317,"inspector":null,"inspectionDate":null,"zoneType":null,"SHAPE.STLength()":33.072605239366219}},{"type":"Feature","id":318,"geometry":{"type":"LineString","coordinates":[[151.23926208878481,-33.911490166573302],[151.23927609095028,-33.911417533914502],[151.23929008953036,-33.911344916531299]]},"properties":{"fromHouseNumber":"15","toHouseNumber":"17","streetName":"Cook Street","suburb":"Randwick","residentParkingSchemeZone":"RA3","availableSpace":"3","OBJECTID":318,"inspector":null,"inspectionDate":null,"zoneType":null,"SHAPE.STLength()":16.316829217195906}},{"type":"Feature","id":319,"geometry":{"type":"LineString","coordinates":[[151.2252128185911,-33.911042242561251],[151.22517734089547,-33.911224386841063],[151.22514182709941,-33.911406699208229]]},"properties":{"fromHouseNumber":"136","toHouseNumber":"146","streetName":"Doncaster Avenue","suburb":"Kensington","residentParkingSchemeZone":"KN2","availableSpace":"7","OBJECTID":319,"inspector":null,"inspectionDate":null,"zoneType":"1P 8am - 6pm Mon-Fri Permit Holders Excepted","SHAPE.STLength()":40.952680026765165}},{"type":"Feature","id":320,"geometry":{"type":"LineString","coordinates":[[151.2392287205812,-33.910968667718564],[151.23921912621844,-33.911018301329023],[151.23913499489845,-33.911452952126211],[151.23913383322306,-33.911458950139391],[151.23913355244619,-33.91146040153734],[151.23913170581989,-33.911469938113996],[151.23912996919427,-33.911478911772569],[151.239124335931,-33.91150801251834],[151.23911527063697,-33.911554843849579],[151.23911042749097,-33.911579867390799],[151.23909985438013,-33.911634485349509],[151.239094793476,-33.91166063024901],[151.23909208143917,-33.911674643324936],[151.23909020443355,-33.911684341779811],[151.23908856971187,-33.91169225193628],[151.23907981750983,-33.911734429336448],[151.23905628972909,-33.911847812566101],[151.23905074028224,-33.911874466272749],[151.23904609671817,-33.91189672611668],[151.23903774784003,-33.911936750507429]]},"properties":{"fromHouseNumber":"28","toHouseNumber":"52","streetName":"Cook Street","suburb":"Randwick","residentParkingSchemeZone":"RA3","availableSpace":"21","OBJECTID":320,"inspector":null,"inspectionDate":null,"zoneType":"2P 8am - 6pm Mon-Fri Permit Holders Excepted","SHAPE.STLength()":108.81665147374149}},{"type":"Feature","id":321,"geometry":{"type":"LineString","coordinates":[[151.23996639101406,-33.910841111885105],[151.23993924183895,-33.910837553295778],[151.23993292644931,-33.91083672539915],[151.23992111435271,-33.910835176891837],[151.23990509451389,-33.910833076787938],[151.23986993124754,-33.910827882388823],[151.23978122571754,-33.910814778994194],[151.23977914455904,-33.910814476917558],[151.23977354013456,-33.910813682621381]]},"properties":{"fromHouseNumber":"5","toHouseNumber":"11A","streetName":"Frances Street","suburb":"Randwick","residentParkingSchemeZone":"RA3","availableSpace":"3","OBJECTID":321,"inspector":null,"inspectionDate":null,"zoneType":null,"SHAPE.STLength()":18.092122220131035}},{"type":"Feature","id":322,"geometry":{"type":"LineString","coordinates":[[151.22508484357556,-33.911029192906369],[151.22513134491649,-33.910780154124815],[151.22516667594059,-33.910590941692142],[151.22516831839545,-33.910582145442135],[151.22516935571053,-33.910576662481844],[151.22517193134385,-33.910563128411567],[151.22517800766539,-33.910531192482743]]},"properties":{"fromHouseNumber":"81A","toHouseNumber":"85","streetName":"Doncaster Avenue","suburb":"Kensington","residentParkingSchemeZone":"KN2","availableSpace":"8","OBJECTID":322,"inspector":null,"inspectionDate":null,"zoneType":null,"SHAPE.STLength()":55.902711449132234}},{"type":"Feature","id":323,"geometry":{"type":"LineString","coordinates":[[151.23828604671669,-33.911038964336086],[151.2383171141787,-33.910881304437162],[151.23832049935694,-33.910864122365318],[151.23832185743484,-33.91085720198182],[151.23832223878912,-33.910855120804733],[151.23832414492418,-33.910844693268352],[151.23832663616793,-33.910831060291258],[151.23832877626003,-33.910819354725277],[151.23833099674741,-33.91080721116063],[151.23833317227522,-33.910795307718033],[151.23833437271421,-33.910788742169188],[151.23833654095586,-33.91077687739719],[151.23833835074294,-33.910766979608553],[151.23834023373294,-33.910756677984608],[151.23834237380234,-33.910744973319602],[151.2383463054712,-33.910723466190227]]},"properties":{"fromHouseNumber":"Cnr","toHouseNumber":"45","streetName":"Church Street","suburb":"Randwick","residentParkingSchemeZone":"RA3","availableSpace":"6","OBJECTID":323,"inspector":null,"inspectionDate":null,"zoneType":null,"SHAPE.STLength()":35.434230812218267}},{"type":"Feature","id":324,"geometry":{"type":"LineString","coordinates":[[151.23811781309968,-33.911232423924474],[151.23816902042321,-33.910978076114034],[151.23818704404417,-33.91088854926371],[151.23818835465562,-33.910882043906255],[151.23818880477796,-33.91087972204646],[151.23819367744713,-33.910854115537724],[151.2382185014626,-33.910723666596873]]},"properties":{"fromHouseNumber":"16","toHouseNumber":"22","streetName":"Church Street","suburb":"Randwick","residentParkingSchemeZone":"RA3","availableSpace":"8","OBJECTID":324,"inspector":null,"inspectionDate":null,"zoneType":null,"SHAPE.STLength()":57.191179582130999}},{"type":"Feature","id":325,"geometry":{"type":"LineString","coordinates":[[151.23813846141084,-33.910577947648719],[151.2380304718769,-33.910563621148853],[151.23792237457715,-33.910549277683032]]},"properties":{"fromHouseNumber":"5","toHouseNumber":"11A","streetName":"Frances Street","suburb":"Randwick","residentParkingSchemeZone":"RA3","availableSpace":"3","OBJECTID":325,"inspector":null,"inspectionDate":null,"zoneType":null,"SHAPE.STLength()":20.234003607026622}},{"type":"Feature","id":326,"geometry":{"type":"LineString","coordinates":[[151.23795026595295,-33.910457979475723],[151.23803588042909,-33.91046900201075],[151.23812150894867,-33.910480026490994]]},"properties":{"fromHouseNumber":"10","toHouseNumber":"10","streetName":"Frances Street","suburb":"Randwick","residentParkingSchemeZone":"RA3","availableSpace":"3","OBJECTID":326,"inspector":null,"inspectionDate":null,"zoneType":null,"SHAPE.STLength()":16.023356337873686}},{"type":"Feature","id":327,"geometry":{"type":"LineString","coordinates":[[151.22509564060982,-33.910300791825037],[151.22506755483974,-33.910298839599676],[151.22502535057791,-33.910295906552854],[151.22500264308627,-33.910294327610465],[151.22489851624144,-33.910284544992422],[151.22470156099124,-33.910266040521797]]},"properties":{"fromHouseNumber":"169","toHouseNumber":"END","streetName":"Todman Avenue","suburb":"Kensington","residentParkingSchemeZone":"KN2","availableSpace":"12","OBJECTID":327,"inspector":null,"inspectionDate":null,"zoneType":null,"SHAPE.STLength()":36.648757023126123}},{"type":"Feature","id":328,"geometry":{"type":"LineString","coordinates":[[151.22211074672674,-33.910066910714562],[151.22206807192433,-33.910297217534492],[151.22202539070923,-33.910527560304779]]},"properties":{"fromHouseNumber":"END","toHouseNumber":"1","streetName":"Villiers Street","suburb":"Kensington","residentParkingSchemeZone":"KN2","availableSpace":"9","OBJECTID":328,"inspector":null,"inspectionDate":null,"zoneType":null,"SHAPE.STLength()":51.698320917532619}},{"type":"Feature","id":330,"geometry":{"type":"LineString","coordinates":[[151.22191068031466,-33.910438524419746],[151.22194902712974,-33.910232179328624],[151.22198737002577,-33.91002585670298]]},"properties":{"fromHouseNumber":"END","toHouseNumber":"2","streetName":"Villiers Street","suburb":"Kensington","residentParkingSchemeZone":"KN2","availableSpace":"6","OBJECTID":330,"inspector":null,"inspectionDate":null,"zoneType":null,"SHAPE.STLength()":46.3165317201302}},{"type":"Feature","id":331,"geometry":{"type":"LineString","coordinates":[[151.22177167100648,-33.909924110522653],[151.22150547486285,-33.909888330927053],[151.22137214609774,-33.909870409177564],[151.2213653096567,-33.90986979102675],[151.22135327750982,-33.909868603672443],[151.22133656312536,-33.909861706496947],[151.22131470965815,-33.909853441089133],[151.22130302394734,-33.909850935881749],[151.22129171402062,-33.909848510945928],[151.22127514630867,-33.909847619665086],[151.22126196107493,-33.909846909798759],[151.22124295068542,-33.909842195920824]]},"properties":{"fromHouseNumber":"213","toHouseNumber":"135","streetName":"Todman Avenue","suburb":"Kensington","residentParkingSchemeZone":"KN2","availableSpace":"","OBJECTID":331,"inspector":null,"inspectionDate":null,"zoneType":null,"SHAPE.STLength()":49.910624762932173}},{"type":"Feature","id":332,"geometry":{"type":"LineString","coordinates":[[151.23938707846617,-33.910066356543958],[151.23937157910416,-33.910142915659812],[151.2393696819646,-33.910152281992879],[151.23936899573417,-33.910155673556318],[151.23936844894067,-33.91015854320063],[151.2393671558217,-33.910165359924662],[151.23936379437868,-33.910183082514763],[151.23935942732274,-33.910206105600452],[151.23935687379713,-33.91021956818463]]},"properties":{"fromHouseNumber":"14","toHouseNumber":"16","streetName":"Cook Street","suburb":"Randwick","residentParkingSchemeZone":"RA3","availableSpace":"3","OBJECTID":332,"inspector":null,"inspectionDate":null,"zoneType":"2P 8am - 6pm Mon-Fri Permit Holders Excepted","SHAPE.STLength()":17.221358831816367}},{"type":"Feature","id":333,"geometry":{"type":"LineString","coordinates":[[151.22041719428736,-33.909739861698625],[151.22057311019637,-33.909760697072464],[151.22072903155876,-33.909781534132264]]},"properties":{"fromHouseNumber":"117","toHouseNumber":"119","streetName":"Todman Avenue","suburb":"Kensington","residentParkingSchemeZone":"KN2","availableSpace":"4","OBJECTID":333,"inspector":null,"inspectionDate":null,"zoneType":null,"SHAPE.STLength()":29.205590277654725}},{"type":"Feature","id":334,"geometry":{"type":"LineString","coordinates":[[151.22156822154781,-33.909690986951048],[151.22156350236884,-33.90969033446536],[151.22155217783089,-33.909688769602546],[151.22154316005387,-33.909687523005083],[151.22153205013166,-33.909685987390603],[151.22151297065957,-33.909683350165714],[151.2214918475851,-33.909680430032388],[151.22146971940333,-33.909677371839742],[151.22145645696068,-33.909675538213307],[151.22145557025908,-33.909675427116383],[151.22142309707829,-33.909671340298416],[151.22127774448927,-33.909653046397302]]},"properties":{"fromHouseNumber":"84","toHouseNumber":"92-96","streetName":"Todman Avenue","suburb":"Kensington","residentParkingSchemeZone":"KN2","availableSpace":"","OBJECTID":334,"inspector":null,"inspectionDate":null,"zoneType":null,"SHAPE.STLength()":27.190529608053819}},{"type":"Feature","id":335,"geometry":{"type":"LineString","coordinates":[[151.23942208080561,-33.909893471621992],[151.23940888210313,-33.909958663802072],[151.23939567374595,-33.91002390363407]]},"properties":{"fromHouseNumber":"10","toHouseNumber":"12","streetName":"Cook Street","suburb":"Randwick","residentParkingSchemeZone":"RA3","availableSpace":"2","OBJECTID":335,"inspector":null,"inspectionDate":null,"zoneType":"2P 8am - 6pm Mon-Fri Permit Holders Excepted","SHAPE.STLength()":14.671217422218309}},{"type":"Feature","id":337,"geometry":{"type":"LineString","coordinates":[[151.23944648084642,-33.909765650307456],[151.23943848093697,-33.909808080174741],[151.23943048724047,-33.909850470453264]]},"properties":{"fromHouseNumber":"6","toHouseNumber":"8","streetName":"Cook Street","suburb":"Randwick","residentParkingSchemeZone":"RA3","availableSpace":"2","OBJECTID":337,"inspector":null,"inspectionDate":null,"zoneType":"2P 8am - 6pm Mon-Fri Permit Holders Excepted","SHAPE.STLength()":9.5231761940483857}},{"type":"Feature","id":338,"geometry":{"type":"LineString","coordinates":[[151.23837820878234,-33.910458910282998],[151.23838300834399,-33.91042481731651],[151.23838973462628,-33.910377035501313],[151.23840396623004,-33.910308992486875],[151.23841394779956,-33.91026126806053],[151.2384322158878,-33.910173925069671],[151.23844143441582,-33.910129852603781],[151.23844998697822,-33.910088342380774],[151.23849190078306,-33.909882729575727],[151.23849710483836,-33.909857199026924],[151.23850016277831,-33.909839149296857],[151.23850710450259,-33.909798183220076],[151.23851790441785,-33.909734440199372],[151.23852073949183,-33.909717707432065]]},"properties":{"fromHouseNumber":"25","toHouseNumber":"35","streetName":"Church Street","suburb":"Randwick","residentParkingSchemeZone":"RA3","availableSpace":"10","OBJECTID":338,"inspector":null,"inspectionDate":null,"zoneType":null,"SHAPE.STLength()":83.273563161878172}},{"type":"Feature","id":339,"geometry":{"type":"LineString","coordinates":[[151.23630638429236,-33.90990150954066],[151.23633540650496,-33.909751932053574],[151.23636002919622,-33.909625020868809],[151.23636144265103,-33.909617728881535],[151.23636200001289,-33.909614560926578],[151.23636369151487,-33.909604954541109],[151.23636414842406,-33.909602357754004]]},"properties":{"fromHouseNumber":"32","toHouseNumber":"Cnr","streetName":"Prince Street","suburb":"Randwick","residentParkingSchemeZone":"RA3","availableSpace":"7","OBJECTID":339,"inspector":null,"inspectionDate":null,"zoneType":null,"SHAPE.STLength()":33.607169767055332}},{"type":"Feature","id":340,"geometry":{"type":"LineString","coordinates":[[151.23947412682367,-33.909620562823314],[151.23947315958205,-33.909624944992878],[151.23947219368105,-33.909629314557151],[151.23947098626377,-33.909635698769875],[151.23946344295561,-33.909675701363135],[151.23945304210753,-33.909730855670496]]},"properties":{"fromHouseNumber":"2","toHouseNumber":"4","streetName":"Cook Street","suburb":"Randwick","residentParkingSchemeZone":"RA3","availableSpace":"2","OBJECTID":340,"inspector":null,"inspectionDate":null,"zoneType":"2P 8am - 6pm Mon-Fri Permit Holders Excepted","SHAPE.STLength()":12.387597015842095}},{"type":"Feature","id":341,"geometry":{"type":"LineString","coordinates":[[151.23831688033414,-33.91001832226317],[151.23832921875396,-33.909955453422214],[151.23834119605078,-33.909895994313587],[151.23835977214242,-33.909803879202258],[151.23838407761278,-33.909683356381201],[151.23839438290162,-33.909632405636678],[151.23840307962325,-33.909589459195537]]},"properties":{"fromHouseNumber":"6","toHouseNumber":"8","streetName":"Church Street","suburb":"Randwick","residentParkingSchemeZone":"RA3","availableSpace":"7","OBJECTID":341,"inspector":null,"inspectionDate":null,"zoneType":"2P 8am - 6pm Mon-Fri Permit Holders Excepted","SHAPE.STLength()":48.229712458972699}},{"type":"Feature","id":342,"geometry":{"type":"LineString","coordinates":[[151.23965949596374,-33.909326084020599],[151.23964036882276,-33.909424085277635],[151.23962123593031,-33.909522100875186]]},"properties":{"fromHouseNumber":"Cowper Street","toHouseNumber":"1","streetName":"Cook Street","suburb":"Randwick","residentParkingSchemeZone":"RA3","availableSpace":"4","OBJECTID":342,"inspector":null,"inspectionDate":null,"zoneType":null,"SHAPE.STLength()":22.026759074366364}},{"type":"Feature","id":343,"geometry":{"type":"LineString","coordinates":[[151.23953803527934,-33.909310965723328],[151.23952713816382,-33.909380579614584],[151.23951593887824,-33.909431281430088],[151.23948941177832,-33.909551368764419]]},"properties":{"fromHouseNumber":"60","toHouseNumber":"2","streetName":"Cook Street","suburb":"Randwick","residentParkingSchemeZone":"RA3","availableSpace":"4","OBJECTID":343,"inspector":null,"inspectionDate":null,"zoneType":"2P 8am - 6pm Mon-Fri Permit Holders Excepted","SHAPE.STLength()":27.047807241050595}},{"type":"Feature","id":344,"geometry":{"type":"LineString","coordinates":[[151.22453424010703,-33.908956382953399],[151.22497493456117,-33.908999576049858],[151.22509065272962,-33.909010917041847],[151.22520927595738,-33.909018915563401],[151.22528669276716,-33.909024135174981],[151.22541658993723,-33.909036453908442]]},"properties":{"fromHouseNumber":"11","toHouseNumber":"Doncaster Ave","streetName":"Bowral Street","suburb":"Kensington","residentParkingSchemeZone":"KN2","availableSpace":"3","OBJECTID":344,"inspector":null,"inspectionDate":null,"zoneType":"4P 8am - 8pm Mon-Sun Permit Holders Excepted","SHAPE.STLength()":82.087890880335877}},{"type":"Feature","id":345,"geometry":{"type":"LineString","coordinates":[[151.23838956196454,-33.909079716025524],[151.23824071390931,-33.90905964092876],[151.23809190906846,-33.909039571681873]]},"properties":{"fromHouseNumber":"44","toHouseNumber":"48","streetName":"Cowper Street","suburb":"Randwick","residentParkingSchemeZone":"RA3","availableSpace":"5","OBJECTID":345,"inspector":null,"inspectionDate":null,"zoneType":null,"SHAPE.STLength()":27.88364860273002}},{"type":"Feature","id":346,"geometry":{"type":"LineString","coordinates":[[151.22157889658482,-33.908795419322225],[151.22173886073142,-33.908817117818401],[151.2218989004642,-33.908838826216837]]},"properties":{"fromHouseNumber":"18","toHouseNumber":"8","streetName":"Duke Street","suburb":"Kensington","residentParkingSchemeZone":"KN2","availableSpace":"5","OBJECTID":346,"inspector":null,"inspectionDate":null,"zoneType":null,"SHAPE.STLength()":29.982126432930201}},{"type":"Feature","id":347,"geometry":{"type":"LineString","coordinates":[[151.23789030028234,-33.909012413700346],[151.23781330737785,-33.909002053710296],[151.23773627135762,-33.908991687644864]]},"properties":{"fromHouseNumber":"38","toHouseNumber":"40","streetName":"Cowper Street","suburb":"Randwick","residentParkingSchemeZone":"RA3","availableSpace":"2","OBJECTID":347,"inspector":null,"inspectionDate":null,"zoneType":null,"SHAPE.STLength()":14.428350632022985}},{"type":"Feature","id":348,"geometry":{"type":"LineString","coordinates":[[151.23760204859559,-33.908973626375534],[151.23754617010644,-33.908966106821175],[151.23753130692322,-33.908964106831753],[151.23751410691293,-33.90896177581822],[151.2374903041478,-33.908958504460585]]},"properties":{"fromHouseNumber":"34","toHouseNumber":"36","streetName":"Cowper Street","suburb":"Randwick","residentParkingSchemeZone":"RA3","availableSpace":"2","OBJECTID":348,"inspector":null,"inspectionDate":null,"zoneType":null,"SHAPE.STLength()":10.468969307433515}},{"type":"Feature","id":349,"geometry":{"type":"LineString","coordinates":[[151.2374231191377,-33.908949270215579],[151.23736722995085,-33.90894158901537],[151.23731137744295,-33.908933912823677]]},"properties":{"fromHouseNumber":"30","toHouseNumber":"32","streetName":"Cowper Street","suburb":"Randwick","residentParkingSchemeZone":"RA3","availableSpace":"2","OBJECTID":349,"inspector":null,"inspectionDate":null,"zoneType":null,"SHAPE.STLength()":10.472928240468393}},{"type":"Feature","id":350,"geometry":{"type":"LineString","coordinates":[[151.22182109126285,-33.908722614442162],[151.22163592323085,-33.908696830580951],[151.22145075099814,-33.908671046382224]]},"properties":{"fromHouseNumber":"15","toHouseNumber":"21","streetName":"Duke Street","suburb":"Kensington","residentParkingSchemeZone":"KN2","availableSpace":"6","OBJECTID":350,"inspector":null,"inspectionDate":null,"zoneType":null,"SHAPE.STLength()":34.722395357513669}},{"type":"Feature","id":351,"geometry":{"type":"LineString","coordinates":[[151.23729328183401,-33.908822025222641],[151.23761099291372,-33.90886513854003],[151.23792894702532,-33.908908283375673]]},"properties":{"fromHouseNumber":"23","toHouseNumber":"37","streetName":"Cowper Street","suburb":"Randwick","residentParkingSchemeZone":"RA4","availableSpace":"12","OBJECTID":351,"inspector":null,"inspectionDate":null,"zoneType":"2P 8am - 6pm Mon-Fri Permit Holders Excepted","SHAPE.STLength()":59.55759449754779}},{"type":"Feature","id":352,"geometry":{"type":"LineString","coordinates":[[151.24160844323319,-33.908874022155452],[151.24176829066602,-33.90889700326472],[151.24192813280641,-33.908919983190451]]},"properties":{"fromHouseNumber":"2","toHouseNumber":null,"streetName":"Sydney Street","suburb":"Randwick","residentParkingSchemeZone":"RA6","availableSpace":"5","OBJECTID":352,"inspector":null,"inspectionDate":null,"zoneType":"2P 8:30am-6pm Mon-Fri Permit Holders Excepted","SHAPE.STLength()":30.000022456333227}},{"type":"Feature","id":353,"geometry":{"type":"LineString","coordinates":[[151.22563893940006,-33.908898912563089],[151.22566717846203,-33.908750635934879],[151.22569542338107,-33.908602332327391]]},"properties":{"fromHouseNumber":"76","toHouseNumber":"82","streetName":"Doncaster Avenue","suburb":"Kensington","residentParkingSchemeZone":"KN2","availableSpace":"5","OBJECTID":353,"inspector":null,"inspectionDate":null,"zoneType":null,"SHAPE.STLength()":33.306799733624317}},{"type":"Feature","id":354,"geometry":{"type":"LineString","coordinates":[[151.22556567294944,-33.908541432019526],[151.22557958905077,-33.908469046920359],[151.22559350400729,-33.908396663605401]]},"properties":{"fromHouseNumber":"61","toHouseNumber":"69","streetName":"Doncaster Avenue","suburb":"Kensington","residentParkingSchemeZone":"KN2","availableSpace":"3","OBJECTID":354,"inspector":null,"inspectionDate":null,"zoneType":null,"SHAPE.STLength()":16.261688665541691}},{"type":"Feature","id":355,"geometry":{"type":"LineString","coordinates":[[151.23485939168964,-33.908489764833689],[151.23467828212003,-33.908465385182701],[151.23449705831996,-33.908440991004646]]},"properties":{"fromHouseNumber":"1","toHouseNumber":"1","streetName":"Cowper Street","suburb":"Randwick","residentParkingSchemeZone":"RA4","availableSpace":"6","OBJECTID":355,"inspector":null,"inspectionDate":null,"zoneType":null,"SHAPE.STLength()":33.941424472394601}},{"type":"Feature","id":356,"geometry":{"type":"LineString","coordinates":[[151.23658734709883,-33.90840750782057],[151.23656596377043,-33.908517224151538],[151.23654457441793,-33.908626967442054]]},"properties":{"fromHouseNumber":"9","toHouseNumber":"20","streetName":"Prince Street","suburb":"Randwick","residentParkingSchemeZone":"RA4","availableSpace":"4","OBJECTID":356,"inspector":null,"inspectionDate":null,"zoneType":"2P 8am - 8pm Mon-Sun Permit Holders Excepted","SHAPE.STLength()":24.660159136837848}},{"type":"Feature","id":357,"geometry":{"type":"LineString","coordinates":[[151.23441555254794,-33.908391756809642],[151.23441558757645,-33.908390058429006],[151.23441611109601,-33.908386279518503],[151.23441698954804,-33.908382595871309],[151.2344174700398,-33.908381165383091],[151.23441822479194,-33.908378917339803],[151.23441847393372,-33.908377587234853],[151.23441909957486,-33.908374257954584],[151.23441982851409,-33.908370377387257],[151.23442392999775,-33.908349015301212]]},"properties":{"fromHouseNumber":"9-15","toHouseNumber":"17","streetName":"William Street","suburb":"Randwick","residentParkingSchemeZone":"RA4","availableSpace":"9","OBJECTID":357,"inspector":null,"inspectionDate":null,"zoneType":null,"SHAPE.STLength()":4.8087909393126553}},{"type":"Feature","id":358,"geometry":{"type":"LineString","coordinates":[[151.22512258865004,-33.908169069431864],[151.22531979971379,-33.908196344463811],[151.22551699471833,-33.908223618048517]]},"properties":{"fromHouseNumber":"2","toHouseNumber":"Doncaster Ave","streetName":"Ascot Street","suburb":"Kensington","residentParkingSchemeZone":"KN2","availableSpace":"","OBJECTID":358,"inspector":null,"inspectionDate":null,"zoneType":null,"SHAPE.STLength()":36.972171854445122}},{"type":"Feature","id":359,"geometry":{"type":"LineString","coordinates":[[151.2250135031795,-33.908153982679764],[151.22495176855571,-33.9081454442262],[151.22489001129696,-33.908136902710289]]},"properties":{"fromHouseNumber":"4","toHouseNumber":"8-12","streetName":"Ascot Street","suburb":"Kensington","residentParkingSchemeZone":"KN2","availableSpace":"4","OBJECTID":359,"inspector":null,"inspectionDate":null,"zoneType":null,"SHAPE.STLength()":11.576314723612246}},{"type":"Feature","id":360,"geometry":{"type":"LineString","coordinates":[[151.23661708020211,-33.908254971859229],[151.23660741575134,-33.908304540237253],[151.23659774964983,-33.908354135642618]]},"properties":{"fromHouseNumber":"20","toHouseNumber":"20","streetName":"Prince Street","suburb":"Randwick","residentParkingSchemeZone":"RA4","availableSpace":"2","OBJECTID":360,"inspector":null,"inspectionDate":null,"zoneType":"2P 8am - 8pm Mon-Sun Permit Holders Excepted","SHAPE.STLength()":11.142852602445474}},{"type":"Feature","id":361,"geometry":{"type":"LineString","coordinates":[[151.22529238201363,-33.908082069365982],[151.22542726416418,-33.908100146287211],[151.22552212195521,-33.908112858960806],[151.22552417543693,-33.90811313382568],[151.22553212447528,-33.90811422946777],[151.22554395259175,-33.908115859831973],[151.22556143488538,-33.908118268717729],[151.22556196792263,-33.908118327798036]]},"properties":{"fromHouseNumber":"1","toHouseNumber":"Doncaster Ave","streetName":"Ascot Street","suburb":"Kensington","residentParkingSchemeZone":"KN2","availableSpace":"","OBJECTID":361,"inspector":null,"inspectionDate":null,"zoneType":null,"SHAPE.STLength()":25.253045292691453}},{"type":"Feature","id":362,"geometry":{"type":"LineString","coordinates":[[151.22458267388029,-33.907986953498245],[151.22488075369259,-33.90802690296325],[151.22517881116696,-33.908066848683461]]},"properties":{"fromHouseNumber":"2","toHouseNumber":"2","streetName":"Ascot Street","suburb":"Kensington","residentParkingSchemeZone":"KN2","availableSpace":"","OBJECTID":362,"inspector":null,"inspectionDate":null,"zoneType":null,"SHAPE.STLength()":55.837197106051093}},{"type":"Feature","id":363,"geometry":{"type":"LineString","coordinates":[[151.24110801679763,-33.908196361070942],[151.24109318755029,-33.908276562253114],[151.2410144616332,-33.908685993966522]]},"properties":{"fromHouseNumber":"11","toHouseNumber":"23","streetName":"Waverly Street","suburb":"Randwick","residentParkingSchemeZone":"RA6","availableSpace":"9","OBJECTID":363,"inspector":"Lauren Bonomini","inspectionDate":null,"zoneType":"2P 8:30am-6pm Mon-Fri Permit Holders Excepted","SHAPE.STLength()":54.991400294312569}},{"type":"Feature","id":364,"geometry":{"type":"LineString","coordinates":[[151.23664582170514,-33.908107568834559],[151.23663615619176,-33.908157138103029],[151.23662649062874,-33.908206709172951]]},"properties":{"fromHouseNumber":"18","toHouseNumber":"18","streetName":"Prince Street","suburb":"Randwick","residentParkingSchemeZone":"RA4","availableSpace":"3","OBJECTID":364,"inspector":"Alexander Lin","inspectionDate":1587686400000,"zoneType":"2P 8am - 8pm Mon-Sun Permit Holders Excepted","SHAPE.STLength()":11.140293845353616}},{"type":"Feature","id":365,"geometry":{"type":"LineString","coordinates":[[151.24207937289245,-33.90851037952546],[151.24213395931602,-33.908237932625461],[151.24214950227636,-33.908160110370027]]},"properties":{"fromHouseNumber":null,"toHouseNumber":null,"streetName":"Randwick Street","suburb":"Randwick","residentParkingSchemeZone":"RA6","availableSpace":"7","OBJECTID":365,"inspector":null,"inspectionDate":null,"zoneType":"2P 8:30am-6pm Mon-Fri Permit Holders Excepted","SHAPE.STLength()":39.386823563963517}},{"type":"Feature","id":366,"geometry":{"type":"LineString","coordinates":[[151.23435034236263,-33.908035960869661],[151.23432464894486,-33.90817680984852],[151.23430203074281,-33.90830079884843],[151.23430154266526,-33.908305113901648],[151.23430083615949,-33.908311367274429],[151.23429980863972,-33.90831771613756]]},"properties":{"fromHouseNumber":"Alison Street","toHouseNumber":"William Lane","streetName":"William Street","suburb":"Randwick","residentParkingSchemeZone":"RA4","availableSpace":null,"OBJECTID":366,"inspector":null,"inspectionDate":null,"zoneType":null,"SHAPE.STLength()":31.599667608156487}},{"type":"Feature","id":367,"geometry":{"type":"LineString","coordinates":[[151.23443186543943,-33.908307673270855],[151.23445749362642,-33.908174176143383],[151.23448311933868,-33.908040689791932]]},"properties":{"fromHouseNumber":"9-15","toHouseNumber":"17","streetName":"William Street","suburb":"Randwick","residentParkingSchemeZone":"RA4","availableSpace":"9","OBJECTID":367,"inspector":null,"inspectionDate":null,"zoneType":null,"SHAPE.STLength()":29.988824935312586}},{"type":"Feature","id":368,"geometry":{"type":"LineString","coordinates":[[151.23448997265149,-33.908004986165885],[151.23450689304133,-33.907916871512967]]},"properties":{"fromHouseNumber":"9-15","toHouseNumber":"17","streetName":"William Street","suburb":"Randwick","residentParkingSchemeZone":"RA4","availableSpace":"9","OBJECTID":368,"inspector":null,"inspectionDate":null,"zoneType":null,"SHAPE.STLength()":9.8975155721019199}},{"type":"Feature","id":369,"geometry":{"type":"LineString","coordinates":[[151.22267388285024,-33.907747191436862],[151.22263466447836,-33.907951232977553],[151.22261471931509,-33.908055003226096],[151.22259544248999,-33.90815523025887]]},"properties":{"fromHouseNumber":"59","toHouseNumber":"63","streetName":"Boronia Street","suburb":"Kensington","residentParkingSchemeZone":"KN2","availableSpace":"","OBJECTID":369,"inspector":null,"inspectionDate":null,"zoneType":null,"SHAPE.STLength()":45.834592597608619}},{"type":"Feature","id":370,"geometry":{"type":"LineString","coordinates":[[151.23431475153635,-33.907924781483267],[151.23427713324679,-33.907881701467872],[151.23423941358138,-33.907838504564623]]},"properties":{"fromHouseNumber":"William Street","toHouseNumber":"End of lane","streetName":"William Lane","suburb":"Randwick","residentParkingSchemeZone":"RA4","availableSpace":null,"OBJECTID":370,"inspector":null,"inspectionDate":null,"zoneType":null,"SHAPE.STLength()":11.836813775772857}},{"type":"Feature","id":371,"geometry":{"type":"LineString","coordinates":[[151.24178524673474,-33.907987524234422],[151.24137588863766,-33.907932813623844],[151.24125567839329,-33.907917236982442]]},"properties":{"fromHouseNumber":"Waverley Street","toHouseNumber":"1S","streetName":"Gordon Street","suburb":"Randwick","residentParkingSchemeZone":"RA6","availableSpace":"9","OBJECTID":371,"inspector":"Lauren Bonomini","inspectionDate":1609718400000,"zoneType":"2P 8:30am-6pm Mon-Fri Permit Holders Excepted","SHAPE.STLength()":49.589827910532598}},{"type":"Feature","id":372,"geometry":{"type":"LineString","coordinates":[[151.23420429618875,-33.907798289155551],[151.23414884678556,-33.907734787739074],[151.23409339531992,-33.90767128536713]]},"properties":{"fromHouseNumber":"William Street","toHouseNumber":"End of lane","streetName":"William Lane","suburb":"Randwick","residentParkingSchemeZone":"RA4","availableSpace":null,"OBJECTID":372,"inspector":null,"inspectionDate":null,"zoneType":null,"SHAPE.STLength()":17.424359212891577}},{"type":"Feature","id":373,"geometry":{"type":"LineString","coordinates":[[151.24909922773929,-33.907991882871606],[151.24905984834061,-33.908173814535061],[151.24902044020891,-33.908355872915642]]},"properties":{"fromHouseNumber":"9","toHouseNumber":"19","streetName":"Kemmis Street","suburb":"Randwick","residentParkingSchemeZone":"RA7","availableSpace":"8","OBJECTID":373,"inspector":null,"inspectionDate":null,"zoneType":null,"SHAPE.STLength()":41.023146467089703}},{"type":"Feature","id":374,"geometry":{"type":"LineString","coordinates":[[151.22575369869409,-33.90758977659322],[151.22577341074023,-33.907494612224276],[151.22579311563425,-33.907399477504455]]},"properties":{"fromHouseNumber":"43","toHouseNumber":"47","streetName":"Doncaster Avenue","suburb":"Kensington","residentParkingSchemeZone":"KN2","availableSpace":"2","OBJECTID":374,"inspector":null,"inspectionDate":null,"zoneType":null,"SHAPE.STLength()":21.419129820272119}},{"type":"Feature","id":375,"geometry":{"type":"LineString","coordinates":[[151.23684711401091,-33.907512959838314],[151.23682419176413,-33.907630789729623],[151.23680127179514,-33.90774861062868]]},"properties":{"fromHouseNumber":"1","toHouseNumber":"5","streetName":"Prince Street","suburb":"Randwick","residentParkingSchemeZone":"RA4","availableSpace":"4","OBJECTID":375,"inspector":null,"inspectionDate":null,"zoneType":"2P 8am - 8pm Mon-Sun Permit Holders Excepted","SHAPE.STLength()":26.478247135394056}},{"type":"Feature","id":376,"geometry":{"type":"LineString","coordinates":[[151.22498465608143,-33.907230504341143],[151.22516405186335,-33.907255111532081],[151.2253435318857,-33.907279729596311]]},"properties":{"fromHouseNumber":"2","toHouseNumber":"2","streetName":"Goodwood Street","suburb":"Kensington","residentParkingSchemeZone":"KN2","availableSpace":"","OBJECTID":376,"inspector":null,"inspectionDate":null,"zoneType":null,"SHAPE.STLength()":33.634478276494619}},{"type":"Feature","id":377,"geometry":{"type":"LineString","coordinates":[[151.23456817361756,-33.907597781154038],[151.23456911739581,-33.907592869366418],[151.23457041238944,-33.907585977878476],[151.234592312373,-33.907469043663134],[151.23461641497806,-33.907340324582101]]},"properties":{"fromHouseNumber":"5","toHouseNumber":"5A","streetName":"William Street","suburb":"Randwick","residentParkingSchemeZone":"RA4","availableSpace":"3","OBJECTID":377,"inspector":null,"inspectionDate":null,"zoneType":null,"SHAPE.STLength()":28.901625838074303}},{"type":"Feature","id":378,"geometry":{"type":"LineString","coordinates":[[151.22576475826548,-33.907226050971019],[151.22558542726478,-33.907201285979347],[151.2254061265962,-33.907176523870326]]},"properties":{"fromHouseNumber":"39","toHouseNumber":"41","streetName":"Goodwood Street","suburb":"Kensington","residentParkingSchemeZone":"KN2","availableSpace":"","OBJECTID":378,"inspector":null,"inspectionDate":null,"zoneType":null,"SHAPE.STLength()":33.61767014745012}},{"type":"Feature","id":379,"geometry":{"type":"LineString","coordinates":[[151.23679644269069,-33.907311004927791],[151.23677689178001,-33.907417582442058],[151.23676301693447,-33.907491531397987],[151.2367469093297,-33.907577267526349],[151.23669687012165,-33.907843604002522]]},"properties":{"fromHouseNumber":"14","toHouseNumber":"6","streetName":"Prince Street","suburb":"Randwick","residentParkingSchemeZone":"RA4","availableSpace":"11","OBJECTID":379,"inspector":null,"inspectionDate":null,"zoneType":"2P 8am - 8pm Mon-Sun Permit Holders Excepted","SHAPE.STLength()":59.785451735106669}},{"type":"Feature","id":381,"geometry":{"type":"LineString","coordinates":[[151.2253578518899,-33.907169857742375],[151.22517858262822,-33.90714510026524],[151.22499925416739,-33.907120334461339]]},"properties":{"fromHouseNumber":"3","toHouseNumber":"5","streetName":"Goodwood Street","suburb":"Kensington","residentParkingSchemeZone":"KN2","availableSpace":"6","OBJECTID":381,"inspector":null,"inspectionDate":null,"zoneType":"2P 8am - 8pm Permit Holders Excepted","SHAPE.STLength()":33.614530351176704}},{"type":"Feature","id":382,"geometry":{"type":"LineString","coordinates":[[151.2498780639956,-33.907466544886375],[151.24987466059892,-33.907483416868239],[151.24987096258394,-33.907501739178187],[151.24986618127431,-33.907525439431325],[151.24986088256486,-33.907551700501706],[151.24985342016217,-33.907588681429466],[151.24984234854091,-33.90764355489263],[151.24983886225175,-33.907660830578422],[151.24983686816302,-33.907670713321238],[151.2498357789992,-33.907676113724392],[151.24983487489084,-33.907680503195799],[151.24981938808625,-33.907755395774608],[151.24976728668724,-33.908007353171236],[151.24976536283418,-33.908016656186369],[151.2497647830962,-33.90801946229368],[151.24976410390596,-33.908022900914453],[151.24976307119394,-33.908028131689022],[151.24975991141014,-33.90804414145255]]},"properties":{"fromHouseNumber":"1","toHouseNumber":"19","streetName":"Searle Avenue","suburb":"Randwick","residentParkingSchemeZone":"RA7","availableSpace":"10","OBJECTID":382,"inspector":null,"inspectionDate":null,"zoneType":null,"SHAPE.STLength()":64.987771131022114}},{"type":"Feature","id":383,"geometry":{"type":"LineString","coordinates":[[151.22281140852823,-33.907053405084113],[151.22279148802289,-33.907152259449006],[151.22274361886628,-33.907389720044563],[151.22272960789192,-33.907459225070376],[151.22272864102493,-33.907464018294114],[151.22272746551846,-33.90746984911506],[151.22272636469873,-33.907475312202095],[151.22272543399066,-33.90747992650131],[151.22272452972575,-33.907484413135016],[151.22272360865873,-33.907488979781121],[151.22272272244524,-33.907493378304792],[151.22272199670229,-33.907496975693753],[151.22272151903911,-33.907499354804919],[151.22270568324888,-33.907581741001479],[151.22268496962425,-33.907689508414975],[151.22267787540935,-33.907726422466261]]},"properties":{"fromHouseNumber":"47","toHouseNumber":"59","streetName":"Boronia Street","suburb":"Kensington","residentParkingSchemeZone":"KN2","availableSpace":"","OBJECTID":383,"inspector":null,"inspectionDate":null,"zoneType":null,"SHAPE.STLength()":75.66160975414266}},{"type":"Feature","id":384,"geometry":{"type":"LineString","coordinates":[[151.23579565839555,-33.907217803727988],[151.23574401191559,-33.907491679673079],[151.23569237117786,-33.907765521395703]]},"properties":{"fromHouseNumber":"1","toHouseNumber":"Cowper Street","streetName":"Mulwarree Avenue","suburb":"Randwick","residentParkingSchemeZone":"RA4","availableSpace":"11","OBJECTID":384,"inspector":null,"inspectionDate":null,"zoneType":null,"SHAPE.STLength()":61.495212503827716}},{"type":"Feature","id":385,"geometry":{"type":"LineString","coordinates":[[151.2345324296156,-33.907105318475281],[151.2344798995999,-33.907378319091407],[151.23445991873695,-33.907482163151471],[151.23445939188855,-33.907484897797119],[151.2344569487683,-33.907497484460308],[151.23445131522365,-33.907525646267821],[151.2344433157385,-33.907565641085661],[151.23444007329937,-33.907581850310621],[151.23443215356386,-33.907621438682952],[151.23442620037656,-33.907651201909133]]},"properties":{"fromHouseNumber":"4","toHouseNumber":"14","streetName":"William Street","suburb":"Randwick","residentParkingSchemeZone":"RA4","availableSpace":"3","OBJECTID":385,"inspector":null,"inspectionDate":null,"zoneType":null,"SHAPE.STLength()":61.337502213924367}},{"type":"Feature","id":386,"geometry":{"type":"LineString","coordinates":[[151.24533377777323,-33.907367647843948],[151.24532088895356,-33.907355331213559],[151.24531036128073,-33.907345271929103],[151.24529774823472,-33.907333219830207],[151.24528196893721,-33.907318142346128],[151.24526837791677,-33.907305155627242],[151.24522875091489,-33.907266951223868],[151.24512408643167,-33.907165999076909]]},"properties":{"fromHouseNumber":null,"toHouseNumber":"2","streetName":"Ethne Avenue","suburb":"Randwick","residentParkingSchemeZone":"RA6","availableSpace":"7","OBJECTID":386,"inspector":null,"inspectionDate":null,"zoneType":null,"SHAPE.STLength()":29.601621989495168}},{"type":"Feature","id":387,"geometry":{"type":"LineString","coordinates":[[151.23669533714082,-33.907007299227352],[151.23655374785608,-33.906988059210853],[151.236412124119,-33.906968814932078]]},"properties":{"fromHouseNumber":"2 Prince Street","toHouseNumber":"2 Prince Street","streetName":"King Street","suburb":"Randwick","residentParkingSchemeZone":"RA4","availableSpace":"6","OBJECTID":387,"inspector":null,"inspectionDate":null,"zoneType":null,"SHAPE.STLength()":26.536696033307699}},{"type":"Feature","id":388,"geometry":{"type":"LineString","coordinates":[[151.23324013622857,-33.906746949002518],[151.23318896856944,-33.906812105195854],[151.23313782193139,-33.906877234615237]]},"properties":{"fromHouseNumber":"3","toHouseNumber":"3","streetName":"John Street","suburb":"Randwick","residentParkingSchemeZone":"RA4","availableSpace":"3","OBJECTID":388,"inspector":null,"inspectionDate":null,"zoneType":null,"SHAPE.STLength()":17.272533763465407}},{"type":"Feature","id":389,"geometry":{"type":"LineString","coordinates":[[151.2350327325874,-33.906782920397085],[151.23484795086978,-33.906758684098151]]},"properties":{"fromHouseNumber":"31","toHouseNumber":"33","streetName":"King Street","suburb":"Randwick","residentParkingSchemeZone":"RA4","availableSpace":"2","OBJECTID":389,"inspector":null,"inspectionDate":null,"zoneType":null,"SHAPE.STLength()":17.298557350542271}},{"type":"Feature","id":390,"geometry":{"type":"LineString","coordinates":[[151.23303673487575,-33.906808244547278],[151.23304022038747,-33.906803901271587],[151.2330454408629,-33.906797397066953],[151.2330465930693,-33.906795961794536],[151.23304721513762,-33.906795165464509],[151.23305407665691,-33.906786334865835],[151.23310808424395,-33.90671683610816],[151.23317921431141,-33.906625303643757]]},"properties":{"fromHouseNumber":"1","toHouseNumber":"5","streetName":"John Street","suburb":"Randwick","residentParkingSchemeZone":"RA4","availableSpace":"4","OBJECTID":390,"inspector":null,"inspectionDate":null,"zoneType":null,"SHAPE.STLength()":24.193570597236999}},{"type":"Feature","id":391,"geometry":{"type":"LineString","coordinates":[[151.22477745556714,-33.906992311882249],[151.22482704675713,-33.906736766440609],[151.22487662566792,-33.906481223492349]]},"properties":{"fromHouseNumber":"19","toHouseNumber":"29","streetName":"Elsmere Street","suburb":"Kensington","residentParkingSchemeZone":"KN2","availableSpace":"23","OBJECTID":391,"inspector":null,"inspectionDate":null,"zoneType":null,"SHAPE.STLength()":57.423533462806418}},{"type":"Feature","id":392,"geometry":{"type":"LineString","coordinates":[[151.2338118791595,-33.906614158702155],[151.23393999086423,-33.906631977685258],[151.23406809944055,-33.906649793785732]]},"properties":{"fromHouseNumber":"15","toHouseNumber":"21","streetName":"King Street","suburb":"Randwick","residentParkingSchemeZone":"RA4","availableSpace":"3","OBJECTID":392,"inspector":null,"inspectionDate":null,"zoneType":null,"SHAPE.STLength()":24.022404184505202}},{"type":"Feature","id":393,"geometry":{"type":"LineString","coordinates":[[151.22610056262997,-33.906569015337105],[151.22611617155971,-33.906487283633552],[151.22613178030673,-33.906405559137774]]},"properties":{"fromHouseNumber":"32","toHouseNumber":"36","streetName":"Doncaster Avenue","suburb":"Kensington","residentParkingSchemeZone":"KN2","availableSpace":"2","OBJECTID":393,"inspector":null,"inspectionDate":null,"zoneType":null,"SHAPE.STLength()":18.357864122293098}},{"type":"Feature","id":394,"geometry":{"type":"LineString","coordinates":[[151.23303492228612,-33.90651643541085],[151.23291747774661,-33.906500549506077],[151.23280002345081,-33.906484666956878]]},"properties":{"fromHouseNumber":"3","toHouseNumber":"5","streetName":"King Street","suburb":"Randwick","residentParkingSchemeZone":"RA4","availableSpace":"3","OBJECTID":394,"inspector":null,"inspectionDate":null,"zoneType":null,"SHAPE.STLength()":22.007188675641444}},{"type":"Feature","id":395,"geometry":{"type":"LineString","coordinates":[[151.22600343425921,-33.906359331948444],[151.22603225539859,-33.906214616401101],[151.2260469141342,-33.906141005621684],[151.22605324024028,-33.90610935005045],[151.2260612002041,-33.906069877374961]]},"properties":{"fromHouseNumber":"19","toHouseNumber":"31","streetName":"Doncaster Avenue","suburb":"Kensington","residentParkingSchemeZone":"KN2","availableSpace":"4","OBJECTID":395,"inspector":null,"inspectionDate":null,"zoneType":null,"SHAPE.STLength()":32.545751706982465}},{"type":"Feature","id":396,"geometry":{"type":"LineString","coordinates":[[151.22488765341453,-33.90642437619691],[151.22492259949462,-33.906244258512544],[151.22495759589125,-33.906064105466513]]},"properties":{"fromHouseNumber":"3","toHouseNumber":"9","streetName":"Elsmere Street","suburb":"Kensington","residentParkingSchemeZone":"KN2","availableSpace":"18","OBJECTID":396,"inspector":null,"inspectionDate":null,"zoneType":null,"SHAPE.STLength()":40.478899399280465}},{"type":"Feature","id":397,"geometry":{"type":"LineString","coordinates":[[151.22615651278434,-33.906276055649762],[151.22618301257629,-33.906137300496113],[151.22620950861784,-33.905998565116661]]},"properties":{"fromHouseNumber":"20","toHouseNumber":"26","streetName":"Doncaster Avenue","suburb":"Kensington","residentParkingSchemeZone":"KN2","availableSpace":"6","OBJECTID":397,"inspector":null,"inspectionDate":null,"zoneType":null,"SHAPE.STLength()":31.165119516057196}},{"type":"Feature","id":398,"geometry":{"type":"LineString","coordinates":[[151.22511419929577,-33.905915730483827],[151.22501032020475,-33.9064598514761],[151.22490650754725,-33.907003617985588]]},"properties":{"fromHouseNumber":"2","toHouseNumber":"20","streetName":"Elsmere Street","suburb":"Kensington","residentParkingSchemeZone":"KN2","availableSpace":"11","OBJECTID":398,"inspector":null,"inspectionDate":null,"zoneType":null,"SHAPE.STLength()":122.1802109117536}},{"type":"Feature","id":399,"geometry":{"type":"LineString","coordinates":[[151.2230639274151,-33.905755253100921],[151.22305798654602,-33.905784292699622],[151.22305230677568,-33.905812059200571],[151.22304678479753,-33.905839048874007],[151.22303883637034,-33.90587790019881],[151.223037320972,-33.905885311380359],[151.22303623461389,-33.905890913548909],[151.22303541838272,-33.905895224715692],[151.22302863379684,-33.905931044949995],[151.22299530091539,-33.906107036406951]]},"properties":{"fromHouseNumber":"21-25","toHouseNumber":"27-29","streetName":"Boronia Street","suburb":"Kensington","residentParkingSchemeZone":"KN2","availableSpace":"","OBJECTID":399,"inspector":null,"inspectionDate":null,"zoneType":null,"SHAPE.STLength()":39.530915775316188}},{"type":"Feature","id":400,"geometry":{"type":"LineString","coordinates":[[151.22577648916933,-33.90578998348078],[151.22535581576153,-33.905732703785247],[151.22523963228289,-33.905716891888027],[151.22493464274635,-33.905675399227647]]},"properties":{"fromHouseNumber":"1","toHouseNumber":"17","streetName":"Carlton Street","suburb":"Kensington","residentParkingSchemeZone":"KN2","availableSpace":"","OBJECTID":400,"inspector":null,"inspectionDate":null,"zoneType":null,"SHAPE.STLength()":78.884780926621474}},{"type":"Feature","id":401,"geometry":{"type":"LineString","coordinates":[[151.2151778360824,-33.905813824554976],[151.21552314039604,-33.905607811958291],[151.21569909963355,-33.905502831952624],[151.21570941093498,-33.905496680004077],[151.21571885602515,-33.905491044824721],[151.21572364373361,-33.905488188051542],[151.21572753628547,-33.905485835906333],[151.21576690080516,-33.905462006100763],[151.2158062784271,-33.905438169258041],[151.21586726816221,-33.905401248382574],[151.21586709254805,-33.905401268381731]]},"properties":{"fromHouseNumber":"Milroy Avenue","toHouseNumber":"Todman Avenue","streetName":"Carminya Street","suburb":"Kensington","residentParkingSchemeZone":"KN3","availableSpace":"13","OBJECTID":401,"inspector":null,"inspectionDate":null,"zoneType":null,"SHAPE.STLength()":78.497591066328781}},{"type":"Feature","id":402,"geometry":{"type":"LineString","coordinates":[[151.25346098498432,-33.905955836003322],[151.2534279570703,-33.905950828176906],[151.25340556504887,-33.905947433827066],[151.25338558485166,-33.905944404622204],[151.2533626300461,-33.905940924732171],[151.25334232103413,-33.905937844867466],[151.25333821586227,-33.905937255511702],[151.25324285426325,-33.905923628307285],[151.25302459692753,-33.905892440109504]]},"properties":{"fromHouseNumber":"67","toHouseNumber":"97-99 Albion St","streetName":"Hooper Street","suburb":"Randwick","residentParkingSchemeZone":"RA10","availableSpace":"6","OBJECTID":402,"inspector":null,"inspectionDate":null,"zoneType":null,"SHAPE.STLength()":40.965212812633453}},{"type":"Feature","id":403,"geometry":{"type":"LineString","coordinates":[[151.22313699617698,-33.905398300123004],[151.22317127793349,-33.905230855464147],[151.22320434404131,-33.905069348345933],[151.2232044811727,-33.905068681232812],[151.22320458392426,-33.905068107404674],[151.22320507359373,-33.905065304645362],[151.22320540622525,-33.905063398655834]]},"properties":{"fromHouseNumber":"1-19","toHouseNumber":"13","streetName":"Boronia Street","suburb":"Kensington","residentParkingSchemeZone":"KN2","availableSpace":"","OBJECTID":403,"inspector":null,"inspectionDate":null,"zoneType":null,"SHAPE.STLength()":37.680098426467339}},{"type":"Feature","id":404,"geometry":{"type":"LineString","coordinates":[[151.22620603060162,-33.904935851578806],[151.22600753735605,-33.904908222359694],[151.22580911650243,-33.904880602882891]]},"properties":{"fromHouseNumber":"","toHouseNumber":"","streetName":"Abbotford Street","suburb":"Kensington","residentParkingSchemeZone":"KN2","availableSpace":"","OBJECTID":404,"inspector":null,"inspectionDate":null,"zoneType":null,"SHAPE.STLength()":37.21508979016442}},{"type":"Feature","id":405,"geometry":{"type":"LineString","coordinates":[[151.22568481355012,-33.904867496893104],[151.22567728067321,-33.90486522507895],[151.22567020841521,-33.904864209714695],[151.22566314260683,-33.904863196246431],[151.2253191874897,-33.904816596561787],[151.22531089328109,-33.904815472491201],[151.22515531881263,-33.904794394777262],[151.22515018355867,-33.904793687742192],[151.22496642419776,-33.904768123188418]]},"properties":{"fromHouseNumber":"2-6","toHouseNumber":"26","streetName":"Abbotford Street","suburb":"Kensington","residentParkingSchemeZone":"KN2","availableSpace":"","OBJECTID":405,"inspector":null,"inspectionDate":null,"zoneType":null,"SHAPE.STLength()":67.358315246926011}},{"type":"Feature","id":406,"geometry":{"type":"LineString","coordinates":[[151.21589480862184,-33.905247847608514],[151.21561282961673,-33.904921901406667],[151.2155912846107,-33.904896899586163],[151.21552445197068,-33.904819256230134],[151.2154266249145,-33.904705604487177],[151.21533167752085,-33.904595297474174]]},"properties":{"fromHouseNumber":"11","toHouseNumber":"21","streetName":"Todman Avenue","suburb":"Kensington","residentParkingSchemeZone":"KN3","availableSpace":"26","OBJECTID":406,"inspector":null,"inspectionDate":null,"zoneType":null,"SHAPE.STLength()":89.166356746438254}},{"type":"Feature","id":407,"geometry":{"type":"LineString","coordinates":[[151.22480568396858,-33.904743750457058],[151.22452836651919,-33.904705003885311],[151.22425100299097,-33.904666249715952]]},"properties":{"fromHouseNumber":"56","toHouseNumber":"62","streetName":"Abbotford Street","suburb":"Kensington","residentParkingSchemeZone":"KN2","availableSpace":"","OBJECTID":407,"inspector":null,"inspectionDate":null,"zoneType":null,"SHAPE.STLength()":52.012964700957319}},{"type":"Feature","id":408,"geometry":{"type":"LineString","coordinates":[[151.22583666041362,-33.904652529102428],[151.22606737902652,-33.904683829396994],[151.22627055692521,-33.90471139343142],[151.22627601598495,-33.904712131234291],[151.22628806066334,-33.904713726765841],[151.22629796077482,-33.90471250502609]]},"properties":{"fromHouseNumber":"35","toHouseNumber":"35","streetName":"Alison Road","suburb":"Kensington","residentParkingSchemeZone":"KN2","availableSpace":"","OBJECTID":408,"inspector":null,"inspectionDate":null,"zoneType":null,"SHAPE.STLength()":43.219948654508883}},{"type":"Feature","id":409,"geometry":{"type":"LineString","coordinates":[[151.22537616412885,-33.90458854218263],[151.22552070964974,-33.904605755434339],[151.22566524444375,-33.904622967460881]]},"properties":{"fromHouseNumber":"3","toHouseNumber":"5A","streetName":"Abbotford Street","suburb":"Kensington","residentParkingSchemeZone":"KN2","availableSpace":"5","OBJECTID":409,"inspector":null,"inspectionDate":null,"zoneType":null,"SHAPE.STLength()":27.005897393914289}},{"type":"Feature","id":410,"geometry":{"type":"LineString","coordinates":[[151.21528349118779,-33.904539316186202],[151.21522096920293,-33.904466680283733],[151.21515829629246,-33.904393870832607]]},"properties":{"fromHouseNumber":"7","toHouseNumber":"9","streetName":"Todman Avenue","suburb":"Kensington","residentParkingSchemeZone":"KN3","availableSpace":"3","OBJECTID":410,"inspector":null,"inspectionDate":null,"zoneType":null,"SHAPE.STLength()":19.85682836874388}},{"type":"Feature","id":411,"geometry":{"type":"LineString","coordinates":[[151.22336496700959,-33.904517813808077],[151.22331249002221,-33.904691845662242],[151.22325999712771,-33.90486590340678]]},"properties":{"fromHouseNumber":"3","toHouseNumber":"7","streetName":"Boronia Street","suburb":"Kensington","residentParkingSchemeZone":"KN2","availableSpace":"6","OBJECTID":411,"inspector":null,"inspectionDate":null,"zoneType":null,"SHAPE.STLength()":39.809519226776061}},{"type":"Feature","id":412,"geometry":{"type":"LineString","coordinates":[[151.22482656872089,-33.904510721466075],[151.22491232370783,-33.904522934513132],[151.22500963807968,-33.904536832648084],[151.22519288687835,-33.904563005660592]]},"properties":{"fromHouseNumber":"7","toHouseNumber":"13","streetName":"Abbotford Street","suburb":"Kensington","residentParkingSchemeZone":"KN2","availableSpace":"6","OBJECTID":412,"inspector":null,"inspectionDate":null,"zoneType":null,"SHAPE.STLength()":34.370469606771039}},{"type":"Feature","id":413,"geometry":{"type":"LineString","coordinates":[[151.22420881978948,-33.904429678318202],[151.22432666414394,-33.904446241909859],[151.22438386429684,-33.904454280612704],[151.22440779312205,-33.904457643764161],[151.22441528413452,-33.904458697700726],[151.22450415864671,-33.904471188658817],[151.22453578980196,-33.904475637618745],[151.22456500645572,-33.904479755086989],[151.22459889647769,-33.904484531467091]]},"properties":{"fromHouseNumber":"15","toHouseNumber":"17-19","streetName":"Abbotford Street","suburb":"Kensington","residentParkingSchemeZone":"KN2","availableSpace":"","OBJECTID":413,"inspector":null,"inspectionDate":null,"zoneType":null,"SHAPE.STLength()":36.584424940188896}},{"type":"Feature","id":414,"geometry":{"type":"LineString","coordinates":[[151.21510667324688,-33.904333899065243],[151.21504489906491,-33.904262134174672],[151.21498314503788,-33.904190392991495]]},"properties":{"fromHouseNumber":"3","toHouseNumber":"5","streetName":"Todman Avenue","suburb":"Kensington","residentParkingSchemeZone":"KN3","availableSpace":"3","OBJECTID":414,"inspector":null,"inspectionDate":null,"zoneType":null,"SHAPE.STLength()":19.592225765614536}},{"type":"Feature","id":415,"geometry":{"type":"LineString","coordinates":[[151.24650701691067,-33.903002812719706],[151.24672928232053,-33.903035032451328],[151.24684772073488,-33.903052200669755],[151.24687862734393,-33.903053993271648],[151.24689910323772,-33.9030556373786],[151.24691802203969,-33.903059332429173],[151.24693443713724,-33.903063352534033],[151.24694863410301,-33.903071127490612]]},"properties":{"fromHouseNumber":"157","toHouseNumber":"197","streetName":"Darley Road","suburb":"Randwick","residentParkingSchemeZone":"RA8","availableSpace":"8","OBJECTID":415,"inspector":null,"inspectionDate":null,"zoneType":null,"SHAPE.STLength()":41.699506734751225}},{"type":"Feature","id":416,"geometry":{"type":"LineString","coordinates":[[151.24611618011161,-33.902932515263288],[151.24628731764062,-33.90295582337469],[151.24645845635445,-33.902979131266463]]},"properties":{"fromHouseNumber":"157","toHouseNumber":"197","streetName":"Darley Road","suburb":"Randwick","residentParkingSchemeZone":"RA8","availableSpace":"8","OBJECTID":416,"inspector":null,"inspectionDate":null,"zoneType":null,"SHAPE.STLength()":32.074091224697362}},{"type":"Feature","id":417,"geometry":{"type":"LineString","coordinates":[[151.24573844131154,-33.902875835555861],[151.24591239027549,-33.902901839874225],[151.24608640295767,-33.902927853873308]]},"properties":{"fromHouseNumber":"157","toHouseNumber":"197","streetName":"Darley Road","suburb":"Randwick","residentParkingSchemeZone":"RA8","availableSpace":"8","OBJECTID":417,"inspector":null,"inspectionDate":null,"zoneType":null,"SHAPE.STLength()":32.693552904082715}},{"type":"Feature","id":418,"geometry":{"type":"LineString","coordinates":[[151.24550193991661,-33.90284713543695],[151.24560105274924,-33.902859539725576],[151.24570022386561,-33.902871951077337]]},"properties":{"fromHouseNumber":"157","toHouseNumber":"197","streetName":"Darley Road","suburb":"Randwick","residentParkingSchemeZone":"RA8","availableSpace":"6","OBJECTID":418,"inspector":null,"inspectionDate":null,"zoneType":null,"SHAPE.STLength()":18.543261162219128}},{"type":"Feature","id":419,"geometry":{"type":"LineString","coordinates":[[151.24534690660124,-33.902826622064026],[151.24541321198151,-33.902837801586138],[151.24547949583209,-33.902848977159103]]},"properties":{"fromHouseNumber":"157","toHouseNumber":"197","streetName":"Darley Road","suburb":"Randwick","residentParkingSchemeZone":"RA8","availableSpace":"3","OBJECTID":419,"inspector":null,"inspectionDate":null,"zoneType":null,"SHAPE.STLength()":12.510394558163703}},{"type":"Feature","id":420,"geometry":{"type":"LineString","coordinates":[[151.22362446628668,-33.902450587955329],[151.22351896747162,-33.90250802558257],[151.22350045617998,-33.902518106929747],[151.22346190791029,-33.902539405441772],[151.22341383879851,-33.90256596351211]]},"properties":{"fromHouseNumber":"1-3","toHouseNumber":"1-3","streetName":"Tay Street","suburb":"Kensington","residentParkingSchemeZone":"KN2","availableSpace":"3","OBJECTID":420,"inspector":null,"inspectionDate":null,"zoneType":null,"SHAPE.STLength()":23.307036327342164}},{"type":"Feature","id":421,"geometry":{"type":"LineString","coordinates":[[151.25948297560586,-33.916297891654374],[151.25976107855908,-33.916339711272968],[151.26003873431713,-33.916381462628941]]},"properties":{"fromHouseNumber":"1","toHouseNumber":"13","streetName":"Moore Street","suburb":"Coogee","residentParkingSchemeZone":"CO1","availableSpace":"6","OBJECTID":421,"inspector":null,"inspectionDate":null,"zoneType":null,"SHAPE.STLength()":52.218990336959614}},{"type":"Feature","id":422,"geometry":{"type":"LineString","coordinates":[[151.26035972373373,-33.916429726654826],[151.26047833143133,-33.916447552670327],[151.26059672352707,-33.916465345768827]]},"properties":{"fromHouseNumber":"19","toHouseNumber":"23","streetName":"Moore Street","suburb":"Coogee","residentParkingSchemeZone":"CO1","availableSpace":"4","OBJECTID":422,"inspector":null,"inspectionDate":null,"zoneType":null,"SHAPE.STLength()":22.268047773701237}},{"type":"Feature","id":423,"geometry":{"type":"LineString","coordinates":[[151.26008163732709,-33.916387914024433],[151.26013280780666,-33.91639560851187],[151.2601838963372,-33.916403290999234]]},"properties":{"fromHouseNumber":"15","toHouseNumber":"15","streetName":"Moore Street","suburb":"Coogee","residentParkingSchemeZone":"CO1","availableSpace":"2","OBJECTID":423,"inspector":null,"inspectionDate":null,"zoneType":null,"SHAPE.STLength()":9.6082312233532736}},{"type":"Feature","id":424,"geometry":{"type":"LineString","coordinates":[[151.26129985590916,-33.916540288311779],[151.2613200980548,-33.916453311258834],[151.26133214610095,-33.916401566048187],[151.26134032604287,-33.916366283502988]]},"properties":{"fromHouseNumber":"3","toHouseNumber":"7","streetName":"Major Street","suburb":"Coogee","residentParkingSchemeZone":"CO1","availableSpace":"6","OBJECTID":424,"inspector":null,"inspectionDate":null,"zoneType":null,"SHAPE.STLength()":19.658655860891912}},{"type":"Feature","id":425,"geometry":{"type":"LineString","coordinates":[[151.26116591377516,-33.91712602517844],[151.26116960179263,-33.917109059507261],[151.26117315023484,-33.917092734809856],[151.26117369546239,-33.917090228441239],[151.26117446304525,-33.917086839698015],[151.26117666345945,-33.917077185116682],[151.26120154900499,-33.916967969878023],[151.26123754951868,-33.91680997562807]]},"properties":{"fromHouseNumber":"4","toHouseNumber":"8","streetName":"Major Street","suburb":"Coogee","residentParkingSchemeZone":"CO1","availableSpace":"6","OBJECTID":425,"inspector":null,"inspectionDate":null,"zoneType":null,"SHAPE.STLength()":35.674127933506483}},{"type":"Feature","id":426,"geometry":{"type":"LineString","coordinates":[[151.23518582769469,-33.914768711979512],[151.23552244470923,-33.914816568328874]]},"properties":{"fromHouseNumber":null,"toHouseNumber":null,"streetName":null,"suburb":"Randwick","residentParkingSchemeZone":"RA1","availableSpace":null,"OBJECTID":426,"inspector":null,"inspectionDate":null,"zoneType":null,"SHAPE.STLength()":31.576383676729037}},{"type":"Feature","id":427,"geometry":{"type":"LineString","coordinates":[[151.24564426229105,-33.92474089147975],[151.24549679854638,-33.924622202833049],[151.24534990026308,-33.924503969338062]]},"properties":{"fromHouseNumber":"171","toHouseNumber":"181","streetName":"Perouse Road","suburb":"Randwick","residentParkingSchemeZone":"RA11","availableSpace":"6","OBJECTID":427,"inspector":"Rasheeq Mahmood","inspectionDate":1534811712000,"zoneType":"2P 8am - 8pm Mon-Fri Permit Holders Excepted","SHAPE.STLength()":37.831910880257588}},{"type":"Feature","id":428,"geometry":{"type":"LineString","coordinates":[[151.24471656427025,-33.924143199363051],[151.24465061711123,-33.924090252012036],[151.24458547239979,-33.924037949993306]]},"properties":{"fromHouseNumber":"128","toHouseNumber":"130","streetName":"Perouse Road","suburb":"Randwick","residentParkingSchemeZone":"RA11","availableSpace":"2","OBJECTID":428,"inspector":"Rasheeq Mahmood","inspectionDate":1534812096000,"zoneType":"2P 8am - 8pm Mon-Fri Permit Holders Excepted","SHAPE.STLength()":16.828032155268545}},{"type":"Feature","id":429,"geometry":{"type":"LineString","coordinates":[[151.24452502930924,-33.92398942204472],[151.24448987107462,-33.923961194843983],[151.24445517896476,-33.92393334219112]]},"properties":{"fromHouseNumber":"126","toHouseNumber":"126","streetName":"Perouse Road","suburb":"Randwick","residentParkingSchemeZone":"RA11","availableSpace":"2","OBJECTID":429,"inspector":"Rasheeq Mahmood","inspectionDate":1534812284000,"zoneType":"2P 8am - 8pm Mon-Fri Permit Holders Excepted","SHAPE.STLength()":8.9665190793727163}},{"type":"Feature","id":430,"geometry":{"type":"LineString","coordinates":[[151.24210122957871,-33.924302109429995],[151.24200577229297,-33.924287982214466],[151.24191042286634,-33.924273871795279]]},"properties":{"fromHouseNumber":"36","toHouseNumber":"40","streetName":"Oberon Street","suburb":"Randwick","residentParkingSchemeZone":"RA11","availableSpace":"2","OBJECTID":430,"inspector":"Rasheeq Mahmood","inspectionDate":1534813283000,"zoneType":"2P 8am - 8pm Mon-Fri Permit Holders Excepted","SHAPE.STLength()":17.917789693484117}},{"type":"Feature","id":431,"geometry":{"type":"LineString","coordinates":[[151.24181626190813,-33.924259936981983],[151.24148411229314,-33.924210777754112],[151.24115123836955,-33.924161511703048]]},"properties":{"fromHouseNumber":"22","toHouseNumber":"36","streetName":"Oberon Street","suburb":"Randwick","residentParkingSchemeZone":"RA11","availableSpace":"11","OBJECTID":431,"inspector":"Rasheeq Mahmood","inspectionDate":1534813431000,"zoneType":"2P 8am - 8pm Mon-Fri Permit Holders Excepted","SHAPE.STLength()":62.449553325712067}},{"type":"Feature","id":432,"geometry":{"type":"LineString","coordinates":[[151.24102418016975,-33.924936743361165],[151.24124305771105,-33.924968971441182],[151.24146208964871,-33.925001222079885]]},"properties":{"fromHouseNumber":"22","toHouseNumber":"32","streetName":"Helena Street","suburb":"Randwick","residentParkingSchemeZone":"RA11","availableSpace":"7","OBJECTID":432,"inspector":"Rasheeq Mahmood","inspectionDate":1534813744000,"zoneType":"2P 8am - 8pm Mon-Fri Permit Holders Excepted","SHAPE.STLength()":41.115439472060444}},{"type":"Feature","id":433,"geometry":{"type":"LineString","coordinates":[[151.24134235931993,-33.92504201716006],[151.24138772510452,-33.925048774510209],[151.24140979491835,-33.925052061912105],[151.24141840285728,-33.925053343611161],[151.2415192338689,-33.925068361422234]]},"properties":{"fromHouseNumber":"21","toHouseNumber":"25","streetName":"Helena Street","suburb":"Randwick","residentParkingSchemeZone":"RA11","availableSpace":"3","OBJECTID":433,"inspector":"Rasheeq Mahmood","inspectionDate":1534813971000,"zoneType":"2P 8am - 8pm Mon-Fri Permit Holders Excepted","SHAPE.STLength()":16.612618921560525}},{"type":"Feature","id":434,"geometry":{"type":"LineString","coordinates":[[151.24218796476907,-33.924773968726939],[151.24232728695176,-33.92479395759608],[151.24246665449567,-33.924813953268192]]},"properties":{"fromHouseNumber":"43","toHouseNumber":"43","streetName":"Helena Street","suburb":"Randwick","residentParkingSchemeZone":"RA11","availableSpace":"4","OBJECTID":434,"inspector":"Rasheeq Mahmood","inspectionDate":1534814199000,"zoneType":"2P 8am - 8pm Mon-Fri Permit Holders Excepted","SHAPE.STLength()":26.146284221138178}},{"type":"Feature","id":435,"geometry":{"type":"LineString","coordinates":[[151.24252675494336,-33.924822576147271],[151.24268771492845,-33.924845669801435],[151.24284847226195,-33.924868733301729]]},"properties":{"fromHouseNumber":"45","toHouseNumber":"49-51","streetName":"Helena Street","suburb":"Randwick","residentParkingSchemeZone":"RA11","availableSpace":"7","OBJECTID":435,"inspector":"Rasheeq Mahmood","inspectionDate":1534814402000,"zoneType":"2P 8am - 8pm Mon-Fri Permit Holders Excepted","SHAPE.STLength()":30.18303843831487}},{"type":"Feature","id":436,"geometry":{"type":"LineString","coordinates":[[151.24274127256646,-33.926752065239484],[151.24253718038625,-33.92672437106301]]},"properties":{"fromHouseNumber":"52","toHouseNumber":"52","streetName":"Bundock Lane","suburb":"Randwick","residentParkingSchemeZone":"RA11","availableSpace":"3","OBJECTID":436,"inspector":"Rasheeq Mahmood","inspectionDate":1534815095000,"zoneType":"2P 8am - 8pm Mon-Fri Permit Holders Excepted","SHAPE.STLength()":19.118141064706055}},{"type":"Feature","id":437,"geometry":{"type":"LineString","coordinates":[[151.24534141963329,-33.92481467274542],[151.24528254723253,-33.924806231054042],[151.24522368560315,-33.924797792193445]]},"properties":{"fromHouseNumber":"88","toHouseNumber":"90","streetName":"Oberon Street","suburb":"Randwick","residentParkingSchemeZone":"RA11","availableSpace":"3","OBJECTID":437,"inspector":"Rasheeq Mahmood","inspectionDate":1534812555000,"zoneType":"2P 8am - 8pm Mon-Fri Permit Holders Excepted","SHAPE.STLength()":11.045420536615763}},{"type":"Feature","id":438,"geometry":{"type":"LineString","coordinates":[[151.24408400102317,-33.924634381597137],[151.24400014865435,-33.924622365592505],[151.24391672977535,-33.924610417032937]]},"properties":{"fromHouseNumber":"62","toHouseNumber":"64","streetName":"Oberon Street","suburb":"Randwick","residentParkingSchemeZone":"RA11","availableSpace":"3","OBJECTID":438,"inspector":"Rasheeq Mahmood","inspectionDate":1534812800000,"zoneType":"2P 8am - 8pm Mon-Fri Permit Holders Excepted","SHAPE.STLength()":15.692531037038087}},{"type":"Feature","id":439,"geometry":{"type":"LineString","coordinates":[[151.24322599626495,-33.92436232210698],[151.24306465843145,-33.92433812184791],[151.24288215301272,-33.924310746315513]]},"properties":{"fromHouseNumber":"51","toHouseNumber":"61","streetName":"Oberon Street","suburb":"Randwick","residentParkingSchemeZone":"RA11","availableSpace":"7","OBJECTID":439,"inspector":"Rasheeq Mahmood","inspectionDate":1534812974000,"zoneType":"2P 8am - 8pm Mon-Fri Permit Holders Excepted","SHAPE.STLength()":32.302192079951276}},{"type":"Feature","id":440,"geometry":{"type":"LineString","coordinates":[[151.23978502630311,-33.926348494188261],[151.24002211016318,-33.926381100227047]]},"properties":{"fromHouseNumber":"6","toHouseNumber":"8","streetName":"Bundock Lane","suburb":"Randwick","residentParkingSchemeZone":"RA11","availableSpace":"2","OBJECTID":440,"inspector":"Rasheeq Mahmood","inspectionDate":1534815244000,"zoneType":"2P 8am - 8pm Mon-Fri Permit Holders Excepted","SHAPE.STLength()":22.216526303632619}},{"type":"Feature","id":441,"geometry":{"type":"LineString","coordinates":[[151.25239067407995,-33.922561637279273],[151.25243152958259,-33.922588643720061],[151.25258831227069,-33.92269228101231],[151.25278649966523,-33.922823286615234]]},"properties":{"fromHouseNumber":"11","toHouseNumber":"17","streetName":"Berwick Street","suburb":"Coogee","residentParkingSchemeZone":"CO2","availableSpace":"16","OBJECTID":441,"inspector":null,"inspectionDate":1539909590000,"zoneType":"2P 8am - 8pm Permit Holders Excepted","SHAPE.STLength()":46.707784942692527}},{"type":"Feature","id":442,"geometry":{"type":"LineString","coordinates":[[151.2524418607783,-33.922156387907286],[151.25335962793821,-33.922294985831094]]},"properties":{"fromHouseNumber":"37-39","toHouseNumber":"45A","streetName":"Carr Street","suburb":"Coogee","residentParkingSchemeZone":"CO2","availableSpace":"9","OBJECTID":442,"inspector":null,"inspectionDate":1539909832000,"zoneType":"2P 8am - 8pm Permit Holders Excepted","SHAPE.STLength()":86.239368609991573}},{"type":"Feature","id":443,"geometry":{"type":"LineString","coordinates":[[151.25171263642289,-33.921945312966407],[151.25171888235718,-33.921921899509464],[151.25172180053193,-33.921906398490542],[151.25172465065197,-33.921891263514894],[151.25172547814387,-33.921886869344767],[151.25172625219921,-33.921883290494073],[151.25172688395961,-33.921880376011444],[151.25173338733444,-33.921850344703671],[151.25174579903748,-33.92179304018709],[151.25178682521741,-33.921603608172852],[151.25186084003383,-33.921261862963519]]},"properties":{"fromHouseNumber":"Kidman Street","toHouseNumber":"Carr Street","streetName":"Mount Street","suburb":"Coogee","residentParkingSchemeZone":"CO2","availableSpace":"10","OBJECTID":443,"inspector":null,"inspectionDate":1539907193000,"zoneType":"2P 8am - 8pm Permit Holders Excepted","SHAPE.STLength()":77.034843854266654}},{"type":"Feature","id":444,"geometry":{"type":"LineString","coordinates":[[151.25417427009302,-33.921279219174615],[151.25417558945063,-33.92127462095187],[151.25417595504337,-33.921273349265931],[151.25417651170099,-33.921271407587959],[151.25417735095428,-33.921267278678307],[151.25417878766206,-33.921260215848555],[151.25418290182253,-33.921239990348639],[151.25419086588016,-33.921200827800646]]},"properties":{"fromHouseNumber":"124","toHouseNumber":"124","streetName":"Brook Street","suburb":"Coogee","residentParkingSchemeZone":"CO2","availableSpace":"1","OBJECTID":444,"inspector":null,"inspectionDate":1539907981000,"zoneType":"1P 8am - 6pm Mon-Fri Permit Holders Excepted","SHAPE.STLength()":8.8307221208759437}},{"type":"Feature","id":445,"geometry":{"type":"LineString","coordinates":[[151.25202459763491,-33.921077984208253],[151.25225693621556,-33.921112253937899],[151.25245465124732,-33.921141410347772],[151.25287927342345,-33.921204039228421],[151.25334564870028,-33.921272823670705],[151.25373728324351,-33.921334661494754]]},"properties":{"fromHouseNumber":"Mount Street","toHouseNumber":"23","streetName":"Kidman Street","suburb":"Coogee","residentParkingSchemeZone":"CO2","availableSpace":"48","OBJECTID":445,"inspector":null,"inspectionDate":1539907595000,"zoneType":"2P 8am - 8pm Permit Holders Excepted","SHAPE.STLength()":160.90027491875921}},{"type":"Feature","id":446,"geometry":{"type":"LineString","coordinates":[[151.25176640230595,-33.921101824085255],[151.25180762716005,-33.920903916661914],[151.25180816079984,-33.920901356973971],[151.25181125063361,-33.92088729847238],[151.25186889798371,-33.920624915049189],[151.25189000356644,-33.92052886606897]]},"properties":{"fromHouseNumber":"88A","toHouseNumber":"90","streetName":"Mount Street","suburb":"Coogee","residentParkingSchemeZone":"CO2","availableSpace":"10","OBJECTID":446,"inspector":null,"inspectionDate":1539907119000,"zoneType":"2P 8am - 8pm Permit Holders Excepted","SHAPE.STLength()":64.56819987249645}},{"type":"Feature","id":447,"geometry":{"type":"LineString","coordinates":[[151.25189524718263,-33.920505001919928],[151.25189998997843,-33.920483414777465],[151.25190096693908,-33.920478903696889],[151.25190604930117,-33.920455202276699],[151.25192198865926,-33.920380866974824],[151.25193264962877,-33.920331144677235],[151.25194227874348,-33.920286237469398],[151.25194652089266,-33.920266441293649],[151.25194677194392,-33.92026611842671]]},"properties":{"fromHouseNumber":"86C","toHouseNumber":"88B","streetName":"Mount Street","suburb":"Coogee","residentParkingSchemeZone":"CO2","availableSpace":"2","OBJECTID":447,"inspector":null,"inspectionDate":1539906886000,"zoneType":"2P 8am - 8pm Permit Holders Excepted","SHAPE.STLength()":26.923385078888536}},{"type":"Feature","id":448,"geometry":{"type":"LineString","coordinates":[[151.25459140795638,-33.919959800757617],[151.25455726902942,-33.920120349441056]]},"properties":{"fromHouseNumber":"101","toHouseNumber":"198-200","streetName":"Brook Street","suburb":"Coogee","residentParkingSchemeZone":"CO2","availableSpace":"3","OBJECTID":448,"inspector":null,"inspectionDate":1539908105000,"zoneType":"1P 8am - 6pm Mon-Fri Permit Holders Excepted","SHAPE.STLength()":18.08442655905904}},{"type":"Feature","id":449,"geometry":{"type":"LineString","coordinates":[[151.25213935848686,-33.919982392844126],[151.25214413553556,-33.919958859309517],[151.25215513408153,-33.919904674537818],[151.25216435505672,-33.919859246616909],[151.25216561499829,-33.91985316600698],[151.25216753230109,-33.919844239806764],[151.25216868341607,-33.919838879949012],[151.25216993385737,-33.919833052594242],[151.25217094750715,-33.919828332826874],[151.25217197070981,-33.919823569009644],[151.25218361109694,-33.919769361784304],[151.25220218935891,-33.919682843455732],[151.25221605430539,-33.919618274300454],[151.25222935853643,-33.919556319455332]]},"properties":{"fromHouseNumber":"91","toHouseNumber":"Coogee Bay Rd","streetName":"Mount Street","suburb":"Coogee","residentParkingSchemeZone":"CO2","availableSpace":"6","OBJECTID":449,"inspector":null,"inspectionDate":null,"zoneType":"2P 8am - 8pm Permit Holders Excepted","SHAPE.STLength()":47.984339899890209}},{"type":"Feature","id":450,"geometry":{"type":"LineString","coordinates":[[151.25373959672473,-33.919577133057189],[151.25376717690324,-33.919581151951682],[151.25381795533485,-33.91958882639203],[151.25393972328243,-33.919607231999414],[151.25409113714966,-33.919630254604002],[151.25431507283065,-33.919662711372418],[151.25444297693073,-33.919681184550861]]},"properties":{"fromHouseNumber":"1","toHouseNumber":"3","streetName":"Ormond Gardens","suburb":"Coogee","residentParkingSchemeZone":"CO2","availableSpace":"10","OBJECTID":450,"inspector":null,"inspectionDate":1539908219000,"zoneType":"1P 8am - 10pm Permit Holders Excepted","SHAPE.STLength()":66.054116513742954}},{"type":"Feature","id":451,"geometry":{"type":"LineString","coordinates":[[151.2545736120268,-33.919387968573091],[151.25458247925792,-33.919347938683927],[151.2545913326538,-33.919307738167859]]},"properties":{"fromHouseNumber":"108","toHouseNumber":"108","streetName":"Brook Street","suburb":"Coogee","residentParkingSchemeZone":"CO2","availableSpace":"2","OBJECTID":451,"inspector":null,"inspectionDate":1539908382000,"zoneType":null,"SHAPE.STLength()":9.048126930646653}},{"type":"Feature","id":452,"geometry":{"type":"LineString","coordinates":[[151.25464769769857,-33.919718288213303],[151.25469960917493,-33.919483958182369],[151.25470859131033,-33.919443383455345],[151.2547125501363,-33.919424769849805],[151.25471747057065,-33.919401276106385],[151.254721999271,-33.919379647028293],[151.25474925863469,-33.919249414801548]]},"properties":{"fromHouseNumber":"Ormond Gdns","toHouseNumber":"Opp 102-104","streetName":"Brook Street","suburb":"Coogee","residentParkingSchemeZone":"CO2","availableSpace":"21","OBJECTID":452,"inspector":null,"inspectionDate":1539908335000,"zoneType":"2P 8am - 10pm Permit Holders Excepted","SHAPE.STLength()":52.845442174850554}},{"type":"Feature","id":453,"geometry":{"type":"LineString","coordinates":[[151.25227841536631,-33.919325492983653],[151.25229369571079,-33.919253261945919],[151.25229760228711,-33.919234795570901],[151.2523006193731,-33.919220531322523],[151.25230278998518,-33.919210269624237],[151.25230460622055,-33.919201682845241],[151.25231907110563,-33.919133310513701],[151.25232574211631,-33.919101774719934],[151.25232868787378,-33.919088354392422]]},"properties":{"fromHouseNumber":"81-83","toHouseNumber":"89","streetName":"Mount Street","suburb":"Coogee","residentParkingSchemeZone":"CO2","availableSpace":"4","OBJECTID":453,"inspector":null,"inspectionDate":1539906139000,"zoneType":"2P 8am - 8pm Permit Holders Excepted","SHAPE.STLength()":26.709219887088274}},{"type":"Feature","id":454,"geometry":{"type":"LineString","coordinates":[[151.25466202188682,-33.918984183376814],[151.254675862064,-33.918920837220128],[151.25468442793863,-33.918881629947293],[151.25469234605862,-33.918845384740543],[151.25469647150717,-33.918826502070225],[151.25470612751332,-33.918779877165285],[151.25471464411817,-33.918738576240841],[151.25472100478052,-33.918707733850752],[151.25472342350443,-33.918696004874874]]},"properties":{"fromHouseNumber":"94","toHouseNumber":"106","streetName":"Brook Street","suburb":"Coogee","residentParkingSchemeZone":"CO2","availableSpace":"5","OBJECTID":454,"inspector":null,"inspectionDate":1539908481000,"zoneType":"2P 8am - 10pm Permit Holders Excepted","SHAPE.STLength()":32.463205498682129}},{"type":"Feature","id":455,"geometry":{"type":"LineString","coordinates":[[151.25339576656469,-33.918377244154058],[151.25335645526584,-33.918553246279671],[151.25334761864863,-33.918592813014193],[151.25334166933737,-33.918622608824975],[151.25332665638589,-33.918698641056807],[151.25332249589107,-33.918715993820371],[151.25332201644835,-33.918717703038716],[151.25332127845758,-33.918719413999611],[151.25331870715519,-33.918724724867104],[151.25331632622681,-33.918729293594296],[151.25331323779503,-33.918733655703974],[151.25331111942751,-33.918736648299351],[151.25330776583456,-33.918740064324012],[151.25330498633832,-33.918742327046104],[151.25329812946126,-33.918747908055117],[151.25329534886475,-33.91875017166312],[151.2532570276602,-33.918781367608247],[151.25323470260463,-33.918799540249154],[151.25321934881831,-33.918812038821542],[151.25320947483152,-33.918820076656267]]},"properties":{"fromHouseNumber":"Dolphin St","toHouseNumber":"2","streetName":"Glenwood Avenue","suburb":"Coogee","residentParkingSchemeZone":"CO2","availableSpace":"8","OBJECTID":455,"inspector":null,"inspectionDate":1539905378000,"zoneType":"2P 8am - 8pm Permit Holders Excepted","SHAPE.STLength()":53.902886297076151}},{"type":"Feature","id":456,"geometry":{"type":"LineString","coordinates":[[151.25462444890479,-33.918531291350874],[151.2546050881995,-33.918529615581548],[151.25408593955899,-33.918452289507947],[151.25391881190038,-33.918427394791273],[151.25384966941562,-33.918416890890597],[151.25377830254064,-33.9184060433996],[151.253768188132,-33.918404506752992],[151.25376003082852,-33.918403267484742],[151.25375138935323,-33.918401955521617],[151.25374144964204,-33.918400444795921],[151.25371202511673,-33.918395975020836],[151.25367739566479,-33.918390714527156],[151.25354671817394,-33.918370863958359]]},"properties":{"fromHouseNumber":"80-82","toHouseNumber":"Brook St","streetName":"Dolphin Street","suburb":"Coogee","residentParkingSchemeZone":"CO2","availableSpace":"14","OBJECTID":456,"inspector":null,"inspectionDate":1539905292000,"zoneType":"2P 8am - 10pm Permit Holders Excepted","SHAPE.STLength()":101.23421560742655}},{"type":"Feature","id":457,"geometry":{"type":"LineString","coordinates":[[151.25221249151318,-33.919033514670915],[151.2522295736662,-33.918954409067943],[151.2522505999188,-33.918857063055235],[151.25229054863229,-33.918672107942967],[151.25231432220988,-33.918562045735825],[151.25232985200481,-33.918490142851454],[151.25233319777914,-33.918474665008979],[151.25233874580226,-33.918445997950691],[151.25233976071905,-33.918440738053548],[151.25234483802461,-33.91841451705811],[151.25234566513868,-33.91841024370882],[151.25235223652055,-33.918376273588329],[151.25235743995435,-33.918349384386154],[151.25236492637706,-33.918310701210046]]},"properties":{"fromHouseNumber":"56","toHouseNumber":"74","streetName":"Mount Street","suburb":"Coogee","residentParkingSchemeZone":"CO2","availableSpace":"14","OBJECTID":457,"inspector":null,"inspectionDate":1539905775000,"zoneType":"2P 8am - 8pm Permit Holders Excepted","SHAPE.STLength()":81.400853656912119}},{"type":"Feature","id":458,"geometry":{"type":"LineString","coordinates":[[151.2537805332008,-33.921341486147227],[151.25404855847819,-33.92138377831472]]},"properties":{"fromHouseNumber":"23","toHouseNumber":"Brook Street","streetName":"Kidman Street","suburb":"Coogee","residentParkingSchemeZone":"CO2","availableSpace":"6","OBJECTID":458,"inspector":null,"inspectionDate":1539907710000,"zoneType":"1P 8am - 10pm Permit Holders Excepted","SHAPE.STLength()":25.222313821297206}},{"type":"Feature","id":459,"geometry":{"type":"LineString","coordinates":[[151.25084769326901,-33.922029743102755],[151.25055497896406,-33.921985885700408]]},"properties":{"fromHouseNumber":"4A","toHouseNumber":"6","streetName":"Carr Street","suburb":"Coogee","residentParkingSchemeZone":"CO2","availableSpace":"4","OBJECTID":459,"inspector":null,"inspectionDate":1539909264000,"zoneType":"2P 8am - 8pm Mon-Sun Permit Holders Excepted","SHAPE.STLength()":27.498589654198632}},{"type":"Feature","id":460,"geometry":{"type":"LineString","coordinates":[[151.25205015512955,-33.922420510900245],[151.25229522921134,-33.922583601508826]]},"properties":{"fromHouseNumber":"7","toHouseNumber":"9","streetName":"Berwick Street","suburb":"Coogee","residentParkingSchemeZone":"CO2","availableSpace":"2","OBJECTID":460,"inspector":null,"inspectionDate":1539909498000,"zoneType":"2P 8am - 8pm Permit Holders Excepted","SHAPE.STLength()":28.994369681888241}},{"type":"Feature","id":461,"geometry":{"type":"LineString","coordinates":[[151.25367340021933,-33.923597333434309],[151.25362519120617,-33.923843842872877],[151.25362341101248,-33.92385294326963],[151.25362325761128,-33.923853728316118],[151.25362306290617,-33.923854629101648]]},"properties":{"fromHouseNumber":"142A","toHouseNumber":"144","streetName":"Brook Street","suburb":"Coogee","residentParkingSchemeZone":"CO2","availableSpace":"5","OBJECTID":461,"inspector":null,"inspectionDate":1539910179000,"zoneType":"2P 8am - 8pm Mon-Sun Permit Holders Excepted","SHAPE.STLength()":28.9143000578892}},{"type":"Feature","id":462,"geometry":{"type":"LineString","coordinates":[[151.25297258045779,-33.924215861809387],[151.25300945546067,-33.9240542100585]]},"properties":{"fromHouseNumber":"150","toHouseNumber":"152","streetName":"Edgecumbe Avenue","suburb":"Coogee","residentParkingSchemeZone":"CO2","availableSpace":"2","OBJECTID":462,"inspector":null,"inspectionDate":1539910550000,"zoneType":"2P 8am - 8pm Mon-Sun Permit Holders Excepted","SHAPE.STLength()":18.250463325625464}},{"type":"Feature","id":463,"geometry":{"type":"LineString","coordinates":[[151.2513333951344,-33.922102514157928],[151.2511806304496,-33.922079626721299]]},"properties":{"fromHouseNumber":"14","toHouseNumber":"14A","streetName":"Carr Street","suburb":"Coogee","residentParkingSchemeZone":"CO2","availableSpace":"3","OBJECTID":463,"inspector":null,"inspectionDate":1539909140000,"zoneType":"4P 8am - 8pm Mon-Sun Permit Holders Excepted","SHAPE.STLength()":14.351198398043278}},{"type":"Feature","id":464,"geometry":{"type":"LineString","coordinates":[[151.25360056327585,-33.923958501043771],[151.25352513552511,-33.924306710738634]]},"properties":{"fromHouseNumber":"148","toHouseNumber":"152","streetName":"Brook Street","suburb":"Coogee","residentParkingSchemeZone":"CO2","availableSpace":"5","OBJECTID":464,"inspector":null,"inspectionDate":1539910289000,"zoneType":"2P 8am - 8pm Mon-Sun Permit Holders Excepted","SHAPE.STLength()":39.245354569044217}},{"type":"Feature","id":465,"geometry":{"type":"LineString","coordinates":[[151.25288685680266,-33.924184618150804],[151.25293679120645,-33.923952735476718]]},"properties":{"fromHouseNumber":"Dudley Street","toHouseNumber":"4-8","streetName":"Edgecumbe Avenue","suburb":"Coogee","residentParkingSchemeZone":"CO2","availableSpace":"3","OBJECTID":465,"inspector":null,"inspectionDate":1539910652000,"zoneType":"2P 8am - 8pm Mon-Sun Permit Holders Excepted","SHAPE.STLength()":26.129762809868751}},{"type":"Feature","id":466,"geometry":{"type":"LineString","coordinates":[[151.255280464988,-33.921956325352696],[151.25536450747182,-33.921563016590788],[151.25538324305305,-33.921475226721626],[151.25538593468536,-33.921458548321333]]},"properties":{"fromHouseNumber":"15A","toHouseNumber":"23-25","streetName":"Vicar Street","suburb":"Coogee","residentParkingSchemeZone":"CO2","availableSpace":"13","OBJECTID":466,"inspector":"Dilruba Akhter","inspectionDate":1541030393000,"zoneType":"1P 8am - 10pm Permit Holders Excepted","SHAPE.STLength()":56.065814788645959}},{"type":"Feature","id":467,"geometry":{"type":"LineString","coordinates":[[151.2542361916706,-33.921616290075441],[151.25425238735784,-33.921541976122604],[151.25426433603457,-33.921487134631676],[151.2542722606199,-33.921465970338424],[151.25427759796807,-33.92144151225834],[151.25428211315213,-33.921420822632818],[151.25428779165645,-33.921394805764564]]},"properties":{"fromHouseNumber":"Opp 118","toHouseNumber":"119","streetName":"Brook Street","suburb":"Coogee","residentParkingSchemeZone":"CO2","availableSpace":"2","OBJECTID":467,"inspector":"Dilruba Akhter","inspectionDate":1541028880000,"zoneType":"2P 8am - 10pm Permit Holders Excepted","SHAPE.STLength()":25.041037040959576}},{"type":"Feature","id":468,"geometry":{"type":"LineString","coordinates":[[151.25429813572796,-33.921347407960276],[151.25430062471921,-33.921336006427396],[151.25430158165241,-33.921331623090026],[151.25430346336063,-33.921323001140095],[151.25430571741688,-33.921312670253506],[151.2543072530118,-33.921305637680078],[151.25430768622971,-33.921303649163981],[151.25430856560871,-33.921299620915939],[151.25430968474669,-33.921294444539775],[151.2543100358356,-33.921292717266816],[151.25431475272123,-33.921269456920655],[151.2543255166197,-33.921216377763095],[151.25433057382179,-33.921191440487817]]},"properties":{"fromHouseNumber":"Opp 118","toHouseNumber":"119","streetName":"Brook Street","suburb":"Coogee","residentParkingSchemeZone":"CO2","availableSpace":"11","OBJECTID":468,"inspector":"Dilruba Akhter","inspectionDate":1541028725000,"zoneType":"1P 8am - 10pm Permit Holders Excepted","SHAPE.STLength()":17.557087168890586}},{"type":"Feature","id":469,"geometry":{"type":"LineString","coordinates":[[151.25437651364837,-33.920965729641445],[151.2544146070104,-33.920786561075452]]},"properties":{"fromHouseNumber":"Opp 118","toHouseNumber":"119","streetName":"Brook Street","suburb":"Coogee","residentParkingSchemeZone":"CO2","availableSpace":"8","OBJECTID":469,"inspector":"Dilruba Akhter","inspectionDate":1541028467000,"zoneType":"1P 8am - 10pm Permit Holders Excepted","SHAPE.STLength()":20.181715076771845}},{"type":"Feature","id":470,"geometry":{"type":"LineString","coordinates":[[151.25594474148153,-33.920061073704403],[151.2559056225393,-33.920055059492675],[151.25580107965141,-33.920039005411844],[151.25572258381649,-33.920026951589016],[151.25565620467148,-33.920016864758566],[151.25561464931255,-33.920010559840613],[151.25555844817009,-33.920002032900676],[151.2554835748102,-33.919990672294233],[151.25543496400806,-33.919983297068029],[151.2553326031659,-33.919967765863305],[151.25528515374828,-33.919960566644519]]},"properties":{"fromHouseNumber":"11-13","toHouseNumber":"23-25","streetName":"Alfreda Street","suburb":"Coogee","residentParkingSchemeZone":"CO2","availableSpace":"6","OBJECTID":470,"inspector":"Dilruba Akhter","inspectionDate":1541028004000,"zoneType":"1P 8am - 10pm Permit Holders Excepted","SHAPE.STLength()":61.998514337158561}},{"type":"Feature","id":471,"geometry":{"type":"LineString","coordinates":[[151.25498070157076,-33.919914370384092],[151.25476550846028,-33.919881731244843]]},"properties":{"fromHouseNumber":"3","toHouseNumber":"5","streetName":"Alfreda Street","suburb":"Coogee","residentParkingSchemeZone":"CO2","availableSpace":"2","OBJECTID":471,"inspector":"Dilruba Akhter","inspectionDate":1541027870000,"zoneType":"1P 8am - 10pm Permit Holders Excepted","SHAPE.STLength()":20.224263630105298}},{"type":"Feature","id":472,"geometry":{"type":"LineString","coordinates":[[151.25540923339054,-33.919869238680583],[151.25540131832463,-33.919867993933643],[151.25538992174302,-33.919866202090084],[151.25538267408172,-33.919865062384041],[151.25537221230638,-33.919863417243313],[151.25536024428607,-33.919861535240862],[151.25535080897404,-33.919860050726228],[151.2553392312619,-33.919858230160713],[151.2553276513876,-33.919856409563479],[151.25531640253078,-33.919854640546625],[151.25529186162655,-33.919850781390892],[151.25524783557375,-33.919843960709066],[151.25510537332732,-33.919822873479013],[151.25500940165136,-33.919808689590504],[151.25480259029246,-33.919779138760262]]},"properties":{"fromHouseNumber":"Opp 3","toHouseNumber":"Opp 19-21","streetName":"Alfreda Street","suburb":"Coogee","residentParkingSchemeZone":"CO2","availableSpace":"20","OBJECTID":472,"inspector":"Dilruba Akhter","inspectionDate":1541027585000,"zoneType":"2P 8am - 8pm Mon-Sun Permit Holders Excepted","SHAPE.STLength()":56.977061465650003}},{"type":"Feature","id":473,"geometry":{"type":"LineString","coordinates":[[151.25521919608747,-33.921760652304492],[151.2552743736492,-33.921521732513014],[151.25529337630834,-33.921428540484364],[151.25536169967603,-33.921093460016188]]},"properties":{"fromHouseNumber":"2-4","toHouseNumber":"22-24","streetName":"Vicar Street","suburb":"Coogee","residentParkingSchemeZone":"CO2","availableSpace":"10","OBJECTID":473,"inspector":"Dilruba Akhter","inspectionDate":1541030126000,"zoneType":"1P 8am - 10pm Permit Holders Excepted","SHAPE.STLength()":75.167772637005598}},{"type":"Feature","id":474,"geometry":{"type":"LineString","coordinates":[[151.25414275745726,-33.922051407626419],[151.25416826283077,-33.92193190043141],[151.25419439407554,-33.921812622128286]]},"properties":{"fromHouseNumber":"123","toHouseNumber":"125","streetName":"Brook Street","suburb":"Coogee","residentParkingSchemeZone":"CO2","availableSpace":"4","OBJECTID":474,"inspector":"Dilruba Akhter","inspectionDate":1541029163000,"zoneType":"2P 8am - 10pm Permit Holders Excepted","SHAPE.STLength()":26.911211327388028}},{"type":"Feature","id":475,"geometry":{"type":"LineString","coordinates":[[151.25398446439792,-33.922181244028984],[151.25402841503757,-33.921977341800293],[151.25409276754101,-33.921678949221992]]},"properties":{"fromHouseNumber":"Opp 125","toHouseNumber":"121","streetName":"Brook Street","suburb":"Coogee","residentParkingSchemeZone":"CO2","availableSpace":"13","OBJECTID":475,"inspector":"Dilruba Akhter","inspectionDate":1541029013000,"zoneType":"2P 8am - 10pm Permit Holders Excepted","SHAPE.STLength()":56.603474923370769}},{"type":"Feature","id":476,"geometry":{"type":"LineString","coordinates":[[151.24316008097898,-33.917013665416867],[151.24310373490181,-33.917005933321313],[151.24306435597697,-33.917000529046987],[151.24304921602575,-33.916998448200808],[151.24303323527286,-33.916996122704994],[151.24278125972711,-33.91695944455504],[151.24268386134037,-33.916945266842703],[151.24262691012237,-33.916937722473165],[151.24255075611674,-33.916927638805149],[151.24246485188561,-33.916916265287796],[151.24240211241658,-33.916907958276553]]},"properties":{"fromHouseNumber":"12","toHouseNumber":"24","streetName":"Mears Avenue","suburb":"Randwick","residentParkingSchemeZone":"RA2","availableSpace":"14","OBJECTID":476,"inspector":"Dilruba Akhter","inspectionDate":1541033108000,"zoneType":"1P 8am - 6pm Mon-Fri Permit Holders Excepted","SHAPE.STLength()":71.063237986885227}},{"type":"Feature","id":477,"geometry":{"type":"LineString","coordinates":[[151.24140719901871,-33.916873812584498],[151.24147566841262,-33.91688366276189],[151.24156194158795,-33.916896074731859],[151.24168407687225,-33.916913645466202],[151.2421691972755,-33.916983354449265],[151.24293117941343,-33.917092833684165]]},"properties":{"fromHouseNumber":"1","toHouseNumber":"19","streetName":"Mears Avenue","suburb":"Randwick","residentParkingSchemeZone":"RA2","availableSpace":"42","OBJECTID":477,"inspector":"Dilruba Akhter","inspectionDate":1541032108000,"zoneType":"1P 8am - 6pm Mon-Fri Permit Holders Excepted","SHAPE.STLength()":142.99739114198385}},{"type":"Feature","id":478,"geometry":{"type":"LineString","coordinates":[[151.24225375854454,-33.916887493583829],[151.24202222951376,-33.916851761352454],[151.24195810156041,-33.916841864357238],[151.24193216112013,-33.916837865349891],[151.24190639435997,-33.916833994159354],[151.24187546370999,-33.916829345867882],[151.24183126366637,-33.916822703700923],[151.24181128517495,-33.916819701464121],[151.24179057776487,-33.916816589623537]]},"properties":{"fromHouseNumber":"2","toHouseNumber":"10","streetName":"Mears Avenue","suburb":"Randwick","residentParkingSchemeZone":"RA2","availableSpace":"5","OBJECTID":478,"inspector":"Dilruba Akhter","inspectionDate":1541032214000,"zoneType":"1P 8am - 6pm Mon-Fri Permit Holders Excepted","SHAPE.STLength()":43.545425476236517}},{"type":"Feature","id":479,"geometry":{"type":"LineString","coordinates":[[151.24338715675427,-33.915406849278419],[151.24320635272434,-33.915395142234864],[151.24304562794782,-33.915382571724649],[151.2427534399726,-33.915340579314112]]},"properties":{"fromHouseNumber":"12","toHouseNumber":"20","streetName":"Milford Street","suburb":"Randwick","residentParkingSchemeZone":"RA2","availableSpace":"10","OBJECTID":479,"inspector":"Dilruba Akhter","inspectionDate":1541031291000,"zoneType":"2P 8am - 8pm Permit Holders Excepted","SHAPE.STLength()":59.113489108108475}},{"type":"Feature","id":480,"geometry":{"type":"LineString","coordinates":[[151.24267491158702,-33.915329207533773],[151.24246933205816,-33.915299312931765]]},"properties":{"fromHouseNumber":"10","toHouseNumber":"12","streetName":"Milford Street","suburb":"Randwick","residentParkingSchemeZone":"RA2","availableSpace":"4","OBJECTID":480,"inspector":"Dilruba Akhter","inspectionDate":1541031467000,"zoneType":"2P 8am - 8pm Permit Holders Excepted","SHAPE.STLength()":19.296822911557229}},{"type":"Feature","id":481,"geometry":{"type":"LineString","coordinates":[[151.24267514212337,-33.915407263903546],[151.24200304089371,-33.915308099422553]]},"properties":{"fromHouseNumber":"Opposite 2-4","toHouseNumber":"10","streetName":"Milford Street","suburb":"Randwick","residentParkingSchemeZone":"RA2","availableSpace":"12","OBJECTID":481,"inspector":"Dilruba Akhter","inspectionDate":1541031646000,"zoneType":"2P 8am - 8pm Permit Holders Excepted","SHAPE.STLength()":63.114531393332875}},{"type":"Feature","id":482,"geometry":{"type":"LineString","coordinates":[[151.25373361626083,-33.923958096141924],[151.25368597841165,-33.924179931607895]]},"properties":{"fromHouseNumber":"135A","toHouseNumber":"135A","streetName":"Brook Street","suburb":"Coogee","residentParkingSchemeZone":"CO2","availableSpace":"5","OBJECTID":482,"inspector":"Dilruba Akhter","inspectionDate":1550620800000,"zoneType":"2P 8am - 8pm Mon-Sun Permit Holders Excepted","SHAPE.STLength()":24.995413930259286}},{"type":"Feature","id":483,"geometry":{"type":"LineString","coordinates":[[151.25303082435286,-33.924287102324428],[151.25341976432478,-33.924344725802086]]},"properties":{"fromHouseNumber":"152","toHouseNumber":"152","streetName":"Dudley Street","suburb":"Coogee","residentParkingSchemeZone":"CO2","availableSpace":"5","OBJECTID":483,"inspector":"Dilruba Akhter","inspectionDate":1550620800000,"zoneType":"2P 8am - 8pm Mon-Sun Permit Holders Excepted","SHAPE.STLength()":36.524659603513079}},{"type":"Feature","id":883,"geometry":{"type":"LineString","coordinates":[[151.23860422662105,-33.908188561411109],[151.23841597515928,-33.908162559346458],[151.23812729042314,-33.908122684104768],[151.23799268942301,-33.908104092153621],[151.23790805683274,-33.908092401958775],[151.23784179059948,-33.908083248730478],[151.23779628970195,-33.908076963502566],[151.23773817104748,-33.908068937669348],[151.23769473565619,-33.908062950232306],[151.23765576880464,-33.908057578599418],[151.23762031714523,-33.908052691453186]]},"properties":{"fromHouseNumber":"1","toHouseNumber":"27","streetName":"Burton Street","suburb":"Randwick","residentParkingSchemeZone":"RA4","availableSpace":"14","OBJECTID":883,"inspector":"Rasheeq Mahmood","inspectionDate":1555027200000,"zoneType":"2P 8am - 8pm Mon-Sun Permit Holders Excepted","SHAPE.STLength()":92.228863969358372}},{"type":"Feature","id":884,"geometry":{"type":"LineString","coordinates":[[151.238079042603,-33.908011323725091],[151.23800010719017,-33.908000723260407],[151.23793523410566,-33.907992011131917],[151.23790631139303,-33.907988126901706],[151.23786205157427,-33.9079821827332]]},"properties":{"fromHouseNumber":"12","toHouseNumber":"16","streetName":"Burton Street","suburb":"Randwick","residentParkingSchemeZone":"RA4","availableSpace":"3","OBJECTID":884,"inspector":"Rasheeq Mahmood","inspectionDate":1555027200000,"zoneType":"2P 8am - 8pm Mon-Sun Permit Holders Excepted","SHAPE.STLength()":20.325420875945706}},{"type":"Feature","id":885,"geometry":{"type":"LineString","coordinates":[[151.23683526162864,-33.907099394575816],[151.23682155304306,-33.907174124579328],[151.23681699853879,-33.907198952435806],[151.23681021889652,-33.907235908437244],[151.23680396300924,-33.907270013411797],[151.23679835165407,-33.907300601799058]]},"properties":{"fromHouseNumber":"2","toHouseNumber":"4","streetName":"Prince Street","suburb":"Randwick","residentParkingSchemeZone":"RA4","availableSpace":"4","OBJECTID":885,"inspector":"Rasheeq Mahmood","inspectionDate":1555027200000,"zoneType":"2P 8am - 8pm Mon-Sun Permit Holders Excepted","SHAPE.STLength()":22.575966871156897}},{"type":"Feature","id":886,"geometry":{"type":"LineString","coordinates":[[151.23669160082872,-33.907871653011263],[151.23667975451391,-33.907933535468388],[151.23667084115331,-33.907979249289063],[151.23666457663302,-33.908011378408389],[151.23665818877282,-33.908044139686261]]},"properties":{"fromHouseNumber":"16","toHouseNumber":"16","streetName":"Prince Street","suburb":"Randwick","residentParkingSchemeZone":"RA4","availableSpace":"3","OBJECTID":886,"inspector":"Rasheeq Mahmood","inspectionDate":1555027200000,"zoneType":"2P 8am - 8pm Mon-Sun Permit Holders Excepted","SHAPE.STLength()":19.378898847719661}},{"type":"Feature","id":887,"geometry":{"type":"LineString","coordinates":[[151.23692160353889,-33.90713318914468],[151.23689357790303,-33.907305739960435]]},"properties":{"fromHouseNumber":"Opp 2","toHouseNumber":"Opp 4","streetName":"Prince Street","suburb":"Randwick","residentParkingSchemeZone":"RA4","availableSpace":"3","OBJECTID":887,"inspector":"Rasheeq Mahmood","inspectionDate":1555027200000,"zoneType":"2P 8am - 8pm Mon-Sun Permit Holders Excepted","SHAPE.STLength()":19.312769710802748}},{"type":"Feature","id":888,"geometry":{"type":"LineString","coordinates":[[151.24018061762317,-33.909151329142396],[151.24020215952049,-33.909043364214533],[151.24021271220079,-33.908990475825291],[151.24021978814037,-33.908955010832074],[151.24022469248106,-33.908930431761569],[151.24022724385463,-33.908917643627134]]},"properties":{"fromHouseNumber":"Opp 107","toHouseNumber":"Opp 107","streetName":"Wentworth Street","suburb":"Randwick","residentParkingSchemeZone":"RA4","availableSpace":"3","OBJECTID":888,"inspector":"Rasheeq Mahmood","inspectionDate":1555027200000,"zoneType":"2P 8am - 8pm Mon-Sun Permit Holders Excepted","SHAPE.STLength()":26.274870419732668}},{"type":"Feature","id":889,"geometry":{"type":"LineString","coordinates":[[151.24044393878717,-33.907799581188137],[151.24045468524852,-33.907747061640052],[151.2404622000619,-33.907710333238747],[151.24047275296411,-33.907658758204022],[151.24048186613612,-33.907614219642397],[151.24048794176775,-33.907584526819107]]},"properties":{"fromHouseNumber":"Opp 85","toHouseNumber":"Opp 81","streetName":"Wentworth Street","suburb":"Randwick","residentParkingSchemeZone":"RA4","availableSpace":"3","OBJECTID":889,"inspector":"Rasheeq Mahmood","inspectionDate":1555027200000,"zoneType":"2P 8am - 8pm Mon-Sun Permit Holders Excepted","SHAPE.STLength()":24.196856209224393}},{"type":"Feature","id":890,"geometry":{"type":"LineString","coordinates":[[151.24450060895711,-33.913559846313248],[151.24448844077449,-33.913558919872223],[151.24447799013953,-33.913558546790455],[151.2444693087576,-33.913558236355229],[151.24445878084984,-33.913557860366616],[151.24444676092122,-33.913557431092485],[151.24442896418995,-33.913556796364823],[151.24440585741317,-33.913556006119784],[151.24437089084179,-33.913554810063097],[151.24434709743008,-33.913552113649928],[151.24432290153362,-33.91354937136569],[151.24429365776646,-33.913546057082904],[151.24428449770775,-33.913544907049022],[151.24426908893125,-33.913542514132544],[151.24425464348599,-33.913540270212067]]},"properties":{"fromHouseNumber":"219","toHouseNumber":"217A","streetName":"Alison Road","suburb":"Randwick","residentParkingSchemeZone":"RA2","availableSpace":"5","OBJECTID":890,"inspector":"Dilruba Akhter","inspectionDate":1554940800000,"zoneType":"2P 8am - 8pm Mon-Sat Permit Holders Excepted","SHAPE.STLength()":22.881713392156154}},{"type":"Feature","id":891,"geometry":{"type":"LineString","coordinates":[[151.24294678798984,-33.913348158065361],[151.24293409950596,-33.913346288938847],[151.24292086917259,-33.913344339939329],[151.24290204348537,-33.913341566702741],[151.24287932725494,-33.913338220343206],[151.24285349956054,-33.913334415677006],[151.24283882267005,-33.913332253954223],[151.24280773336858,-33.91332767398788],[151.24279016769307,-33.913325086440068],[151.24275779574307,-33.913320317726928],[151.24271827513789,-33.913314496093996],[151.24266936192609,-33.913307290580718],[151.24263929056303,-33.91330286081255],[151.24261289407619,-33.913298972682632],[151.242581063355,-33.913294288747053],[151.24256615082726,-33.913292094322102]]},"properties":{"fromHouseNumber":"205","toHouseNumber":"205","streetName":"Alison Road","suburb":"Randwick","residentParkingSchemeZone":"RA2","availableSpace":"5","OBJECTID":891,"inspector":"Dilruba Akhter","inspectionDate":1554940800000,"zoneType":"2P 8am - 8pm Mon-Sat Permit Holders Excepted","SHAPE.STLength()":35.743169775518822}},{"type":"Feature","id":892,"geometry":{"type":"LineString","coordinates":[[151.24580191038714,-33.909208495327107],[151.24580551052497,-33.909213230725584],[151.24581077252364,-33.909220151279861],[151.24581538158719,-33.909226212638266],[151.24581986899585,-33.909232114909052],[151.24582720989434,-33.909241769409604],[151.24583349186037,-33.909250031410004],[151.24583816253352,-33.909256173900502],[151.2458426078239,-33.90926202056405],[151.24584858438064,-33.909269880994557],[151.24585055217739,-33.909272468628345],[151.24585336614894,-33.909276170247956],[151.2458577377428,-33.909281918923625],[151.24586232679644,-33.909287954295543],[151.245867425027,-33.909294660153755],[151.245870097374,-33.909298174447017],[151.24587411457458,-33.909303457733131],[151.24587800276393,-33.909308571456869],[151.2458807809283,-33.909312674743816],[151.24588402201334,-33.909317462736951],[151.24588426293658,-33.90931781830016]]},"properties":{"fromHouseNumber":"1","toHouseNumber":"3","streetName":"Chapel Street","suburb":"Randwick","residentParkingSchemeZone":"RA2","availableSpace":"3","OBJECTID":892,"inspector":"Dilruba Akhter","inspectionDate":1554940800000,"zoneType":"2P 8am - 8pm Mon-Sun Permit Holders Excepted ","SHAPE.STLength()":14.319926861162722}},{"type":"Feature","id":893,"geometry":{"type":"LineString","coordinates":[[151.24655624505155,-33.909286675615128],[151.24655431789438,-33.909297863621767],[151.24655247116692,-33.90930858341558],[151.24655058942363,-33.909319507857646],[151.24654882368449,-33.909329758544793],[151.24654714384081,-33.909339511790257],[151.24654495948755,-33.909352194382876],[151.24654296175578,-33.909363791678054],[151.24654134209135,-33.909373194099899],[151.24653911656645,-33.909382052258074],[151.24653550510845,-33.909396426039955],[151.24653277738872,-33.909407282075925],[151.24653024690963,-33.909417352795671],[151.24652774995877,-33.909427291436359],[151.24652558744589,-33.909435898002961]]},"properties":{"fromHouseNumber":"10","toHouseNumber":"12","streetName":"Caerleon Crescent","suburb":"Randwick","residentParkingSchemeZone":"RA2","availableSpace":"3","OBJECTID":893,"inspector":"Dilruba Akhter","inspectionDate":1554940800000,"zoneType":"2P 8am - 8pm Mon-Sun Permit Holders Excepted","SHAPE.STLength()":16.800027018327029}},{"type":"Feature","id":894,"geometry":{"type":"LineString","coordinates":[[151.2463915468856,-33.909241314788176],[151.24638784982838,-33.909261529299059],[151.2463842411197,-33.909281258576691],[151.24638042046573,-33.909302147635465],[151.24637651091851,-33.909323521919276],[151.24637311413835,-33.909342091865653],[151.24636946824393,-33.909362025759847],[151.24636693676905,-33.909375866205032],[151.24636538633658,-33.909384343067593],[151.24636390658245,-33.909392431833908]]},"properties":{"fromHouseNumber":"5","toHouseNumber":"5","streetName":"Caerleon Crescent","suburb":"Randwick","residentParkingSchemeZone":"RA2","availableSpace":"3","OBJECTID":894,"inspector":"Dilruba Akhter","inspectionDate":1554940800000,"zoneType":"2P 8am - 8pm Mon-Sun Permit Holders Excepted","SHAPE.STLength()":16.954525269900831}},{"type":"Feature","id":895,"geometry":{"type":"LineString","coordinates":[[151.24394073737341,-33.913582980194803],[151.24393436319622,-33.913618268745601],[151.24392851485248,-33.913650648556469],[151.24392191304031,-33.913687199907528],[151.24391588898072,-33.913720552446918],[151.24390753682593,-33.913766793316377]]},"properties":{"fromHouseNumber":"Opp 2","toHouseNumber":"Opp 6","streetName":"George Street","suburb":"Randwick","residentParkingSchemeZone":"RA2","availableSpace":"3","OBJECTID":895,"inspector":"Dilruba Akhter","inspectionDate":1554940800000,"zoneType":"2P 8am - 8pm Mon-Sat Permit Holders Excepted","SHAPE.STLength()":20.617038482759604}},{"type":"Feature","id":896,"geometry":{"type":"LineString","coordinates":[[151.24471496820954,-33.915555430535754],[151.24471024131697,-33.915577831440309],[151.24470530243721,-33.915601233864678],[151.24470142294587,-33.915619628229514],[151.24469798617869,-33.91563592243299],[151.24469306554909,-33.915659252075514],[151.24468856727361,-33.915680578203613],[151.24468545519289,-33.915695332799643]]},"properties":{"fromHouseNumber":"1","toHouseNumber":"1","streetName":"Judge Street","suburb":"Randwick","residentParkingSchemeZone":"RA2","availableSpace":"3","OBJECTID":896,"inspector":"Dilruba Akhter","inspectionDate":1554940800000,"zoneType":"2P 8am - 8pm Mon-Sat Permit Holders Excepted","SHAPE.STLength()":15.755067481751068}},{"type":"Feature","id":897,"geometry":{"type":"LineString","coordinates":[[151.24454545894127,-33.914061453935979],[151.2445412036208,-33.914080060713459],[151.24453684787119,-33.914099107913273],[151.24453289375387,-33.914116397028458],[151.24452945408524,-33.914131437315476],[151.24452645878458,-33.91414453436807],[151.24452400582109,-33.914155262156605],[151.2445214275505,-33.914166535967794],[151.2445190958303,-33.914176731201671],[151.24451698687196,-33.914185953023143],[151.24451532107221,-33.914193237905344],[151.24451243387873,-33.914205862632457],[151.2445102940323,-33.914215219274915],[151.24450886710733,-33.914221457031353],[151.2445075280543,-33.914227312799575],[151.24450567038585,-33.914235435821887],[151.24450411984006,-33.914242216468907],[151.24450274100445,-33.9142482452555],[151.24450133127289,-33.914254409313983],[151.24449899712602,-33.914264617137093],[151.24449679549406,-33.914274243872214]]},"properties":{"fromHouseNumber":"8","toHouseNumber":"10","streetName":"Pitt Street","suburb":"Randwick","residentParkingSchemeZone":"RA2","availableSpace":"5","OBJECTID":897,"inspector":"Dilruba Akhter","inspectionDate":1554940800000,"zoneType":"2P 8am - 8pm Mon-Sat Permit Holders Excepted","SHAPE.STLength()":24.026224961305637}},{"type":"Feature","id":898,"geometry":{"type":"LineString","coordinates":[[151.24535764335133,-33.91257785849907],[151.24537801092407,-33.912580938732305],[151.2454022983664,-33.912584611807752],[151.24541840643334,-33.912587047909291],[151.24543210629989,-33.912589119654889],[151.24544547245452,-33.912591141105722],[151.24546052386808,-33.912593417415245],[151.24547387222975,-33.912595436355112],[151.24548618389278,-33.912597298046101],[151.24549599569789,-33.912598781903689],[151.24550456701184,-33.912600078106195]]},"properties":{"fromHouseNumber":"27","toHouseNumber":"31","streetName":"Rae Street","suburb":"Randwick","residentParkingSchemeZone":"RA2","availableSpace":"3","OBJECTID":898,"inspector":"Dilruba Akhter","inspectionDate":1554940800000,"zoneType":"2P 8am - 8pm Mon-Sun Permit Holders Excepted","SHAPE.STLength()":13.808072996549965}},{"type":"Feature","id":899,"geometry":{"type":"LineString","coordinates":[[151.2464526351439,-33.912329818888011],[151.24645446135088,-33.912321293204073],[151.24645719457564,-33.912308537730574],[151.24646101260387,-33.91229071412269],[151.24646484428359,-33.912272831193945],[151.24646713329949,-33.912262145660122],[151.24646941628984,-33.912251490248835],[151.2464708723337,-33.912244693347198],[151.24647202339719,-33.91223932091598],[151.24647319481775,-33.912233852288054],[151.24647521707089,-33.91222441502687],[151.24647725493108,-33.912214902241388],[151.24647952300876,-33.91220431469911],[151.24648249008402,-33.912190465132198],[151.24648703993529,-33.912169228472862],[151.24649113472208,-33.912150116605275],[151.24649384228726,-33.912137477991756],[151.246495911843,-33.912127816869351],[151.24649732835991,-33.912121206967065]]},"properties":{"fromHouseNumber":"55","toHouseNumber":"61","streetName":"St Marks Road","suburb":"Randwick","residentParkingSchemeZone":"RA2","availableSpace":"5","OBJECTID":899,"inspector":"Dilruba Akhter","inspectionDate":1554940800000,"zoneType":"2P 8am - 8pm Mon-Sun Permit Holders Excepted","SHAPE.STLength()":23.503858276512528}},{"type":"Feature","id":900,"geometry":{"type":"LineString","coordinates":[[151.24642711616966,-33.911841022550377],[151.24643090274995,-33.911822964491492],[151.24643519397878,-33.911802499198913],[151.24644002819474,-33.91177944461532],[151.24644473954896,-33.911756975768121],[151.24645017063938,-33.911731077015986],[151.24645547830838,-33.911705764893959],[151.24645963226868,-33.911685954565826],[151.24646218544245,-33.911673777249874],[151.24646465524202,-33.911662000473591],[151.24646563338871,-33.911657333899484]]},"properties":{"fromHouseNumber":"60","toHouseNumber":"62","streetName":"St Marks Road","suburb":"Randwick","residentParkingSchemeZone":"RA2","availableSpace":"3","OBJECTID":900,"inspector":"Dilruba Akhter","inspectionDate":1554940800000,"zoneType":"2P 8am - 8pm Mon-Sun Permit Holders Excepted","SHAPE.STLength()":20.682348796645982}},{"type":"Feature","id":901,"geometry":{"type":"LineString","coordinates":[[151.24700568988516,-33.910252368266576],[151.24701923770081,-33.910231983323904],[151.2470337764797,-33.910210105671673],[151.24703839025338,-33.910203162994144],[151.24704718033706,-33.910189936898334],[151.24705417018004,-33.910179511241601],[151.24705862507437,-33.910172880108583],[151.24706308721744,-33.910166238257645],[151.24706823150458,-33.910158581284541],[151.24707779274846,-33.910144349898133],[151.2470872095318,-33.910130333323998],[151.24709821036552,-33.910113959143807],[151.24710802148033,-33.910099355735163],[151.24711423388291,-33.910090108859485],[151.24712193887069,-33.91007864014103],[151.24713095311162,-33.910065134983405],[151.24714377885957,-33.910045493605196]]},"properties":{"fromHouseNumber":"31","toHouseNumber":"37","streetName":"St Marks Road","suburb":"Randwick","residentParkingSchemeZone":"RA2","availableSpace":"5","OBJECTID":901,"inspector":"Dilruba Akhter","inspectionDate":1554940800000,"zoneType":"2P 8am - 8pm Mon-Sun Permit Holders Excepted","SHAPE.STLength()":26.259215664279694}},{"type":"Feature","id":902,"geometry":{"type":"LineString","coordinates":[[151.24718306613627,-33.909760561398571],[151.24719112204028,-33.909748458783589],[151.24719719119122,-33.909739339714754],[151.24720395325954,-33.909729180878102],[151.24721170175897,-33.909717539186147],[151.2472176146627,-33.909708655952699],[151.24722596459299,-33.909696111156833],[151.24723526132371,-33.909682143808858],[151.24724290548178,-33.90967065888568],[151.2472475769905,-33.909663640823325],[151.24725378391327,-33.909654315860294],[151.24726019950916,-33.909644676903888],[151.24726724891693,-33.909634085258034],[151.24727276959018,-33.909625791139298]]},"properties":{"fromHouseNumber":"22","toHouseNumber":"26","streetName":"St Marks Road","suburb":"Randwick","residentParkingSchemeZone":"RA2","availableSpace":"3","OBJECTID":902,"inspector":"Dilruba Akhter","inspectionDate":1554940800000,"zoneType":"2P 8am - 8pm Mon-Sun Permit Holders Excepted","SHAPE.STLength()":17.09520714989619}},{"type":"Feature","id":903,"geometry":{"type":"LineString","coordinates":[[151.24417011726683,-33.912305923630477],[151.24417635709986,-33.912277463399903],[151.2441788902801,-33.912265908507329],[151.2441812343022,-33.912255217944036],[151.24418355631431,-33.912244624906016],[151.24418469339295,-33.91223944031286],[151.24418636569848,-33.912231811059542],[151.24418860171389,-33.91222161401322],[151.24419007894673,-33.912214873802803],[151.24419254226854,-33.912203639836179],[151.24419450208572,-33.912194701292592],[151.2441959900473,-33.912187912540837],[151.24419904879022,-33.912173961994611],[151.24420123611603,-33.912163581199628],[151.24420279851685,-33.912155799787556],[151.24420459585463,-33.912146846753316],[151.2442061997553,-33.912138861237068],[151.2442077802784,-33.912130987203689],[151.24420939504685,-33.912122946385104]]},"properties":{"fromHouseNumber":"11A","toHouseNumber":"11A","streetName":"Wood Street","suburb":"Randwick","residentParkingSchemeZone":"RA2","availableSpace":"4","OBJECTID":903,"inspector":"Dilruba Akhter","inspectionDate":1554940800000,"zoneType":"2P 8am - 8pm Mon-Sat Permit Holders Excepted","SHAPE.STLength()":20.617313728231071}},{"type":"Feature","id":1290,"geometry":{"type":"LineString","coordinates":[[151.22183065807641,-33.905864996383315],[151.22182092892032,-33.905914369113766],[151.22181011887784,-33.905969232262287],[151.22180186934753,-33.906011097724623],[151.22179227670435,-33.906059779885759],[151.22178339670498,-33.906104845085316],[151.22177386874836,-33.90615353584284],[151.22176616296366,-33.906193067783832],[151.22176009797073,-33.9062241813238]]},"properties":{"fromHouseNumber":"61-65","toHouseNumber":"59","streetName":"Kensington Road","suburb":"Kensington","residentParkingSchemeZone":"KN2","availableSpace":"6","OBJECTID":1290,"inspector":"Dilruba Akhter","inspectionDate":1564444800000,"zoneType":"2P 8am - 8pm Mon-Sun Permit Holders Excepted","SHAPE.STLength()":40.369275073670131}},{"type":"Feature","id":1291,"geometry":{"type":"LineString","coordinates":[[151.22094286837913,-33.910430343439252],[151.22093615280664,-33.910465927802925],[151.22093046548761,-33.910496061577774],[151.22092530921114,-33.910523384637237],[151.22092101895785,-33.910546115925833],[151.22091626381228,-33.910571310813204],[151.22091275440701,-33.910589905831316],[151.22091007505742,-33.910604104687586]]},"properties":{"fromHouseNumber":"17","toHouseNumber":"13","streetName":"Kensington Road","suburb":"Kensington","residentParkingSchemeZone":"KN2","availableSpace":"4","OBJECTID":1291,"inspector":"Dilruba Akhter","inspectionDate":1564444800000,"zoneType":"2P 8am - 8pm Mon-Sun Permit Holders Excepted","SHAPE.STLength()":19.509583072914481}},{"type":"Feature","id":1292,"geometry":{"type":"LineString","coordinates":[[151.22137018646359,-33.905233296844543],[151.22140312433913,-33.905237969729363],[151.221426025531,-33.905241218526669],[151.22145904859863,-33.905245903447955],[151.22149176921573,-33.905250545217434],[151.22152599296706,-33.905255400306764],[151.22155374213989,-33.90525933723918],[151.22157672798923,-33.90526259805214],[151.22159667037332,-33.90526542715974],[151.22161086656587,-33.905267441067046]]},"properties":{"fromHouseNumber":"21","toHouseNumber":"17","streetName":"Salisbury Road","suburb":"Kensington","residentParkingSchemeZone":"KN2","availableSpace":"5","OBJECTID":1292,"inspector":"Dilruba Akhter","inspectionDate":1564444800000,"zoneType":"2P 8am - 8pm Mon-Sun Permit Holders Excepted","SHAPE.STLength()":22.578219269363331}},{"type":"Feature","id":1293,"geometry":{"type":"LineString","coordinates":[[151.2218659986973,-33.905303658302081],[151.22189893504864,-33.905308329229555],[151.22192996315249,-33.905312661945565],[151.22196726962991,-33.905317753495034],[151.22198490863116,-33.905320160632165]]},"properties":{"fromHouseNumber":"13","toHouseNumber":"11","streetName":"Salisbury Road","suburb":"Kensington","residentParkingSchemeZone":"KN2","availableSpace":"2","OBJECTID":1293,"inspector":"Dilruba Akhter","inspectionDate":1564444800000,"zoneType":"2P 8am - 8pm Mon-Sun Permit Holders Excepted","SHAPE.STLength()":11.148226698848227}},{"type":"Feature","id":1294,"geometry":{"type":"LineString","coordinates":[[151.24908968720564,-33.918483788653042],[151.24910233193091,-33.918425276217903],[151.24911434552416,-33.918369617391413]]},"properties":{"fromHouseNumber":"11","toHouseNumber":"17","streetName":"Nathan Street","suburb":"Coogee","residentParkingSchemeZone":"CO5","availableSpace":"2","OBJECTID":1294,"inspector":"Alexander Lin","inspectionDate":1554940800000,"zoneType":"2P 8am - 8pm Mon-Sun Permit Holders Excepted","SHAPE.STLength()":12.866636541081904}},{"type":"Feature","id":1295,"geometry":{"type":"LineString","coordinates":[[151.25074058023841,-33.917954019396753],[151.25114054720913,-33.918010090706325]]},"properties":{"fromHouseNumber":"58","toHouseNumber":"62","streetName":"Dolphin Street","suburb":"Coogee","residentParkingSchemeZone":"CO5","availableSpace":"5","OBJECTID":1295,"inspector":"Alexander Lin","inspectionDate":1554940800000,"zoneType":"2P 8am - 8pm Mon-Sun Permit Holders Excepted","SHAPE.STLength()":37.502700014832264}},{"type":"Feature","id":1296,"geometry":{"type":"LineString","coordinates":[[151.24919099756156,-33.917722801235691],[151.24927179790311,-33.917734829726442]]},"properties":{"fromHouseNumber":"50","toHouseNumber":"52","streetName":"Dolphin Street","suburb":"Coogee","residentParkingSchemeZone":"CO5","availableSpace":"1","OBJECTID":1296,"inspector":"Alexander Lin","inspectionDate":1554940800000,"zoneType":"2P 8am - 8pm Mon-Sun Permit Holders Excepted","SHAPE.STLength()":7.5895119243598268}},{"type":"Feature","id":1297,"geometry":{"type":"LineString","coordinates":[[151.25421432365988,-33.916923797915054],[151.2542571036806,-33.916930382151314],[151.25431733503294,-33.916939726964493],[151.25436498479544,-33.916947146239615],[151.25441588425824,-33.916955071007557],[151.25444349796041,-33.916959395453887],[151.25476634535664,-33.91700967296277]]},"properties":{"fromHouseNumber":"12","toHouseNumber":"18","streetName":"Smithfield Avenue","suburb":"Coogee","residentParkingSchemeZone":"CO4","availableSpace":"","OBJECTID":1297,"inspector":"Lauren Bonomini","inspectionDate":1764806400000,"zoneType":"2P 8am - 8pm Mon-Sun Permit Holders Excepted","SHAPE.STLength()":51.924970811006993}},{"type":"Feature","id":1298,"geometry":{"type":"LineString","coordinates":[[151.25402772424758,-33.912627374263458],[151.2540322193625,-33.912607007604407],[151.25403579925998,-33.912590840021196],[151.25404115483664,-33.91256665179133],[151.25404689285324,-33.912540734927205],[151.25405080037501,-33.912523086813877],[151.25405243964457,-33.912515682379514],[151.25405399728115,-33.912508647855915]]},"properties":{"fromHouseNumber":"47","toHouseNumber":"47","streetName":"Moira Crescent","suburb":"Coogee","residentParkingSchemeZone":"CO4","availableSpace":"2","OBJECTID":1298,"inspector":"Lauren Bonomini","inspectionDate":1573171200000,"zoneType":"2P 8am - 8pm Mon-Sun Permit Holders Excepted","SHAPE.STLength()":13.390438136646042}},{"type":"Feature","id":1299,"geometry":{"type":"LineString","coordinates":[[151.25343076719813,-33.913041417400819],[151.25345664609691,-33.913033564618459],[151.25347796469705,-33.913026499746941],[151.25349607381852,-33.913019298272104],[151.2535140606779,-33.91301069419891],[151.25353024283856,-33.913002121335651],[151.25354648528116,-33.912992449195805],[151.2535601723653,-33.912984533479751],[151.25357480197462,-33.912976117135429],[151.25358557758392,-33.912969918525491]]},"properties":{"fromHouseNumber":"33","toHouseNumber":"35-37","streetName":"Moira Crescent","suburb":"Coogee","residentParkingSchemeZone":"CO4","availableSpace":"3","OBJECTID":1299,"inspector":"Lauren Bonomini","inspectionDate":1573171200000,"zoneType":"2P 8am - 8pm Mon-Sun Permit Holders Excepted","SHAPE.STLength()":16.454155975111085}},{"type":"Feature","id":1300,"geometry":{"type":"LineString","coordinates":[[151.25265419465168,-33.912434262581357],[151.25264455779327,-33.912479964246458],[151.25263384501602,-33.912530766243123],[151.25262494998265,-33.91257294990347]]},"properties":{"fromHouseNumber":"3","toHouseNumber":"5-7","streetName":"Moira Crescent","suburb":"Coogee","residentParkingSchemeZone":"CO4","availableSpace":"3","OBJECTID":1300,"inspector":"Lauren Bonomini","inspectionDate":1573171200000,"zoneType":"2P 8am - 8pm Mon-Sun Permit Holders Excepted","SHAPE.STLength()":15.618018038000132}},{"type":"Feature","id":1301,"geometry":{"type":"LineString","coordinates":[[151.25304600310918,-33.91300524294509],[151.2530619743188,-33.913007431736055],[151.25307963066859,-33.913010200809559],[151.25309559411852,-33.913012849376202],[151.25311221025578,-33.913015605941645],[151.25312937828656,-33.913018454196902],[151.25314478930682,-33.913021011057566],[151.25315899574926,-33.913023368223875]]},"properties":{"fromHouseNumber":"27","toHouseNumber":"29","streetName":"Moira Crescent","suburb":"Coogee","residentParkingSchemeZone":"CO4","availableSpace":"2","OBJECTID":1301,"inspector":"Lauren Bonomini","inspectionDate":1573171200000,"zoneType":"2P 8am - 8pm Mon-Sun Permit Holders Excepted","SHAPE.STLength()":10.640961048916234}},{"type":"Feature","id":1697,"geometry":{"type":"LineString","coordinates":[[151.25470440736191,-33.925062541585284],[151.25466330714298,-33.925249748907021]]},"properties":{"fromHouseNumber":"2A","toHouseNumber":"4","streetName":"Alexander Street","suburb":"Coogee","residentParkingSchemeZone":"CO6","availableSpace":"4","OBJECTID":1697,"inspector":"Eve Fernandez","inspectionDate":1728950400000,"zoneType":"2P 8am - 8pm Mon-Sun Permit Holders Excepted","SHAPE.STLength()":21.108457372401705}},{"type":"Feature","id":1698,"geometry":{"type":"LineString","coordinates":[[151.25474871227377,-33.925317397906383],[151.2547237999741,-33.925432257411394]]},"properties":{"fromHouseNumber":"7-9","toHouseNumber":"11-15","streetName":"Alexander Street","suburb":"Coogee","residentParkingSchemeZone":"CO6","availableSpace":"3","OBJECTID":1698,"inspector":"Eve Fernandez","inspectionDate":1728950400000,"zoneType":"2P 8am - 8pm Mon-Sun Permit Holders Excepted","SHAPE.STLength()":12.945881591552581}},{"type":"Feature","id":1699,"geometry":{"type":"LineString","coordinates":[[151.25456819454061,-33.925683044193967],[151.25453222284654,-33.925846916237525]]},"properties":{"fromHouseNumber":"12-16","toHouseNumber":"12-16","streetName":"Alexander Street","suburb":"Coogee","residentParkingSchemeZone":"CO6","availableSpace":"4","OBJECTID":1699,"inspector":"Eve Fernandez","inspectionDate":1728950400000,"zoneType":"2P 8am - 8pm Mon-Sun Permit Holders Excepted","SHAPE.STLength()":18.477209397322422}},{"type":"Feature","id":1700,"geometry":{"type":"LineString","coordinates":[[151.25555754991774,-33.926286703584466],[151.255497478043,-33.926568315541317]]},"properties":{"fromHouseNumber":"332","toHouseNumber":"336-338","streetName":"Arden Street","suburb":"Coogee","residentParkingSchemeZone":"CO6","availableSpace":"5","OBJECTID":1700,"inspector":"Eve Fernandez","inspectionDate":1728950400000,"zoneType":"2P 8am - 8pm Mon-Sun Permit Holders Excepted","SHAPE.STLength()":31.724182299469913}},{"type":"Feature","id":1701,"geometry":{"type":"LineString","coordinates":[[151.25532857366579,-33.927324105068131],[151.25526096599486,-33.92762917350953]]},"properties":{"fromHouseNumber":"350","toHouseNumber":"358","streetName":"Arden Street","suburb":"Coogee","residentParkingSchemeZone":"CO6","availableSpace":"6","OBJECTID":1701,"inspector":"Eve Fernandez","inspectionDate":1728950400000,"zoneType":"2P 8am - 8pm Mon-Sun Permit Holders Excepted","SHAPE.STLength()":34.408359398008216}},{"type":"Feature","id":1702,"geometry":{"type":"LineString","coordinates":[[151.25520242617637,-33.927891601157853],[151.255156478397,-33.9281046712996]]},"properties":{"fromHouseNumber":"360-362","toHouseNumber":"366","streetName":"Arden Street","suburb":"Coogee","residentParkingSchemeZone":"CO6","availableSpace":"4","OBJECTID":1702,"inspector":"Eve Fernandez","inspectionDate":1728950400000,"zoneType":"2P 8am - 8pm Mon-Sun Permit Holders Excepted","SHAPE.STLength()":24.010881988642151}},{"type":"Feature","id":2097,"geometry":{"type":"LineString","coordinates":[[151.24262859527659,-33.909115673002866],[151.24284227022636,-33.909144680790931]]},"properties":{"fromHouseNumber":"4","toHouseNumber":"10","streetName":"Hodgson Street","suburb":"Randwick","residentParkingSchemeZone":"RA6","availableSpace":"4","OBJECTID":2097,"inspector":null,"inspectionDate":null,"zoneType":null,"SHAPE.STLength()":20.020046395800385}},{"type":"Feature","id":2099,"geometry":{"type":"LineString","coordinates":[[151.24302372387186,-33.90942070443856],[151.24320345708793,-33.909392619885026],[151.24344057583073,-33.909350194014095]]},"properties":{"fromHouseNumber":"91","toHouseNumber":"95","streetName":"Cowper Street","suburb":"Randwick","residentParkingSchemeZone":"RA6","availableSpace":"6","OBJECTID":2099,"inspector":"Lauren Bonomini","inspectionDate":1609718400000,"zoneType":"2P 8am-6pm Mon-Fri Permit Holders Excepted","SHAPE.STLength()":39.337311256111398}},{"type":"Feature","id":2100,"geometry":{"type":"LineString","coordinates":[[151.230087810355,-33.927651853439507],[151.23014355043426,-33.927667999257906],[151.23022072568784,-33.927690354189231]]},"properties":{"fromHouseNumber":"16","toHouseNumber":"16","streetName":"Anderson Street","suburb":"Kingsford","residentParkingSchemeZone":"KF3","availableSpace":"2","OBJECTID":2100,"inspector":"Lauren Bonomini","inspectionDate":1585612800000,"zoneType":null,"SHAPE.STLength()":13.009682308969017}},{"type":"Feature","id":2101,"geometry":{"type":"LineString","coordinates":[[151.23004751979261,-33.92771619803284],[151.23017645468286,-33.927753532914096]]},"properties":{"fromHouseNumber":"9","toHouseNumber":"9","streetName":"Anderson Street","suburb":"Kingsford","residentParkingSchemeZone":"KF3","availableSpace":"2","OBJECTID":2101,"inspector":"Lauren Bonomini","inspectionDate":1585612800000,"zoneType":null,"SHAPE.STLength()":12.619601729551531}},{"type":"Feature","id":2103,"geometry":{"type":"LineString","coordinates":[[151.23190082214126,-33.930223345787276],[151.23184561017061,-33.93031123339906]]},"properties":{"fromHouseNumber":"172","toHouseNumber":"172","streetName":"Botany Street","suburb":"Kingsford","residentParkingSchemeZone":"KF3","availableSpace":"2","OBJECTID":2103,"inspector":"Lauren Bonomini","inspectionDate":1585612800000,"zoneType":null,"SHAPE.STLength()":11.003546636539511}},{"type":"Feature","id":2104,"geometry":{"type":"LineString","coordinates":[[151.23091607981485,-33.932041510598552],[151.23078960239502,-33.932246922801092]]},"properties":{"fromHouseNumber":"311","toHouseNumber":"315","streetName":"Botany Street","suburb":"Kingsford","residentParkingSchemeZone":"KF3","availableSpace":"4","OBJECTID":2104,"inspector":"Lauren Bonomini","inspectionDate":1585612800000,"zoneType":null,"SHAPE.STLength()":25.608406577235531}},{"type":"Feature","id":2105,"geometry":{"type":"LineString","coordinates":[[151.23067120505817,-33.928188088928714],[151.23056501702536,-33.928443507398377]]},"properties":{"fromHouseNumber":"11","toHouseNumber":"15","streetName":"Hayward Street","suburb":"Kingsford","residentParkingSchemeZone":"KF3","availableSpace":"3","OBJECTID":2105,"inspector":"Lauren Bonomini","inspectionDate":1585612800000,"zoneType":null,"SHAPE.STLength()":29.982274222363451}},{"type":"Feature","id":2106,"geometry":{"type":"LineString","coordinates":[[151.23090759126714,-33.927394138545104],[151.23087925395737,-33.927461947901108]]},"properties":{"fromHouseNumber":"12","toHouseNumber":"12","streetName":"Hayward Street","suburb":"Kingsford","residentParkingSchemeZone":"KF3","availableSpace":"1","OBJECTID":2106,"inspector":"Lauren Bonomini","inspectionDate":1585612800000,"zoneType":null,"SHAPE.STLength()":7.9642373145518457}},{"type":"Feature","id":2107,"geometry":{"type":"LineString","coordinates":[[151.23498020745615,-33.930290783287774],[151.23530881581272,-33.930336736847011]]},"properties":{"fromHouseNumber":"27","toHouseNumber":"33","streetName":"Hincks Street","suburb":"Kingsford","residentParkingSchemeZone":"KF3","availableSpace":"4","OBJECTID":2107,"inspector":"Lauren Bonomini","inspectionDate":1585612800000,"zoneType":null,"SHAPE.STLength()":30.805562964260204}},{"type":"Feature","id":2108,"geometry":{"type":"LineString","coordinates":[[151.23416573735304,-33.929524636150717],[151.2341385478091,-33.929660940390654]]},"properties":{"fromHouseNumber":"1","toHouseNumber":"3","streetName":"Irvine Street","suburb":"Kingsford","residentParkingSchemeZone":"KF3","availableSpace":"2","OBJECTID":2108,"inspector":"Lauren Bonomini","inspectionDate":1585612800000,"zoneType":null,"SHAPE.STLength()":15.325505733661776}},{"type":"Feature","id":2109,"geometry":{"type":"LineString","coordinates":[[151.23689069498027,-33.928583047420908],[151.23703628725514,-33.928603363907115]]},"properties":{"fromHouseNumber":"8","toHouseNumber":"10","streetName":"Ainslie Street","suburb":"Kingsford","residentParkingSchemeZone":"KF4","availableSpace":"2","OBJECTID":2109,"inspector":"Lauren Bonomini","inspectionDate":1585612800000,"zoneType":null,"SHAPE.STLength()":13.648083436512248}},{"type":"Feature","id":2110,"geometry":{"type":"LineString","coordinates":[[151.23514790529822,-33.927524419543602],[151.23512857214612,-33.927620429737395]]},"properties":{"fromHouseNumber":"14","toHouseNumber":"16","streetName":"Bass Street","suburb":"Kingsford","residentParkingSchemeZone":"KF4","availableSpace":"2","OBJECTID":2110,"inspector":"Lauren Bonomini","inspectionDate":1585612800000,"zoneType":null,"SHAPE.STLength()":10.797766112140973}},{"type":"Feature","id":2111,"geometry":{"type":"LineString","coordinates":[[151.23354842525995,-33.927167942042537],[151.23349885826406,-33.9272694556321]]},"properties":{"fromHouseNumber":"142","toHouseNumber":"142","streetName":"Botany Street","suburb":"Kingsford","residentParkingSchemeZone":"KF4","availableSpace":"2","OBJECTID":2111,"inspector":"Lauren Bonomini","inspectionDate":1585612800000,"zoneType":null,"SHAPE.STLength()":12.156133459389954}},{"type":"Feature","id":2112,"geometry":{"type":"LineString","coordinates":[[151.23821179760998,-33.928009875280743],[151.23831167093547,-33.928024153904666]]},"properties":{"fromHouseNumber":"30","toHouseNumber":"32","streetName":"Jellicoe Avenue","suburb":"Kingsford","residentParkingSchemeZone":"KF4","availableSpace":"2","OBJECTID":2112,"inspector":"Lauren Bonomini","inspectionDate":1585612800000,"zoneType":null,"SHAPE.STLength()":9.3686993009969104}},{"type":"Feature","id":2113,"geometry":{"type":"LineString","coordinates":[[151.23543620995477,-33.925940196850583],[151.23556348176297,-33.925958482291527]]},"properties":{"fromHouseNumber":"12","toHouseNumber":"14","streetName":"McNair Avenue","suburb":"Kingsford","residentParkingSchemeZone":"KF4","availableSpace":"2","OBJECTID":2113,"inspector":"Lauren Bonomini","inspectionDate":1585612800000,"zoneType":null,"SHAPE.STLength()":11.940815317745267}},{"type":"Feature","id":2114,"geometry":{"type":"LineString","coordinates":[[151.23577911980729,-33.925985675323503],[151.2358991349667,-33.926002072784406]]},"properties":{"fromHouseNumber":"18","toHouseNumber":"20","streetName":"McNair Avenue","suburb":"Kingsford","residentParkingSchemeZone":"KF4","availableSpace":"2","OBJECTID":2114,"inspector":"Lauren Bonomini","inspectionDate":1585612800000,"zoneType":null,"SHAPE.STLength()":11.244433435704975}},{"type":"Feature","id":2115,"geometry":{"type":"LineString","coordinates":[[151.23236626967264,-33.926373000876822],[151.23256974793753,-33.926402203992986]]},"properties":{"fromHouseNumber":"28","toHouseNumber":"32","streetName":"Sturt Street","suburb":"Kingsford","residentParkingSchemeZone":"KF4","availableSpace":"3","OBJECTID":2115,"inspector":"Lauren Bonomini","inspectionDate":1585612800000,"zoneType":null,"SHAPE.STLength()":19.089950694671792}},{"type":"Feature","id":2116,"geometry":{"type":"LineString","coordinates":[[151.2317611116803,-33.925429281052963],[151.23190899457038,-33.925449635952859]]},"properties":{"fromHouseNumber":"11","toHouseNumber":"15","streetName":"Wallace Street","suburb":"Kingsford","residentParkingSchemeZone":"KF4","availableSpace":"3","OBJECTID":2116,"inspector":"Lauren Bonomini","inspectionDate":1585612800000,"zoneType":null,"SHAPE.STLength()":13.858217853136818}},{"type":"Feature","id":2117,"geometry":{"type":"LineString","coordinates":[[151.23196126889806,-33.925380331440344],[151.23216287248928,-33.925408421219636]]},"properties":{"fromHouseNumber":"36","toHouseNumber":"40","streetName":"Wallace Street","suburb":"Kingsford","residentParkingSchemeZone":"KF4","availableSpace":"3","OBJECTID":2117,"inspector":"Lauren Bonomini","inspectionDate":1585612800000,"zoneType":null,"SHAPE.STLength()":18.898625555910144}},{"type":"Feature","id":2503,"geometry":{"type":"LineString","coordinates":[[151.23646701547906,-33.917145064288896],[151.23646964003541,-33.917133647957606],[151.2364784178981,-33.917095464088732],[151.23649042740612,-33.917043224166768],[151.23649747291387,-33.917012578391194],[151.2365036760952,-33.916985594246349],[151.23650988875858,-33.916958569658419],[151.23651783715974,-33.916923998906775],[151.23652236148536,-33.91690431916988]]},"properties":{"fromHouseNumber":"55","toHouseNumber":"101","streetName":"Botany Street","suburb":"Randwick","residentParkingSchemeZone":"RA5","availableSpace":"19","OBJECTID":2503,"inspector":null,"inspectionDate":null,"zoneType":null,"SHAPE.STLength()":27.18774509662029}},{"type":"Feature","id":2505,"geometry":{"type":"LineString","coordinates":[[151.23625897448187,-33.918076415762869],[151.23626811758746,-33.91803529386528],[151.23629676088086,-33.917906474689801],[151.23631141698417,-33.91784055631576],[151.23639764497622,-33.917452745858142]]},"properties":{"fromHouseNumber":"55","toHouseNumber":"101","streetName":"Botany Street","suburb":"Randwick","residentParkingSchemeZone":"RA5","availableSpace":"19","OBJECTID":2505,"inspector":null,"inspectionDate":null,"zoneType":null,"SHAPE.STLength()":70.351422462585319}},{"type":"Feature","id":2903,"geometry":{"type":"LineString","coordinates":[[151.23675408089198,-33.908030719714688],[151.23674461940632,-33.908078368046347]]},"properties":{"fromHouseNumber":"7","toHouseNumber":"7","streetName":"Prince Street","suburb":"Randwick","residentParkingSchemeZone":"RA4","availableSpace":"1","OBJECTID":2903,"inspector":"Alexander Lin","inspectionDate":1587686400000,"zoneType":"2P 8am - 8pm Mon-Sun Permit Holders Excepted","SHAPE.STLength()":5.356747493815627}},{"type":"Feature","id":2904,"geometry":{"type":"LineString","coordinates":[[151.23673401815381,-33.908131758586769],[151.2367236661656,-33.908183889353033]]},"properties":{"fromHouseNumber":"9","toHouseNumber":"11","streetName":"Prince Street","suburb":"Randwick","residentParkingSchemeZone":"RA4","availableSpace":"1","OBJECTID":2904,"inspector":"Alexander Lin","inspectionDate":1587686400000,"zoneType":"2P 8am - 8pm Mon-Sun Permit Holders Excepted","SHAPE.STLength()":5.8606807123831608}},{"type":"Feature","id":2905,"geometry":{"type":"LineString","coordinates":[[151.23415709630055,-33.926728301715329],[151.23438542279717,-33.926761450803077]]},"properties":{"fromHouseNumber":"39","toHouseNumber":"41","streetName":"Sturt Street","suburb":"Kingsford","residentParkingSchemeZone":"KF4","availableSpace":"3","OBJECTID":2905,"inspector":"Lauren Bonomini","inspectionDate":1592524800000,"zoneType":null,"SHAPE.STLength()":21.428251026682045}},{"type":"Feature","id":2906,"geometry":{"type":"LineString","coordinates":[[151.24413670216043,-33.908169002891015],[151.2440948046814,-33.90839804547192]]},"properties":{"fromHouseNumber":"38","toHouseNumber":"42","streetName":"Avoca Street","suburb":"Randwick","residentParkingSchemeZone":"RA6","availableSpace":"4","OBJECTID":2906,"inspector":"Lauren Bonomini","inspectionDate":1609718400000,"zoneType":"2P 8am-6pm Mon-Fri Permit Holders Excepted","SHAPE.STLength()":25.697435486834088}},{"type":"Feature","id":2908,"geometry":{"type":"LineString","coordinates":[[151.2433919433891,-33.909221236190803],[151.24322034574979,-33.909194356768161],[151.2430542218859,-33.909173506267862]]},"properties":{"fromHouseNumber":"Opp 16","toHouseNumber":"Opp 20","streetName":"Hodgson Street","suburb":"Randwick","residentParkingSchemeZone":"RA6","availableSpace":"6","OBJECTID":2908,"inspector":"Lauren Bonomini","inspectionDate":1609718400000,"zoneType":"2P 8am-6pm Mon-Fri Permit Holders Excepted","SHAPE.STLength()":31.681855996007933}},{"type":"Feature","id":2909,"geometry":{"type":"LineString","coordinates":[[151.24646712944485,-33.907332333464197],[151.24635397041033,-33.907373668077994]]},"properties":{"fromHouseNumber":"9","toHouseNumber":"11","streetName":"Fraser Street","suburb":"Randwick","residentParkingSchemeZone":"RA6","availableSpace":"2","OBJECTID":2909,"inspector":"Lauren Bonomini","inspectionDate":1609718400000,"zoneType":"2P 8am-6pm Mon-Fri Permit Holders Excepted","SHAPE.STLength()":11.424886455125058}},{"type":"Feature","id":2910,"geometry":{"type":"LineString","coordinates":[[151.24495822818889,-33.907186536047583],[151.24453275165843,-33.907562210887299]]},"properties":{"fromHouseNumber":"77","toHouseNumber":"89","streetName":"Market Street","suburb":"Randwick","residentParkingSchemeZone":"RA6","availableSpace":"7","OBJECTID":2910,"inspector":"Lauren Bonomini","inspectionDate":1609718400000,"zoneType":"2P 8am-6pm Mon-Fri Permit Holders Excepted","SHAPE.STLength()":57.309161086732018}},{"type":"Feature","id":2911,"geometry":{"type":"LineString","coordinates":[[151.24543826681122,-33.906836092393974],[151.24539258884087,-33.906865861462151]]},"properties":{"fromHouseNumber":"71","toHouseNumber":"71","streetName":"Market Street","suburb":"Randwick","residentParkingSchemeZone":"RA6","availableSpace":"1","OBJECTID":2911,"inspector":"Lauren Bonomini","inspectionDate":1609718400000,"zoneType":"2P 8am-6pm Mon-Fri Permit Holders Excepted","SHAPE.STLength()":5.3615035897124983}},{"type":"Feature","id":2912,"geometry":{"type":"LineString","coordinates":[[151.24577304140826,-33.906627326462804],[151.2458157733509,-33.906601690810767]]},"properties":{"fromHouseNumber":"57-61","toHouseNumber":"57-61","streetName":"Market Street","suburb":"Randwick","residentParkingSchemeZone":"RA6","availableSpace":"1","OBJECTID":2912,"inspector":"Lauren Bonomini","inspectionDate":1609718400000,"zoneType":"2P 8am-6pm Mon-Fri Permit Holders Excepted","SHAPE.STLength()":4.8683780854099652}},{"type":"Feature","id":2913,"geometry":{"type":"LineString","coordinates":[[151.24676699867629,-33.907869132281611],[151.24665923631031,-33.907891456766258]]},"properties":{"fromHouseNumber":"5","toHouseNumber":"5","streetName":"McLennan Avenue","suburb":"Randwick","residentParkingSchemeZone":"RA6","availableSpace":"2","OBJECTID":2913,"inspector":"Lauren Bonomini","inspectionDate":1609718400000,"zoneType":"2P 8am-6pm Mon-Fri Permit Holders Excepted","SHAPE.STLength()":10.268574859492432}},{"type":"Feature","id":2914,"geometry":{"type":"LineString","coordinates":[[151.2465788449814,-33.907904627283848],[151.24644952917063,-33.907931416259878]]},"properties":{"fromHouseNumber":"7","toHouseNumber":"7","streetName":"McLennan Avenue","suburb":"Randwick","residentParkingSchemeZone":"RA6","availableSpace":"2","OBJECTID":2914,"inspector":"Lauren Bonomini","inspectionDate":1609718400000,"zoneType":"2P 8am-6pm Mon-Fri Permit Holders Excepted","SHAPE.STLength()":12.322361976910109}},{"type":"Feature","id":2915,"geometry":{"type":"LineString","coordinates":[[151.2457367154349,-33.908085888757256],[151.24566342646784,-33.908101545416585]]},"properties":{"fromHouseNumber":"23","toHouseNumber":"23","streetName":"McLennan Avenue","suburb":"Randwick","residentParkingSchemeZone":"RA6","availableSpace":"1","OBJECTID":2915,"inspector":"Lauren Bonomini","inspectionDate":1609718400000,"zoneType":"2P 8am-6pm Mon-Fri Permit Holders Excepted","SHAPE.STLength()":6.9964811735971963}},{"type":"Feature","id":2916,"geometry":{"type":"LineString","coordinates":[[151.24221136029391,-33.90619292921739],[151.24214731747918,-33.906557450926933]]},"properties":{"fromHouseNumber":"1","toHouseNumber":"11","streetName":"Monmouth Street","suburb":"Randwick","residentParkingSchemeZone":"RA6","availableSpace":"7","OBJECTID":2916,"inspector":"Alexander Lin","inspectionDate":1640044800000,"zoneType":"2P, 8:00am – 6:00pm, Mon-Fri, Permit Holders Excep","SHAPE.STLength()":40.861496054262375}},{"type":"Feature","id":2917,"geometry":{"type":"LineString","coordinates":[[151.24199812937147,-33.906850532375877],[151.24198579789794,-33.906928493807698]]},"properties":{"fromHouseNumber":"18","toHouseNumber":"20","streetName":"Monmouth Street","suburb":"Randwick","residentParkingSchemeZone":"RA6","availableSpace":"2","OBJECTID":2917,"inspector":"Lauren Bonomini","inspectionDate":1609718400000,"zoneType":"2P 8am-6pm Mon-Fri Permit Holders Excepted","SHAPE.STLength()":8.7217707698895648}},{"type":"Feature","id":2918,"geometry":{"type":"LineString","coordinates":[[151.24206750353272,-33.9085959510451],[151.24204831910535,-33.908694094395727]]},"properties":{"fromHouseNumber":"14","toHouseNumber":"14","streetName":"Randwick Street","suburb":"Randwick","residentParkingSchemeZone":"RA6","availableSpace":"2","OBJECTID":2918,"inspector":"Lauren Bonomini","inspectionDate":1609718400000,"zoneType":"2P 8:30am-6pm Mon-Fri Permit Holders Excepted","SHAPE.STLength()":11.028949862067558}},{"type":"Feature","id":2919,"geometry":{"type":"LineString","coordinates":[[151.24174802387671,-33.907487973065585],[151.24156562664248,-33.907466043321676]]},"properties":{"fromHouseNumber":"1","toHouseNumber":"1A","streetName":"Stanley Street","suburb":"Randwick","residentParkingSchemeZone":"RA6","availableSpace":"3","OBJECTID":2919,"inspector":"Lauren Bonomini","inspectionDate":1609718400000,"zoneType":"2P 8am-6pm Mon-Fri Permit Holders Excepted","SHAPE.STLength()":17.042187219368294}},{"type":"Feature","id":2920,"geometry":{"type":"LineString","coordinates":[[151.24228398911328,-33.907473436291326],[151.24222317564568,-33.90746684214961]]},"properties":{"fromHouseNumber":"8","toHouseNumber":"8","streetName":"Stanley Street","suburb":"Randwick","residentParkingSchemeZone":"RA6","availableSpace":"1","OBJECTID":2920,"inspector":"Lauren Bonomini","inspectionDate":1609718400000,"zoneType":"2P 8am-6pm Mon-Fri Permit Holders Excepted","SHAPE.STLength()":5.6712619724361177}},{"type":"Feature","id":2921,"geometry":{"type":"LineString","coordinates":[[151.24316230174219,-33.907676362220229],[151.24311005470696,-33.907670606714561]]},"properties":{"fromHouseNumber":"21","toHouseNumber":"21","streetName":"Stanley Street","suburb":"Randwick","residentParkingSchemeZone":"RA6","availableSpace":"1","OBJECTID":2921,"inspector":"Lauren Bonomini","inspectionDate":1609718400000,"zoneType":"2P 8am-6pm Mon-Fri Permit Holders Excepted","SHAPE.STLength()":4.873672841912966}},{"type":"Feature","id":2922,"geometry":{"type":"LineString","coordinates":[[151.24369051367918,-33.90774688433018],[151.24362116148123,-33.907738021585452]]},"properties":{"fromHouseNumber":"31","toHouseNumber":"31","streetName":"Stanley Street","suburb":"Randwick","residentParkingSchemeZone":"RA6","availableSpace":"1","OBJECTID":2922,"inspector":"Lauren Bonomini","inspectionDate":1609718400000,"zoneType":"2P 8am-6pm Mon-Fri Permit Holders Excepted","SHAPE.STLength()":6.4884185501938756}},{"type":"Feature","id":2923,"geometry":{"type":"LineString","coordinates":[[151.24119117088284,-33.907766220830524],[151.24118225981056,-33.907809993599834]]},"properties":{"fromHouseNumber":"7","toHouseNumber":"7","streetName":"Waverly Street","suburb":"Randwick","residentParkingSchemeZone":"RA6","availableSpace":"1","OBJECTID":2923,"inspector":"Lauren Bonomini","inspectionDate":1609718400000,"zoneType":"2P 8am-6pm Mon-Fri Permit Holders Excepted","SHAPE.STLength()":4.9243899482575504}},{"type":"Feature","id":2924,"geometry":{"type":"LineString","coordinates":[[151.26478605555542,-33.910842341893144],[151.26480726329081,-33.910734394496465]]},"properties":{"fromHouseNumber":"2","toHouseNumber":"2","streetName":"Andrew Street","suburb":"Clovelly","residentParkingSchemeZone":"CL1","availableSpace":"2","OBJECTID":2924,"inspector":"Lauren Bonomini","inspectionDate":1615248000000,"zoneType":"2P, 8am-6pm, Sat-Sun, Permit Holders Excepted","SHAPE.STLength()":12.132176824667534}},{"type":"Feature","id":2925,"geometry":{"type":"LineString","coordinates":[[151.26178585703008,-33.913643432396398],[151.2619535023187,-33.913674435666806]]},"properties":{"fromHouseNumber":"22","toHouseNumber":"24","streetName":"Battery Street","suburb":"Clovelly","residentParkingSchemeZone":"CL1","availableSpace":"2","OBJECTID":2925,"inspector":"Lauren Bonomini","inspectionDate":1615248000000,"zoneType":"2P, 8am-6pm, Mon-Sun, Permit Holders Excepted","SHAPE.STLength()":15.879049516658736}},{"type":"Feature","id":2926,"geometry":{"type":"LineString","coordinates":[[151.26196475951144,-33.913675309200585],[151.26203439055033,-33.913687959748053]]},"properties":{"fromHouseNumber":"24","toHouseNumber":"24","streetName":"Battery Street","suburb":"Clovelly","residentParkingSchemeZone":"CL1","availableSpace":"1","OBJECTID":2926,"inspector":"Lauren Bonomini","inspectionDate":1615248000000,"zoneType":"2P, 8am-6pm, Mon-Sun, Permit Holders Excepted","SHAPE.STLength()":6.5899239701608092}},{"type":"Feature","id":2927,"geometry":{"type":"LineString","coordinates":[[151.26025244248748,-33.913403048791501],[151.26034089279517,-33.913419407705263]]},"properties":{"fromHouseNumber":"1A","toHouseNumber":"3","streetName":"Battery Street","suburb":"Clovelly","residentParkingSchemeZone":"CL1","availableSpace":"1","OBJECTID":2927,"inspector":"Lauren Bonomini","inspectionDate":1615248000000,"zoneType":"2P, 8am-6pm, Mon-Sun, Permit Holders Excepted","SHAPE.STLength()":8.3779115909037856}},{"type":"Feature","id":3327,"geometry":{"type":"LineString","coordinates":[[151.26538654562052,-33.914781584176509],[151.26536586133804,-33.914878888891643]]},"properties":{"fromHouseNumber":"1","toHouseNumber":"1","streetName":"Lowe Street","suburb":"Clovelly","residentParkingSchemeZone":"CL1","availableSpace":"2","OBJECTID":3327,"inspector":"Lauren Bonomini","inspectionDate":1615248000000,"zoneType":"2P, 8am-8pm, Mon-Sun, Permit Holders Excepted","SHAPE.STLength()":10.960401543853218}},{"type":"Feature","id":3328,"geometry":{"type":"LineString","coordinates":[[151.26546065710932,-33.91470529075832],[151.26545004933442,-33.914755191909265]]},"properties":{"fromHouseNumber":"2R","toHouseNumber":"2R","streetName":"Lowe Street","suburb":"Clovelly","residentParkingSchemeZone":"CL1","availableSpace":"1","OBJECTID":3328,"inspector":"Lauren Bonomini","inspectionDate":1615248000000,"zoneType":"2P, 8am-8pm, Mon-Sun, Permit Holders Excepted","SHAPE.STLength()":5.6208676129668804}},{"type":"Feature","id":3329,"geometry":{"type":"LineString","coordinates":[[151.26351096962634,-33.914525761769333],[151.2634699129114,-33.914704610105758]]},"properties":{"fromHouseNumber":"14","toHouseNumber":"16-24","streetName":"Cliffbrook Parade","suburb":"Clovelly","residentParkingSchemeZone":"CL1","availableSpace":"3","OBJECTID":3329,"inspector":"Lauren Bonomini","inspectionDate":1615248000000,"zoneType":"2P, 8am-8pm, Mon-Sun, Permit Holders Excepted","SHAPE.STLength()":20.196414762650324}},{"type":"Feature","id":3330,"geometry":{"type":"LineString","coordinates":[[151.26343998527162,-33.91453256167506],[151.26341648093717,-33.914634948630017]]},"properties":{"fromHouseNumber":"10","toHouseNumber":"12","streetName":"Cliffbrook Parade","suburb":"Clovelly","residentParkingSchemeZone":"CL1","availableSpace":"2","OBJECTID":3330,"inspector":"Lauren Bonomini","inspectionDate":1615248000000,"zoneType":"2P, 8am-8pm, Mon-Sun, Permit Holders Excepted","SHAPE.STLength()":11.562031793979809}},{"type":"Feature","id":3331,"geometry":{"type":"LineString","coordinates":[[151.26355023533955,-33.914303424396877],[151.26352673121141,-33.914405811382593]]},"properties":{"fromHouseNumber":"11","toHouseNumber":"15","streetName":"Melrose Parade","suburb":"Clovelly","residentParkingSchemeZone":"CL1","availableSpace":"2","OBJECTID":3331,"inspector":"Lauren Bonomini","inspectionDate":1615248000000,"zoneType":"2P, 8am-8pm, Mon-Sun, Permit Holders Excepted","SHAPE.STLength()":11.562031793979809}},{"type":"Feature","id":3332,"geometry":{"type":"LineString","coordinates":[[151.26350685703696,-33.914201397210931],[151.2634833528908,-33.914303784189237]]},"properties":{"fromHouseNumber":"9","toHouseNumber":"9","streetName":"Melrose Parade","suburb":"Clovelly","residentParkingSchemeZone":"CL1","availableSpace":"2","OBJECTID":3332,"inspector":"Lauren Bonomini","inspectionDate":1615248000000,"zoneType":"2P, 8am-8pm, Mon-Sun, Permit Holders Excepted","SHAPE.STLength()":11.562031793979809}},{"type":"Feature","id":3333,"geometry":{"type":"LineString","coordinates":[[151.22249201407797,-33.913437834872852],[151.22263192065509,-33.913452976607289]]},"properties":{"fromHouseNumber":"10","toHouseNumber":null,"streetName":"Roma Avenue","suburb":"Kensington","residentParkingSchemeZone":"KN1","availableSpace":"2","OBJECTID":3333,"inspector":null,"inspectionDate":null,"zoneType":"2P, 8am-6pm, Mon-Fri, Permit Holders Excepted","SHAPE.STLength()":13.046013191776252}},{"type":"Feature","id":3334,"geometry":{"type":"LineString","coordinates":[[151.2232045076172,-33.915101414324234],[151.2231521304017,-33.915391255759836]]},"properties":{"fromHouseNumber":"23","toHouseNumber":"27","streetName":"Mooramie Avenue","suburb":"Kensington","residentParkingSchemeZone":"KN1","availableSpace":"4","OBJECTID":3334,"inspector":null,"inspectionDate":null,"zoneType":"2P, 8am-6pm, Mon-Fri, Permit Holders Excepted","SHAPE.STLength()":32.510096135700671}},{"type":"Feature","id":3335,"geometry":{"type":"LineString","coordinates":[[151.22265132730072,-33.917265752339297],[151.22270886933899,-33.916944651716499]]},"properties":{"fromHouseNumber":"34","toHouseNumber":"30","streetName":"Mooramie Avenue","suburb":"Kensington","residentParkingSchemeZone":"KN1","availableSpace":"6","OBJECTID":3335,"inspector":null,"inspectionDate":null,"zoneType":"2P, 8am-6pm, Mon-Fri, Permit Holders Excepted","SHAPE.STLength()":36.009645280466174}},{"type":"Feature","id":3336,"geometry":{"type":"LineString","coordinates":[[151.22261490202251,-33.917516070052642],[151.22256110109669,-33.917791575863042]]},"properties":{"fromHouseNumber":"32","toHouseNumber":"36","streetName":"Mooramie Avenue","suburb":"Kensington","residentParkingSchemeZone":"KN1","availableSpace":"4","OBJECTID":3336,"inspector":null,"inspectionDate":null,"zoneType":"2P, 8am-6pm, Mon-Fri, Permit Holders Excepted","SHAPE.STLength()":30.959612381698189}},{"type":"Feature","id":3337,"geometry":{"type":"LineString","coordinates":[[151.22252255588998,-33.91850315246041],[151.22248104158464,-33.918724437708057]]},"properties":{"fromHouseNumber":"73","toHouseNumber":"75","streetName":"Mooramie Avenue","suburb":"Kensington","residentParkingSchemeZone":"KN1","availableSpace":"3","OBJECTID":3337,"inspector":null,"inspectionDate":null,"zoneType":"2P, 8am-6pm, Mon-Fri, Permit Holders Excepted","SHAPE.STLength()":24.84189188875316}},{"type":"Feature","id":3338,"geometry":{"type":"LineString","coordinates":[[151.22348074571914,-33.91371183600269],[151.22344130972388,-33.913915973658874]]},"properties":{"fromHouseNumber":"1","toHouseNumber":"3","streetName":"Mooramie Avenue","suburb":"Kensington","residentParkingSchemeZone":"KN1","availableSpace":"4","OBJECTID":3338,"inspector":null,"inspectionDate":null,"zoneType":"2P, 8am-6pm, Mon-Fri, Permit Holders Excepted","SHAPE.STLength()":22.933384858105878}},{"type":"Feature","id":3736,"geometry":{"type":"LineString","coordinates":[[151.26030399791074,-33.94462818929707],[151.26032747661549,-33.944638821922396],[151.26034912166338,-33.944652814570446],[151.26036845564477,-33.9446698586152],[151.26038505212358,-33.944689578128092]]},"properties":{"fromHouseNumber":"126","toHouseNumber":"126","streetName":"Bond Street","suburb":"MAROUBRA","residentParkingSchemeZone":"MB1","availableSpace":"2","OBJECTID":3736,"inspector":"Lauren Bonomini","inspectionDate":null,"zoneType":"2P, 8am-8pm, Mon-Sun, Permit Holders Excepted","SHAPE.STLength()":10.281595927122341}},{"type":"Feature","id":3737,"geometry":{"type":"LineString","coordinates":[[151.25707008839547,-33.946027075869431],[151.2571023959411,-33.946001050139408]]},"properties":{"fromHouseNumber":"176","toHouseNumber":"176","streetName":"Marine Parade","suburb":"MAROUBRA","residentParkingSchemeZone":"MB1","availableSpace":"1","OBJECTID":3737,"inspector":"Lauren Bonomini","inspectionDate":null,"zoneType":"2P, 8am-8pm, Mon-Sun, Permit Holders Excepted","SHAPE.STLength()":4.1534038113335434}},{"type":"Feature","id":3739,"geometry":{"type":"LineString","coordinates":[[151.25715629857183,-33.945954871942739],[151.25721766831668,-33.945893469849274]]},"properties":{"fromHouseNumber":"174","toHouseNumber":"174","streetName":"Marine Parade","suburb":"MAROUBRA","residentParkingSchemeZone":"MB1","availableSpace":"2","OBJECTID":3739,"inspector":"Lauren Bonomini","inspectionDate":null,"zoneType":"2P, 8am-8pm, Mon-Sun, Permit Holders Excepted","SHAPE.STLength()":8.8634031830330269}},{"type":"Feature","id":3740,"geometry":{"type":"LineString","coordinates":[[151.25741552938052,-33.945708742549201],[151.25748116274391,-33.945648832197925]]},"properties":{"fromHouseNumber":"164-168","toHouseNumber":"164-168","streetName":"Marine Parade","suburb":"MAROUBRA","residentParkingSchemeZone":"MB1","availableSpace":"2","OBJECTID":3740,"inspector":"Lauren Bonomini","inspectionDate":null,"zoneType":"2P, 8am-8pm, Mon-Sun, Permit Holders Excepted","SHAPE.STLength()":8.9978138751865728}},{"type":"Feature","id":3741,"geometry":{"type":"LineString","coordinates":[[151.25773580686095,-33.945416952749895],[151.25776734262615,-33.94538662136442]]},"properties":{"fromHouseNumber":"158-162","toHouseNumber":"158-162","streetName":"Marine Parade","suburb":"MAROUBRA","residentParkingSchemeZone":"MB1","availableSpace":"1","OBJECTID":3741,"inspector":"Lauren Bonomini","inspectionDate":null,"zoneType":"2P, 8am-8pm, Mon-Sun, Permit Holders Excepted","SHAPE.STLength()":4.4513929474379141}},{"type":"Feature","id":3742,"geometry":{"type":"LineString","coordinates":[[151.25601549789354,-33.944726469680617],[151.25624292933952,-33.944523553994159]]},"properties":{"fromHouseNumber":"12","toHouseNumber":"14","streetName":"Hereward Street","suburb":"MAROUBRA","residentParkingSchemeZone":"MB1","availableSpace":"15","OBJECTID":3742,"inspector":"Lauren Bonomini","inspectionDate":null,"zoneType":"2P, 8am-8pm, Mon-Sun, Permit Holders Excepted","SHAPE.STLength()":30.797533505177004}},{"type":"Feature","id":3743,"geometry":{"type":"LineString","coordinates":[[151.26036377212776,-33.943596983581685],[151.26029198144531,-33.943678281263274]]},"properties":{"fromHouseNumber":"8","toHouseNumber":"8","streetName":"Beaumond Avenue","suburb":"MAROUBRA ","residentParkingSchemeZone":"MB1","availableSpace":"2","OBJECTID":3743,"inspector":"Lauren Bonomini","inspectionDate":null,"zoneType":"2P, 8am-8pm, Mon-Sun, Permit Holders Excepted","SHAPE.STLength()":11.19571274841401}},{"type":"Feature","id":3744,"geometry":{"type":"LineString","coordinates":[[151.26036544377308,-33.943725844129027],[151.26029653983505,-33.943805989606631]]},"properties":{"fromHouseNumber":"5","toHouseNumber":"7","streetName":"Beaumond Avenue","suburb":"MAROUBRA","residentParkingSchemeZone":"MB1","availableSpace":"2","OBJECTID":3744,"inspector":"Lauren Bonomini","inspectionDate":null,"zoneType":"2P, 8am-8pm, Mon-Sun, Permit Holders Excepted","SHAPE.STLength()":10.935497725869636}},{"type":"Feature","id":4134,"geometry":{"type":"LineString","coordinates":[[151.22469270810711,-33.921059051868198],[151.22500954305616,-33.921099408351587]]},"properties":{"fromHouseNumber":"61 HOUSTON ROAD","toHouseNumber":"61 HOUSTON ROAD","streetName":"Strachan Street","suburb":"KINGSFORD","residentParkingSchemeZone":"KF2","availableSpace":"6","OBJECTID":4134,"inspector":"Lauren Bonomini","inspectionDate":1659916800000,"zoneType":"2P, 8am-8pm, Mon-Sun, Permit Holders Excepted","SHAPE.STLength()":29.635751835916022}},{"type":"Feature","id":4533,"geometry":{"type":"LineString","coordinates":[[151.25597882500759,-33.918549682258686],[151.25600999909449,-33.918404413543989],[151.25602045296671,-33.918355699656843],[151.25602595776175,-33.918330048135438],[151.25602836744741,-33.918318594034218],[151.25602991148736,-33.918311190033421],[151.25607966990736,-33.918072513943606]]},"properties":{"fromHouseNumber":"Bream St","toHouseNumber":"Dolphin St","streetName":"Hill Street","suburb":"Coogee","residentParkingSchemeZone":"CO1","availableSpace":"9","OBJECTID":4533,"inspector":"Dilruba Akhter","inspectionDate":1677628800000,"zoneType":"2P 8am-10pm","SHAPE.STLength()":53.739078921422504}},{"type":"Feature","id":4534,"geometry":{"type":"LineString","coordinates":[[151.23156588236495,-33.927818824763726],[151.23150466010816,-33.927769034932183]]},"properties":{"fromHouseNumber":"5","toHouseNumber":"","streetName":"Jacques Street","suburb":"Kingsford","residentParkingSchemeZone":"KF3","availableSpace":"2","OBJECTID":4534,"inspector":"Dilruba Akhter","inspectionDate":1677628800000,"zoneType":"2P 8am-8pm, Mon-Fri","SHAPE.STLength()":7.9079926713420781}},{"type":"Feature","id":4536,"geometry":{"type":"LineString","coordinates":[[151.24375842477633,-33.922671702628534],[151.24395779315395,-33.923057517348063]]},"properties":{"fromHouseNumber":"127","toHouseNumber":"139","streetName":"Perouse Road","suburb":"Randwick","residentParkingSchemeZone":"SP1","availableSpace":"7","OBJECTID":4536,"inspector":"Dilruba Akhter","inspectionDate":1678233600000,"zoneType":"3P, 8:30am-10pm","SHAPE.STLength()":46.593342277330784}},{"type":"Feature","id":4935,"geometry":{"type":"LineString","coordinates":[[151.22868729895282,-33.94422567291889],[151.22873774767854,-33.944194905358636]]},"properties":{"fromHouseNumber":"75","toHouseNumber":null,"streetName":"Hinkler Street","suburb":"Maroubra","residentParkingSchemeZone":"MJ4","availableSpace":"1","OBJECTID":4935,"inspector":"Lauren Bonomini","inspectionDate":1690416000000,"zoneType":"2P 8am - 8pm Mon-Sun Permit Holders Excepted","SHAPE.STLength()":5.7786572785120249}},{"type":"Feature","id":4936,"geometry":{"type":"LineString","coordinates":[[151.22814692553513,-33.944469362888029],[151.22805033217475,-33.944488967837202]]},"properties":{"fromHouseNumber":"81","toHouseNumber":null,"streetName":"Hinkler Street","suburb":"Maroubra","residentParkingSchemeZone":"MJ4","availableSpace":"1","OBJECTID":4936,"inspector":"Lauren Bonomini","inspectionDate":1690416000000,"zoneType":"2P 8am - 8pm Mon-Sun Permit Holders Excepted","SHAPE.STLength()":9.1898967744474689}},{"type":"Feature","id":4937,"geometry":{"type":"LineString","coordinates":[[151.22798823959926,-33.944501434442863],[151.22784115930918,-33.94452603834754]]},"properties":{"fromHouseNumber":"83-85","toHouseNumber":null,"streetName":"Hinkler Street","suburb":"Maroubra","residentParkingSchemeZone":"MJ4","availableSpace":"2","OBJECTID":4937,"inspector":"Lauren Bonomini","inspectionDate":1690416000000,"zoneType":"2P 8am - 8pm Mon-Sun Permit Holders Excepted","SHAPE.STLength()":13.867030111473039}},{"type":"Feature","id":4940,"geometry":{"type":"LineString","coordinates":[[151.22819996762971,-33.943348703802123],[151.22815962763863,-33.943430434500343]]},"properties":{"fromHouseNumber":"42","toHouseNumber":null,"streetName":"Cobham Street","suburb":"Maroubra","residentParkingSchemeZone":"MJ4","availableSpace":"2","OBJECTID":4940,"inspector":"Lauren Bonomini","inspectionDate":1690416000000,"zoneType":"2P 8am - 8pm Mon-Sun Permit Holders Excepted","SHAPE.STLength()":9.8020752506803372}},{"type":"Feature","id":4941,"geometry":{"type":"LineString","coordinates":[[151.22814926264167,-33.943516176155796],[151.22818984733118,-33.943491708815387]]},"properties":{"fromHouseNumber":"25","toHouseNumber":"27","streetName":"Cobham Street","suburb":"Maroubra","residentParkingSchemeZone":"MJ4","availableSpace":"1","OBJECTID":4941,"inspector":"Lauren Bonomini","inspectionDate":1690416000000,"zoneType":"2P 8am - 8pm Mon-Sun Permit Holders Excepted","SHAPE.STLength()":4.6302500000000002}},{"type":"Feature","id":4942,"geometry":{"type":"LineString","coordinates":[[151.22748613420666,-33.943743622254509],[151.2275437658968,-33.943725365172938]]},"properties":{"fromHouseNumber":"39","toHouseNumber":"41","streetName":"Cobham Street","suburb":"Maroubra","residentParkingSchemeZone":"MJ4","availableSpace":"1","OBJECTID":4942,"inspector":"Lauren Bonomini","inspectionDate":1690416000000,"zoneType":"2P 8am - 8pm Mon-Sun Permit Holders Excepted","SHAPE.STLength()":5.6992963260827212}},{"type":"Feature","id":4943,"geometry":{"type":"LineString","coordinates":[[151.24684160791227,-33.91929849575412],[151.24713689428083,-33.919343260052692]]},"properties":{"fromHouseNumber":"58","toHouseNumber":"62","streetName":"Coogee Bay Road","suburb":"Randwick","residentParkingSchemeZone":"RA9","availableSpace":"4","OBJECTID":4943,"inspector":null,"inspectionDate":null,"zoneType":null,"SHAPE.STLength()":27.751390163467487}},{"type":"Feature","id":4944,"geometry":{"type":"LineString","coordinates":[[151.24752928520994,-33.919397755994979],[151.24765480400822,-33.919417436735579]]},"properties":{"fromHouseNumber":"74","toHouseNumber":null,"streetName":"Coogee Bay Road","suburb":"Randwick","residentParkingSchemeZone":"RA9","availableSpace":"2","OBJECTID":4944,"inspector":null,"inspectionDate":null,"zoneType":null,"SHAPE.STLength()":11.809566379952315}},{"type":"Feature","id":5343,"geometry":{"type":"LineString","coordinates":[[151.25540921121285,-33.945259174565173],[151.25563191853828,-33.945062349750422]]},"properties":{"fromHouseNumber":"22","toHouseNumber":"24","streetName":"Hereward Street","suburb":"MAROUBRA","residentParkingSchemeZone":"MB1","availableSpace":"12","OBJECTID":5343,"inspector":"Lauren Bonomini","inspectionDate":null,"zoneType":"2P, 8am-8pm, Mon-Sun, Permit Holders Excepted","SHAPE.STLength()":30.006023148444715}},{"type":"Feature","id":5344,"geometry":{"type":"LineString","coordinates":[[151.25606661198785,-33.944896373755292],[151.25636688102836,-33.944619641277733]]},"properties":{"fromHouseNumber":"9","toHouseNumber":"15","streetName":"Hereward Street","suburb":"MAROUBRA","residentParkingSchemeZone":"MB1","availableSpace":"4","OBJECTID":5344,"inspector":"Lauren Bonomini","inspectionDate":null,"zoneType":"2P, 8am-8pm, Mon-Sun, Permit Holders Excepted","SHAPE.STLength()":41.381914918143892}},{"type":"Feature","id":5345,"geometry":{"type":"LineString","coordinates":[[151.25624439858723,-33.944519181073957],[151.25643354627297,-33.944329473262584]]},"properties":{"fromHouseNumber":"8","toHouseNumber":"10","streetName":"Hereward Street","suburb":"MAROUBRA","residentParkingSchemeZone":"MB1","availableSpace":"11","OBJECTID":5345,"inspector":"Lauren Bonomini","inspectionDate":null,"zoneType":null,"SHAPE.STLength()":27.357352168110129}},{"type":"Feature","id":5346,"geometry":{"type":"LineString","coordinates":[[151.26021064484101,-33.944935885111128],[151.26025942325509,-33.944916413467475]]},"properties":{"fromHouseNumber":"126","toHouseNumber":null,"streetName":"Marine Parade","suburb":"MAROUBRA","residentParkingSchemeZone":"MB1","availableSpace":"1","OBJECTID":5346,"inspector":"Lauren Bonomini","inspectionDate":null,"zoneType":"2P, 8am-8pm, Mon-Sun, Permit Holders Excepted","SHAPE.STLength()":4.9994455055035854}},{"type":"Feature","id":5349,"geometry":{"type":"LineString","coordinates":[[151.25498949589604,-33.946626966406015],[151.25507451531541,-33.94655305002582]]},"properties":{"fromHouseNumber":"27","toHouseNumber":null,"streetName":"Fenton Avenue","suburb":"MAROUBRA","residentParkingSchemeZone":"MB1","availableSpace":"2","OBJECTID":5349,"inspector":"Lauren Bonomini","inspectionDate":null,"zoneType":"2P, 8am-8pm, Mon-Sun, Permit Holders Excepted","SHAPE.STLength()":11.356584292933329}},{"type":"Feature","id":5350,"geometry":{"type":"LineString","coordinates":[[151.25530526924169,-33.946353049991771],[151.25542930455595,-33.946250962817963]]},"properties":{"fromHouseNumber":"2","toHouseNumber":"6","streetName":"Fenton Avenue","suburb":"MAROUBRA","residentParkingSchemeZone":"MB1","availableSpace":"3","OBJECTID":5350,"inspector":"Lauren Bonomini","inspectionDate":null,"zoneType":"2P, 8am-8pm, Mon-Sun, Permit Holders Excepted","SHAPE.STLength()":16.113879958361984}},{"type":"Feature","id":5351,"geometry":{"type":"LineString","coordinates":[[151.25546969109081,-33.946220602854986],[151.25554525293597,-33.946155389589336]]},"properties":{"fromHouseNumber":"2","toHouseNumber":"4","streetName":"Fenton Avenue","suburb":"MAROUBRA","residentParkingSchemeZone":"MB1","availableSpace":"2","OBJECTID":5351,"inspector":"Lauren Bonomini","inspectionDate":null,"zoneType":"2P, 8am-8pm, Mon-Sun, Permit Holders Excepted","SHAPE.STLength()":10.054880548768343}},{"type":"Feature","id":5749,"geometry":{"type":"LineString","coordinates":[[151.22781100821422,-33.944461477210517],[151.22809897557991,-33.944401609522757]]},"properties":{"fromHouseNumber":"56","toHouseNumber":"62","streetName":"Hinkler Street","suburb":"Maroubra","residentParkingSchemeZone":"MJ4","availableSpace":"4","OBJECTID":5749,"inspector":null,"inspectionDate":null,"zoneType":"","SHAPE.STLength()":27.434957471490641}},{"type":"Feature","id":5750,"geometry":{"type":"LineString","coordinates":[[151.24475023179588,-33.919497349504418],[151.24457481617861,-33.92032382845084]]},"properties":{"fromHouseNumber":null,"toHouseNumber":null,"streetName":"Daintrey Crescent","suburb":"152","residentParkingSchemeZone":"SP1","availableSpace":"11","OBJECTID":5750,"inspector":null,"inspectionDate":null,"zoneType":null,"SHAPE.STLength()":93.090819911162569}},{"type":"Feature","id":6151,"geometry":{"type":"LineString","coordinates":[[151.24340667954272,-33.926561794671095],[151.24343663278137,-33.926412314256801],[151.24343709257192,-33.926410020023162]]},"properties":{"fromHouseNumber":"197 Rainbow St","toHouseNumber":"197 Rainbow St","streetName":"Canberra Street","suburb":"RANDWICK","residentParkingSchemeZone":"RA11","availableSpace":"3","OBJECTID":6151,"inspector":"Lauren Bonomini","inspectionDate":1719792000000,"zoneType":"2P, 8am-8pm, Mon-Fri, Permit Holders Excepted","SHAPE.STLength()":17.066976648559493}},{"type":"Feature","id":6152,"geometry":{"type":"LineString","coordinates":[[151.24352028796548,-33.926008081130902],[151.24353837535844,-33.925925455141744],[151.24354268336648,-33.925905776124367]]},"properties":{"fromHouseNumber":"49","toHouseNumber":"51","streetName":"Canberra Street","suburb":"RANDWICK","residentParkingSchemeZone":"RA11","availableSpace":"2","OBJECTID":6152,"inspector":"Lauren Bonomini","inspectionDate":1719792000000,"zoneType":"2P, 8am-8pm, Mon-Fri, Permit Holders Excepted","SHAPE.STLength()":11.534308445381834}},{"type":"Feature","id":6153,"geometry":{"type":"LineString","coordinates":[[151.24357219132708,-33.925770977324184],[151.24359354508803,-33.925673430812111]]},"properties":{"fromHouseNumber":"45","toHouseNumber":"45","streetName":"Canberra Street","suburb":"RANDWICK","residentParkingSchemeZone":"RA11","availableSpace":"2","OBJECTID":6153,"inspector":"Lauren Bonomini","inspectionDate":1719792000000,"zoneType":"2P, 8am-8pm, Mon-Fri, Permit Holders Excepted","SHAPE.STLength()":10.99781614833145}},{"type":"Feature","id":6155,"geometry":{"type":"LineString","coordinates":[[151.24355733795815,-33.925247246513017],[151.24353637289718,-33.925344832387132]]},"properties":{"fromHouseNumber":"30-30A","toHouseNumber":"30-30A","streetName":"Canberra Street","suburb":"RANDWICK","residentParkingSchemeZone":"RA11","availableSpace":"2","OBJECTID":6155,"inspector":"Lauren Bonomini","inspectionDate":1719792000000,"zoneType":"2P, 8am-8pm, Mon-Fri, Permit Holders Excepted","SHAPE.STLength()":10.995719822731024}},{"type":"Feature","id":6156,"geometry":{"type":"LineString","coordinates":[[151.24879553786809,-33.922865275859543],[151.24887192350991,-33.922940682684221]]},"properties":{"fromHouseNumber":"32-34","toHouseNumber":"36","streetName":"Dudley Street","suburb":"RANDWICK","residentParkingSchemeZone":"RA11","availableSpace":"2","OBJECTID":6156,"inspector":"Lauren Bonomini","inspectionDate":1719792000000,"zoneType":"2P, 8am-8pm, Mon-Fri, Permit Holders Excepted","SHAPE.STLength()":10.946723269773472}},{"type":"Feature","id":6157,"geometry":{"type":"LineString","coordinates":[[151.24317253780245,-33.927076623164176],[151.24315226816449,-33.927174405064939]]},"properties":{"fromHouseNumber":"72","toHouseNumber":"74","streetName":"Canberra Street","suburb":"RANDWICK","residentParkingSchemeZone":"RA11","availableSpace":"2","OBJECTID":6157,"inspector":"Lauren Bonomini","inspectionDate":1719792000000,"zoneType":"2P, 8am-8pm, Mon-Fri, Permit Holders Excepted","SHAPE.STLength()":11.005988755445829}},{"type":"Feature","id":6159,"geometry":{"type":"LineString","coordinates":[[151.24578174823583,-33.923648590137567],[151.2456949873368,-33.923581577155772]]},"properties":{"fromHouseNumber":"5","toHouseNumber":"7","streetName":"Ethel Street","suburb":"RANDWICK","residentParkingSchemeZone":"RA11","availableSpace":"1","OBJECTID":6159,"inspector":"Lauren Bonomini","inspectionDate":1719792000000,"zoneType":"2P, 8am-8pm, Mon-Fri, Permit Holders Excepted","SHAPE.STLength()":10.935946058755045}},{"type":"Feature","id":6161,"geometry":{"type":"LineString","coordinates":[[151.24595086087021,-33.923906922341061],[151.24590747155918,-33.923872597908336]]},"properties":{"fromHouseNumber":"22","toHouseNumber":"24","streetName":"Ethel Street","suburb":"RANDWICK","residentParkingSchemeZone":"RA11","availableSpace":"1","OBJECTID":6161,"inspector":"Lauren Bonomini","inspectionDate":1719792000000,"zoneType":"2P, 8am-8pm, Mon-Fri, Permit Holders Excepted","SHAPE.STLength()":5.5306157408104202}},{"type":"Feature","id":6162,"geometry":{"type":"LineString","coordinates":[[151.24633320645779,-33.923491579573458],[151.24630379701483,-33.923587844600874]]},"properties":{"fromHouseNumber":"3","toHouseNumber":"5","streetName":"Henry Street","suburb":"RANDWICK","residentParkingSchemeZone":"RA11","availableSpace":"2","OBJECTID":6162,"inspector":"Lauren Bonomini","inspectionDate":1717632000000,"zoneType":"2P, 8am-8pm, Mon-Fri, Permit Holders Excepted","SHAPE.STLength()":11.017824856567652}},{"type":"Feature","id":6163,"geometry":{"type":"LineString","coordinates":[[151.24618376470235,-33.923994223768076],[151.24609846455118,-33.924283140195485]]},"properties":{"fromHouseNumber":"19A","toHouseNumber":"31","streetName":"Henry Street","suburb":"RANDWICK","residentParkingSchemeZone":"RA11","availableSpace":"6","OBJECTID":6163,"inspector":"Lauren Bonomini","inspectionDate":1719792000000,"zoneType":"2P, 8am-8pm, Mon-Fri, Permit Holders Excepted","SHAPE.STLength()":33.000759281037759}},{"type":"Feature","id":6164,"geometry":{"type":"LineString","coordinates":[[151.2471916983792,-33.923821153766035],[151.24714848834466,-33.923965857115]]},"properties":{"fromHouseNumber":"4","toHouseNumber":"6","streetName":"Frederick Street","suburb":"RANDWICK","residentParkingSchemeZone":"RA11","availableSpace":"3","OBJECTID":6164,"inspector":"Lauren Bonomini","inspectionDate":1719792000000,"zoneType":"2P, 8am-8pm, Mon-Fri, Permit Holders Excepted","SHAPE.STLength()":16.539207550318125}},{"type":"Feature","id":6165,"geometry":{"type":"LineString","coordinates":[[151.25561403742208,-33.924200045180221],[151.25578828060765,-33.924157228765317],[151.25587205186676,-33.924131585975736]]},"properties":{"fromHouseNumber":"19-23","toHouseNumber":"25","streetName":"Havelock Avenue","suburb":"Coogee","residentParkingSchemeZone":"CO3","availableSpace":"5","OBJECTID":6165,"inspector":"Dilruba Akhter","inspectionDate":1717718400000,"zoneType":"2P, 8:00am-8:00pm, Permits Holders Excepted","SHAPE.STLength()":25.046869959853012}},{"type":"Feature","id":6166,"geometry":{"type":"LineString","coordinates":[[151.25121505055264,-33.904622724621881],[151.25199915327096,-33.904734987899857]]},"properties":{"fromHouseNumber":"67","toHouseNumber":"83","streetName":"Pine Street","suburb":"Randwick","residentParkingSchemeZone":"RA8","availableSpace":"10","OBJECTID":6166,"inspector":"Eve Fernandez","inspectionDate":1728864000000,"zoneType":"2P 8:30am-6pm Mon-Fri Permit Holders Excepted","SHAPE.STLength()":73.575565200955126}},{"type":"Feature","id":6167,"geometry":{"type":"LineString","coordinates":[[151.25080133792201,-33.904669596483672],[151.25105468993183,-33.904706805224102]]},"properties":{"fromHouseNumber":"32","toHouseNumber":"38-42","streetName":"Pine Street","suburb":"Randwick","residentParkingSchemeZone":"RA8","availableSpace":"3","OBJECTID":6167,"inspector":"Eve Fernandez","inspectionDate":1728864000000,"zoneType":"2P 8:30am-6pm Mon-Fri Permit Holders Excepted","SHAPE.STLength()":23.790833345324412}},{"type":"Feature","id":6168,"geometry":{"type":"LineString","coordinates":[[151.25007710247405,-33.904563522342855],[151.25040927152696,-33.904611598896452]]},"properties":{"fromHouseNumber":"18","toHouseNumber":"22","streetName":"Pine Street","suburb":"Randwick","residentParkingSchemeZone":"RA8","availableSpace":"4","OBJECTID":6168,"inspector":"Eve Fernandez","inspectionDate":1728864000000,"zoneType":"2P 8:30am-6pm Mon-Fri Permit Holders Excepted","SHAPE.STLength()":31.178612822454113}},{"type":"Feature","id":6562,"geometry":{"type":"LineString","coordinates":[[151.25534287718563,-33.922699944274548],[151.25505059116864,-33.922655135993423]]},"properties":{"fromHouseNumber":"36","toHouseNumber":"40","streetName":"Carr Street","suburb":"COOGEE","residentParkingSchemeZone":"CO3","availableSpace":"5","OBJECTID":6562,"inspector":"Dilruba Akhter","inspectionDate":1717372800000,"zoneType":"2P, 8:00am-10:00pm, Permits Holders Excepted,","SHAPE.STLength()":27.478239681837334}},{"type":"Feature","id":6563,"geometry":{"type":"LineString","coordinates":[[151.25463947388911,-33.922595914331197],[151.25446400734745,-33.922570012890354]]},"properties":{"fromHouseNumber":"129 Brook St","toHouseNumber":"28 Carr Street","streetName":"Carr Street","suburb":"COOGEE","residentParkingSchemeZone":"CO3","availableSpace":"3","OBJECTID":6563,"inspector":"Dilruba Akhter","inspectionDate":1717372800000,"zoneType":"2P, 8:00am-10:00pm, Permits Holders Excepted","SHAPE.STLength()":16.476228372188217}},{"type":"Feature","id":6564,"geometry":{"type":"LineString","coordinates":[[151.24199723583519,-33.906831109577588],[151.24202448954961,-33.906688346323278]]},"properties":{"fromHouseNumber":"14","toHouseNumber":"16","streetName":"Monmouth Street","suburb":"Randwick","residentParkingSchemeZone":"RA6","availableSpace":"3","OBJECTID":6564,"inspector":"Dilruba Akhter","inspectionDate":1717372800000,"zoneType":"2P 8:00am-6:00pm Mon-Fri, Permits Holders Excepted","SHAPE.STLength()":16.033558201628235}},{"type":"Feature","id":6565,"geometry":{"type":"LineString","coordinates":[[151.24147243778177,-33.907451514189063],[151.24130582793649,-33.907427184989025]]},"properties":{"fromHouseNumber":"1 Waveley St","toHouseNumber":null,"streetName":"Stanley Street","suburb":"Randwick","residentParkingSchemeZone":"RA6","availableSpace":"3","OBJECTID":6565,"inspector":"Dilruba Akhter","inspectionDate":1717372800000,"zoneType":"2P 8:00am-6:00pm Mon-Fri, Permits Holders Excepted","SHAPE.STLength()":15.642254284868915}},{"type":"Feature","id":6568,"geometry":{"type":"LineString","coordinates":[[151.25331417826123,-33.928732118792261],[151.2531963178381,-33.928746002881113]]},"properties":{"fromHouseNumber":"55","toHouseNumber":"57","streetName":"Malabar Road","suburb":"SOUTH COOGEE","residentParkingSchemeZone":"CO6","availableSpace":"2","OBJECTID":6568,"inspector":"Eve Fernandez","inspectionDate":1728950400000,"zoneType":"2P 8am - 8pm Mon-Sun Permit Holders Excepted","SHAPE.STLength()":11.005008706266432}},{"type":"Feature","id":6966,"geometry":{"type":"LineString","coordinates":[[151.25449218227163,-33.926029492706917],[151.25444833067667,-33.926229266380219]]},"properties":{"fromHouseNumber":"22-24","toHouseNumber":"26","streetName":"Alexander Street","suburb":"COOGEE","residentParkingSchemeZone":"CO6","availableSpace":"4","OBJECTID":6966,"inspector":"Eve Fernandez","inspectionDate":1728950400000,"zoneType":"2P 8am - 8pm Mon-Sun Permit Holders Excepted","SHAPE.STLength()":22.525241455087667}},{"type":"Feature","id":6967,"geometry":{"type":"LineString","coordinates":[[151.25470956444835,-33.925497742237425],[151.25467089632178,-33.925676012124057]]},"properties":{"fromHouseNumber":"11-15","toHouseNumber":"11-15","streetName":"Alexander Street","suburb":"COOGEE","residentParkingSchemeZone":"CO6","availableSpace":"4","OBJECTID":6967,"inspector":"Eve Fernandez","inspectionDate":1728950400000,"zoneType":"2P 8am - 8pm Mon-Sun Permit Holders Excepted","SHAPE.STLength()":20.092943374851778}},{"type":"Feature","id":6968,"geometry":{"type":"MultiLineString","coordinates":[[[151.25478077548462,-33.925169437550373],[151.25475530461958,-33.925286866331838]],[[151.25481042594339,-33.925032738224125],[151.25478909662132,-33.925131073584623]]]},"properties":{"fromHouseNumber":"3","toHouseNumber":"7-9","streetName":"Alexander Street","suburb":"COOGEE","residentParkingSchemeZone":"CO6","availableSpace":"3","OBJECTID":6968,"inspector":"Eve Fernandez","inspectionDate":1728950400000,"zoneType":"2P 8am - 8pm Mon-Sun Permit Holders Excepted","SHAPE.STLength()":24.318940626649432}},{"type":"Feature","id":6970,"geometry":{"type":"LineString","coordinates":[[151.25128186152239,-33.925508824541716],[151.25139808524148,-33.925526278890523],[151.25139891886184,-33.925526403899703]]},"properties":{"fromHouseNumber":"2","toHouseNumber":"2","streetName":"Clifford Street","suburb":"COOGEE","residentParkingSchemeZone":"CO6","availableSpace":"2","OBJECTID":6970,"inspector":"Eve Fernandez","inspectionDate":1728950400000,"zoneType":"2P 8am - 8pm Mon-Sun Permit Holders Excepted","SHAPE.STLength()":10.997128432817766}},{"type":"Feature","id":6971,"geometry":{"type":"LineString","coordinates":[[151.2524757652609,-33.925168079336679],[151.25241707099417,-33.925159207129106]]},"properties":{"fromHouseNumber":"20A","toHouseNumber":"20A","streetName":"Bay Street","suburb":"COOGEE","residentParkingSchemeZone":"CO6","availableSpace":"1","OBJECTID":6971,"inspector":"Eve Fernandez","inspectionDate":1728950400000,"zoneType":"2P 8am - 8pm Mon-Sun Permit Holders Excepted","SHAPE.STLength()":5.5152787610872398}},{"type":"Feature","id":6972,"geometry":{"type":"LineString","coordinates":[[151.25476176010739,-33.926583956396662],[151.2546445582087,-33.926566832634457]]},"properties":{"fromHouseNumber":"225","toHouseNumber":"225","streetName":"Oberon Street","suburb":"COOGEE","residentParkingSchemeZone":"CO6","availableSpace":"2","OBJECTID":6972,"inspector":"Eve Fernandez","inspectionDate":1728950400000,"zoneType":"2P 8am - 8pm Mon-Sun Permit Holders Excepted","SHAPE.STLength()":11.001301059988315}},{"type":"Feature","id":7766,"geometry":{"type":"LineString","coordinates":[[151.24820004556807,-33.909754101348476],[151.2482209349015,-33.909752296108415]]},"properties":{"fromHouseNumber":"12","toHouseNumber":"16","streetName":"Bligh Place","suburb":"RANDWICK","residentParkingSchemeZone":"RA7","availableSpace":"1","OBJECTID":7766,"inspector":"Eve Fernandez","inspectionDate":1693958400000,"zoneType":"2P, 8am-8pm, Mon-Fri, Permit Holders Excepted","SHAPE.STLength()":1.9420957043874023}},{"type":"Feature","id":7767,"geometry":{"type":"LineString","coordinates":[[151.24959742326209,-33.909652143687843],[151.24947963158496,-33.909635030893675]]},"properties":{"fromHouseNumber":"109","toHouseNumber":"109","streetName":"Clovelly Road","suburb":"RANDWICK","residentParkingSchemeZone":"RA7","availableSpace":"2","OBJECTID":7767,"inspector":"Eve Fernandez","inspectionDate":1710892800000,"zoneType":"2P, 8am-8pm, Mon-Fri, Permit Holders Excepted","SHAPE.STLength()":11.056950400652974}},{"type":"Feature","id":7768,"geometry":{"type":"LineString","coordinates":[[151.24701808001308,-33.906883971440628],[151.24692278362329,-33.90664941003007]]},"properties":{"fromHouseNumber":"57","toHouseNumber":"71","streetName":"Clovelly Road","suburb":"RANDWICK","residentParkingSchemeZone":"RA7","availableSpace":"5","OBJECTID":7768,"inspector":"Eve Fernandez","inspectionDate":1742428800000,"zoneType":"2P, 8am-8pm, Mon-Fri, Permit Holders Excepted","SHAPE.STLength()":27.467893343684}},{"type":"Feature","id":7769,"geometry":{"type":"LineString","coordinates":[[151.24723824810658,-33.907426530207957],[151.24729396717069,-33.907567689362857]]},"properties":{"fromHouseNumber":"91","toHouseNumber":"93","streetName":"Clovelly Road","suburb":"RANDWICK","residentParkingSchemeZone":"RA7","availableSpace":"3","OBJECTID":7769,"inspector":"Eve Fernandez","inspectionDate":1710892800000,"zoneType":"2P, 8am-8pm, Mon-Fri, Permit Holders Excepted","SHAPE.STLength()":16.482420427989332}},{"type":"Feature","id":7770,"geometry":{"type":"LineString","coordinates":[[151.25042309002592,-33.909771937077927],[151.2505451983869,-33.909790086442882]]},"properties":{"fromHouseNumber":"131","toHouseNumber":"133","streetName":"Clovelly Road","suburb":"RANDWICK","residentParkingSchemeZone":"RA7","availableSpace":"2","OBJECTID":7770,"inspector":"Eve Fernandez","inspectionDate":1710892800000,"zoneType":"2P, 8am-8pm, Mon-Fri, Permit Holders Excepted","SHAPE.STLength()":11.470012629134285}},{"type":"Feature","id":7771,"geometry":{"type":"LineString","coordinates":[[151.24974082361283,-33.910757897735117],[151.24962240917247,-33.910737393756079]]},"properties":{"fromHouseNumber":"4","toHouseNumber":"4","streetName":"Dick Street","suburb":"RANDWICK","residentParkingSchemeZone":"RA7","availableSpace":"2","OBJECTID":7771,"inspector":"Eve Fernandez","inspectionDate":1743120000000,"zoneType":"2P, 8am-8pm, Mon-Fri, Permit Holders Excepted","SHAPE.STLength()":11.183928318126865}},{"type":"Feature","id":7772,"geometry":{"type":"LineString","coordinates":[[151.25031880384623,-33.91085379527172],[151.25026017333727,-33.910843351805326]]},"properties":{"fromHouseNumber":"12","toHouseNumber":"12","streetName":"Dick Street","suburb":"RANDWICK","residentParkingSchemeZone":"RA7","availableSpace":"1","OBJECTID":7772,"inspector":"Eve Fernandez","inspectionDate":1743120000000,"zoneType":"2P, 8am-8pm, Mon-Fri, Permit Holders Excepted","SHAPE.STLength()":5.544148593336943}},{"type":"Feature","id":7774,"geometry":{"type":"LineString","coordinates":[[151.2467838401399,-33.906079285207028],[151.24703924750588,-33.906118159163491]]},"properties":{"fromHouseNumber":"3","toHouseNumber":"7","streetName":"Gilderthorpe Avenue","suburb":"RANDWICK","residentParkingSchemeZone":"RA7","availableSpace":"4","OBJECTID":7774,"inspector":"Eve Fernandez","inspectionDate":1710892800000,"zoneType":"2P, 8am-8pm, Mon-Fri, Permit Holders Excepted","SHAPE.STLength()":24.01018490276574}},{"type":"Feature","id":7775,"geometry":{"type":"LineString","coordinates":[[151.24764865037193,-33.906210727332095],[151.24796826429341,-33.906259075548498]]},"properties":{"fromHouseNumber":"17R","toHouseNumber":"23","streetName":"Gilderthorpe Avenue","suburb":"RANDWICK","residentParkingSchemeZone":"RA7","availableSpace":"5","OBJECTID":7775,"inspector":"Eve Fernandez","inspectionDate":1710892800000,"zoneType":"2P, 8am-8pm, Mon-Fri, Permit Holders Excepted","SHAPE.STLength()":30.040098707061535}},{"type":"Feature","id":7776,"geometry":{"type":"LineString","coordinates":[[151.24840773114201,-33.906434693573829],[151.2485250984613,-33.90645115157897]]},"properties":{"fromHouseNumber":"30","toHouseNumber":"32","streetName":"Gilderthorpe Avenue","suburb":"RANDWICK","residentParkingSchemeZone":"RA7","availableSpace":"2","OBJECTID":7776,"inspector":"Eve Fernandez","inspectionDate":1710892800000,"zoneType":"2P, 8am-8pm, Mon-Fri, Permit Holders Excepted","SHAPE.STLength()":11.006419063551052}},{"type":"Feature","id":7778,"geometry":{"type":"LineString","coordinates":[[151.24869472581355,-33.906475598686221],[151.24863614969348,-33.906466723403298]]},"properties":{"fromHouseNumber":"36","toHouseNumber":"36","streetName":"Gilderthorpe Avenue","suburb":"RANDWICK","residentParkingSchemeZone":"RA7","availableSpace":"1","OBJECTID":7778,"inspector":"Eve Fernandez","inspectionDate":1710892800000,"zoneType":"2P, 8am-8pm, Mon-Fri, Permit Holders Excepted","SHAPE.STLength()":5.505763228200065}},{"type":"Feature","id":8166,"geometry":{"type":"LineString","coordinates":[[151.24888980644678,-33.906505604722582],[151.24894831466048,-33.906514603811722]]},"properties":{"fromHouseNumber":"42","toHouseNumber":"44","streetName":"Gilderthorpe Avenue","suburb":"RANDWICK","residentParkingSchemeZone":"RA7","availableSpace":"1","OBJECTID":8166,"inspector":"Eve Fernandez","inspectionDate":1710892800000,"zoneType":"2P, 8am-8pm, Mon-Fri, Permit Holders Excepted","SHAPE.STLength()":5.502056114762917}},{"type":"Feature","id":8167,"geometry":{"type":"LineString","coordinates":[[151.2497263720899,-33.90652303287078],[151.24990222640631,-33.906549474920787]]},"properties":{"fromHouseNumber":"53-57","toHouseNumber":"57","streetName":"Gilderthorpe Avenue","suburb":"RANDWICK","residentParkingSchemeZone":"RA7","availableSpace":"3","OBJECTID":8167,"inspector":"Eve Fernandez","inspectionDate":1710892800000,"zoneType":"2P, 8am-8pm, Mon-Fri, Permit Holders Excepted","SHAPE.STLength()":16.525101200370905}},{"type":"Feature","id":8168,"geometry":{"type":"LineString","coordinates":[[151.24719952519203,-33.906252145917037],[151.24725808656362,-33.90626077549279]]},"properties":{"fromHouseNumber":"4","toHouseNumber":"4","streetName":"Gilderthorpe Avenue","suburb":"RANDWICK","residentParkingSchemeZone":"RA7","availableSpace":"1","OBJECTID":8168,"inspector":"Eve Fernandez","inspectionDate":1710892800000,"zoneType":"2P, 8am-8pm, Mon-Fri, Permit Holders Excepted","SHAPE.STLength()":5.4996293752397536}},{"type":"Feature","id":8169,"geometry":{"type":"LineString","coordinates":[[151.24733715127672,-33.906272678931778],[151.24739571267912,-33.906281308442892]]},"properties":{"fromHouseNumber":"8","toHouseNumber":"8","streetName":"Gilderthorpe Avenue","suburb":"RANDWICK","residentParkingSchemeZone":"RA7","availableSpace":"1","OBJECTID":8169,"inspector":"Eve Fernandez","inspectionDate":1710892800000,"zoneType":"2P, 8am-8pm, Mon-Fri, Permit Holders Excepted","SHAPE.STLength()":5.4996293752397536}},{"type":"Feature","id":8170,"geometry":{"type":"LineString","coordinates":[[151.25004754155594,-33.906571325242602],[151.2499891627613,-33.906562547186162],[151.24998944309246,-33.906562589043325]]},"properties":{"fromHouseNumber":"59","toHouseNumber":"61","streetName":"Gilderthorpe Avenue","suburb":"RANDWICK","residentParkingSchemeZone":"RA7","availableSpace":"1","OBJECTID":8170,"inspector":"Eve Fernandez","inspectionDate":1710892800000,"zoneType":"2P, 8am-8pm, Mon-Fri, Permit Holders Excepted","SHAPE.STLength()":5.5122141193735077}},{"type":"Feature","id":8171,"geometry":{"type":"LineString","coordinates":[[151.2498780639956,-33.907466544886375],[151.24988776943911,-33.90741742091808]]},"properties":{"fromHouseNumber":"1","toHouseNumber":"1","streetName":"Searle Avenue","suburb":"RANDWICK","residentParkingSchemeZone":"RA7","availableSpace":"1","OBJECTID":8171,"inspector":"Eve Fernandez","inspectionDate":1710892800000,"zoneType":"2P, 8am-8pm, Mon-Fri, Permit Holders Excepted","SHAPE.STLength()":5.5218768009617891}},{"type":"Feature","id":8571,"geometry":{"type":"LineString","coordinates":[[151.24942267644573,-33.910801243385698],[151.24931295581587,-33.910267561068245]]},"properties":{"fromHouseNumber":"16","toHouseNumber":"24","streetName":"GLEBE STREET","suburb":"RANDWICK","residentParkingSchemeZone":"RA7","availableSpace":"10","OBJECTID":8571,"inspector":"EVE FERNANDEZ","inspectionDate":1710892800000,"zoneType":"2P, 8am-8pm, Mon-Fri, Permit Holders Excepted","SHAPE.STLength()":60.055210743885496}},{"type":"Feature","id":8572,"geometry":{"type":"LineString","coordinates":[[151.2495090887214,-33.911307930090445],[151.24954208902665,-33.911468145131224]]},"properties":{"fromHouseNumber":"34","toHouseNumber":"34","streetName":"GLEBE STREET","suburb":"RANDWICK","residentParkingSchemeZone":"RA7","availableSpace":"3","OBJECTID":8572,"inspector":"EVE FERNANDEZ","inspectionDate":1710892800000,"zoneType":"2P, 8am-8pm, Mon-Fri, Permit Holders Excepted","SHAPE.STLength()":18.029937139726805}},{"type":"Feature","id":8575,"geometry":{"type":"LineString","coordinates":[[151.24955241057958,-33.911678276227782],[151.24954182683527,-33.911570080505641]]},"properties":{"fromHouseNumber":"38","toHouseNumber":"38","streetName":"GLEBE STREET","suburb":"RANDWICK","residentParkingSchemeZone":"RA7","availableSpace":"2","OBJECTID":8575,"inspector":"EVE FERNANDEZ","inspectionDate":1710892800000,"zoneType":"2P, 8am-8pm, Mon-Fri, Permit Holders Excepted","SHAPE.STLength()":12.040073719147237}},{"type":"Feature","id":9371,"geometry":{"type":"LineString","coordinates":[[151.24568226133141,-33.923690450305727],[151.24590747155918,-33.923872597908336]]},"properties":{"fromHouseNumber":"12","toHouseNumber":"22","streetName":"Ethel Street","suburb":"RANDWICK","residentParkingSchemeZone":"RA11","availableSpace":"6","OBJECTID":9371,"inspector":"Eve Fernandez","inspectionDate":1743638400000,"zoneType":"2P, 8am-8pm, Mon-Fri, Permit Holders Excepted","SHAPE.STLength()":29.012689230102406}},{"type":"Feature","id":9372,"geometry":{"type":"LineString","coordinates":[[151.24626655872845,-33.923713790773377],[151.24620946281505,-33.923907181235073]]},"properties":{"fromHouseNumber":"9","toHouseNumber":"19","streetName":"Henry Street","suburb":"RANDWICK","residentParkingSchemeZone":"RA11","availableSpace":"4","OBJECTID":9372,"inspector":"Eve Fernandez","inspectionDate":1743638400000,"zoneType":"2P, 8am-8pm, Mon-Fri, Permit Holders Excepted","SHAPE.STLength()":22.089524727175547}},{"type":"Feature","id":9373,"geometry":{"type":"LineString","coordinates":[[151.25241707099417,-33.925159207129106],[151.25229896643395,-33.925141355077351]]},"properties":{"fromHouseNumber":"20","toHouseNumber":"20A","streetName":"Bay Street","suburb":"COOGEE","residentParkingSchemeZone":"CO6","availableSpace":"2","OBJECTID":9373,"inspector":"Dilruba Akhter","inspectionDate":1743638400000,"zoneType":"2P 8am - 8pm Mon-Sun Permit Holders Excepted","SHAPE.STLength()":11.097830060421723}},{"type":"Feature","id":9374,"geometry":{"type":"LineString","coordinates":[[151.22096805587469,-33.908598908918364],[151.22085733020921,-33.908584230328692]]},"properties":{"fromHouseNumber":"29","toHouseNumber":"31","streetName":"Duke Street","suburb":"KENSINGTON","residentParkingSchemeZone":"KN2","availableSpace":"4","OBJECTID":9374,"inspector":"Dilruba Akhter","inspectionDate":1734566400000,"zoneType":"2P, 8am-8pm, Mon-Fri, Permit Holders Excepted","SHAPE.STLength()":10.368248446579585}},{"type":"Feature","id":9771,"geometry":{"type":"LineString","coordinates":[[151.22277265449034,-33.922926924629756],[151.2227831880397,-33.922873076533364]]},"properties":{"fromHouseNumber":"243","toHouseNumber":"243","streetName":"Doncaster Avenue","suburb":"Kingsford","residentParkingSchemeZone":"KF2","availableSpace":"1","OBJECTID":9771,"inspector":"Daniel Vukovic","inspectionDate":1744848000000,"zoneType":"2P, 8am-8pm, Mon-Fri, Permit Holders Excepted","SHAPE.STLength()":6.051374187942768}},{"type":"Feature","id":9772,"geometry":{"type":"LineString","coordinates":[[151.22238780582026,-33.92471909680981],[151.2223996647553,-33.924665884244099]]},"properties":{"fromHouseNumber":"277","toHouseNumber":"277","streetName":"Doncaster Avenue","suburb":"Kingsford","residentParkingSchemeZone":"KF2","availableSpace":"1","OBJECTID":9772,"inspector":"Daniel Vukovic","inspectionDate":1744848000000,"zoneType":"2P, 8am-8pm, Mon-Fri, Permit Holders Excepted","SHAPE.STLength()":6.0029841595659734}},{"type":"Feature","id":9773,"geometry":{"type":"LineString","coordinates":[[151.22258152476871,-33.924253251451532],[151.22255825161608,-33.924360311560896]]},"properties":{"fromHouseNumber":"334","toHouseNumber":"334","streetName":"Doncaster Avenue","suburb":"Kingsford","residentParkingSchemeZone":"KF2","availableSpace":"2","OBJECTID":9773,"inspector":"Daniel Vukovic","inspectionDate":1744848000000,"zoneType":"2P, 8am-8pm, Mon-Fri, Permit Holders Excepted","SHAPE.STLength()":12.067818560949615}},{"type":"Feature","id":9774,"geometry":{"type":"LineString","coordinates":[[151.22264084364426,-33.923980370783241],[151.22268718974775,-33.923767166938852]]},"properties":{"fromHouseNumber":"322","toHouseNumber":"326","streetName":"Doncaster Avenue","suburb":"Kingsford","residentParkingSchemeZone":"KF2","availableSpace":"4","OBJECTID":9774,"inspector":"Daniel Vukovic","inspectionDate":1744848000000,"zoneType":"2P, 8am-8pm, Mon-Fri, Permit Holders Excepted","SHAPE.STLength()":24.032328406388341}},{"type":"Feature","id":9775,"geometry":{"type":"LineString","coordinates":[[151.22303803126556,-33.921570291449569],[151.22307754813446,-33.921356448632565]]},"properties":{"fromHouseNumber":"209","toHouseNumber":"213","streetName":"Doncaster Avenue","suburb":"Kingsford","residentParkingSchemeZone":"KF2","availableSpace":"4","OBJECTID":9775,"inspector":"Daniel Vukovic","inspectionDate":1744848000000,"zoneType":"2P, 8am-8pm, Mon-Fri, Permit Holders Excepted","SHAPE.STLength()":23.997850375085683}},{"type":"Feature","id":9776,"geometry":{"type":"LineString","coordinates":[[151.22373212931822,-33.922281725072921],[151.22399179136968,-33.922269490530248]]},"properties":{"fromHouseNumber":"1-3","toHouseNumber":"7-9","streetName":"See Street","suburb":"Kingsford","residentParkingSchemeZone":"KF2","availableSpace":"4","OBJECTID":9776,"inspector":"Daniel Vukovic","inspectionDate":1744848000000,"zoneType":"2P 8:00am-6:00pm Mon-Fri, Permits Holders Excepted","SHAPE.STLength()":24.047341196949404}},{"type":"Feature","id":9777,"geometry":{"type":"LineString","coordinates":[[151.22469049121116,-33.922092494808894],[151.2244959285315,-33.92210151808225]]},"properties":{"fromHouseNumber":"16","toHouseNumber":"18","streetName":"See Street","suburb":"Kingsford","residentParkingSchemeZone":"KF2","availableSpace":"3","OBJECTID":9777,"inspector":"Daniel Vukovic","inspectionDate":1744848000000,"zoneType":"2P 8:00am-6:00pm Mon-Fri, Permits Holders Excepted","SHAPE.STLength()":18.017617247571888}},{"type":"Feature","id":9778,"geometry":{"type":"LineString","coordinates":[[151.2433620219893,-33.917303414599566],[151.24339672087407,-33.917143703737885]]},"properties":{"fromHouseNumber":"11","toHouseNumber":"13","streetName":"Ada Street","suburb":"Randwick","residentParkingSchemeZone":"RA2","availableSpace":"3","OBJECTID":9778,"inspector":"Eve Fernandez","inspectionDate":1744848000000,"zoneType":"2P, 8am-6pm, Mon-Sun, Permit Holders Excepted","SHAPE.STLength()":18.002176911834859}},{"type":"Feature","id":9779,"geometry":{"type":"LineString","coordinates":[[151.24646717016603,-33.909593544133031],[151.24648994235,-33.909543010473861]]},"properties":{"fromHouseNumber":"16","toHouseNumber":"16","streetName":"Caerleon Crescent","suburb":"Randwick","residentParkingSchemeZone":"RA2","availableSpace":"1","OBJECTID":9779,"inspector":"Eve Fernandez","inspectionDate":1747440000000,"zoneType":"2P 8am - 8pm Mon-Sun Permit Holders Excepted","SHAPE.STLength()":5.9873644473173666}},{"type":"Feature","id":9780,"geometry":{"type":"LineString","coordinates":[[151.24566631341216,-33.910000627529264],[151.24560442367448,-33.91028950327545]]},"properties":{"fromHouseNumber":"12","toHouseNumber":"14","streetName":"Dutruc Street","suburb":"Randwick","residentParkingSchemeZone":"RA2","availableSpace":"6","OBJECTID":9780,"inspector":"Eve Fernandez","inspectionDate":1744848000000,"zoneType":"2P 8am - 8pm Mon-Sun Permit Holders Excepted","SHAPE.STLength()":32.547047700213916}},{"type":"Feature","id":9781,"geometry":{"type":"LineString","coordinates":[[151.2444851393324,-33.911373709466233],[151.24454910399385,-33.911383712770551]]},"properties":{"fromHouseNumber":"5-6","toHouseNumber":"5-6","streetName":"Eulalie Avenue","suburb":"Randwick","residentParkingSchemeZone":"RA2","availableSpace":"1","OBJECTID":9781,"inspector":"Eve Fernandez","inspectionDate":1744848000000,"zoneType":"2P 8am - 8pm Mon-Sun Permit Holders Excepted","SHAPE.STLength()":6.0182004089677834}},{"type":"Feature","id":10171,"geometry":{"type":"LineString","coordinates":[[151.24719150560784,-33.923821798472794],[151.24721538411103,-33.923743028090527]]},"properties":{"fromHouseNumber":"2","toHouseNumber":"4","streetName":"Frederick Street","suburb":"Randwick","residentParkingSchemeZone":"RA11","availableSpace":"2","OBJECTID":10171,"inspector":"Dilruba Akhter","inspectionDate":null,"zoneType":"2P, 8:00am-8:00pm Mon-Fri Permits Holder Excepted","SHAPE.STLength()":9.0112710087145871}},{"type":"Feature","id":10172,"geometry":{"type":"LineString","coordinates":[[151.24813638860883,-33.924267057968194],[151.24817303649556,-33.924143780971697]]},"properties":{"fromHouseNumber":"16","toHouseNumber":"16","streetName":"Higgs Street","suburb":"Randwick","residentParkingSchemeZone":"RA11","availableSpace":"2","OBJECTID":10172,"inspector":"Dilruba Akhter","inspectionDate":null,"zoneType":"2P 8:00am-8:00pm Mon-Fri, Permits Holder Excepted","SHAPE.STLength()":14.086569866365622}},{"type":"Feature","id":10173,"geometry":{"type":"LineString","coordinates":[[151.25333309381114,-33.924440620310925],[151.25305376759482,-33.924398027216839]]},"properties":{"fromHouseNumber":"154","toHouseNumber":"154","streetName":"Dudley Street","suburb":"Coogee","residentParkingSchemeZone":"CO2","availableSpace":"4","OBJECTID":10173,"inspector":"Dilruba Akhter","inspectionDate":null,"zoneType":"2P 8:00am-8:00pm Mon-Sun, Permits Holder Excepted","SHAPE.STLength()":26.254801806764792}},{"type":"Feature","id":10174,"geometry":{"type":"LineString","coordinates":[[151.25397037206616,-33.924534715769497],[151.25381956325825,-33.92451249905784]]},"properties":{"fromHouseNumber":"80","toHouseNumber":"80","streetName":"Dudley Street","suburb":"Coogee","residentParkingSchemeZone":"CO2","availableSpace":"2","OBJECTID":10174,"inspector":"Dilruba Akhter","inspectionDate":null,"zoneType":"2P 8:00am-8:00pm Mon-Sun, Permits Holder Excepted","SHAPE.STLength()":14.159703227998813}},{"type":"Feature","id":10176,"geometry":{"type":"LineString","coordinates":[[151.23712647347983,-33.942696554802488],[151.23725845878582,-33.942675813328627]]},"properties":{"fromHouseNumber":null,"toHouseNumber":null,"streetName":"Chichester Street","suburb":"Maroubra","residentParkingSchemeZone":"MJ2","availableSpace":"2","OBJECTID":10176,"inspector":"Rasheeq Mahmood","inspectionDate":1751846400000,"zoneType":"2P, 8am-6pm, Mon-Sun, Permit Holders Excepted","SHAPE.STLength()":12.41572005161199}},{"type":"Feature","id":10177,"geometry":{"type":"LineString","coordinates":[[151.23466696328742,-33.941524715841709],[151.23467731037917,-33.941473202315549]]},"properties":{"fromHouseNumber":"89","toHouseNumber":"89","streetName":"Hannan Street","suburb":"Maroubra","residentParkingSchemeZone":"MJ2","availableSpace":"1","OBJECTID":10177,"inspector":"Rasheeq Mahmood","inspectionDate":1751846400000,"zoneType":"2P, 8am-6pm, Mon-Sun, Permit Holders Excepted","SHAPE.STLength()":5.793048379307737}},{"type":"Feature","id":10178,"geometry":{"type":"LineString","coordinates":[[151.23516184308647,-33.941114829637037],[151.23519300296729,-33.941119127748991],[151.23531851641789,-33.941136439504241]]},"properties":{"fromHouseNumber":"121","toHouseNumber":"125","streetName":"Maroubra Road","suburb":"Maroubra","residentParkingSchemeZone":"MJ2","availableSpace":"2","OBJECTID":10178,"inspector":"Rasheeq Mahmood","inspectionDate":1751846400000,"zoneType":"2P, 8am-6pm, Mon-Sun, Permit Holders Excepted","SHAPE.STLength()":14.68015180742259}},{"type":"Feature","id":10179,"geometry":{"type":"LineString","coordinates":[[151.2367118798162,-33.943512415087532],[151.23669753722771,-33.94345107716245]]},"properties":{"fromHouseNumber":null,"toHouseNumber":null,"streetName":"Nagle Avenue","suburb":"Maroubra","residentParkingSchemeZone":"MJ2","availableSpace":"1","OBJECTID":10179,"inspector":"Rasheeq Mahmood","inspectionDate":1751846400000,"zoneType":"2P, 8am-6pm, Mon-Sun, Permit Holders Excepted","SHAPE.STLength()":6.9311770185517556}},{"type":"Feature","id":10180,"geometry":{"type":"LineString","coordinates":[[151.23779752591136,-33.943703796110938],[151.23781090560098,-33.943761629053078]]},"properties":{"fromHouseNumber":"44","toHouseNumber":"44","streetName":"Robey Street","suburb":"Maroubra","residentParkingSchemeZone":"MJ2","availableSpace":"1","OBJECTID":10180,"inspector":"Rasheeq Mahmood","inspectionDate":1751846400000,"zoneType":"2P, 8am-6pm, Mon-Sun, Permit Holders Excepted","SHAPE.STLength()":6.5325898618006013}},{"type":"Feature","id":10181,"geometry":{"type":"LineString","coordinates":[[151.23792270465381,-33.944244854510117],[151.23793320451063,-33.944290236934172]]},"properties":{"fromHouseNumber":"60","toHouseNumber":"62","streetName":"Robey Street","suburb":"Maroubra","residentParkingSchemeZone":"MJ2","availableSpace":"1","OBJECTID":10181,"inspector":"Rasheeq Mahmood","inspectionDate":1751846400000,"zoneType":"2P, 8am-6pm, Mon-Fri, Permit Holders Excepted","SHAPE.STLength()":5.1262361260480382}},{"type":"Feature","id":10182,"geometry":{"type":"LineString","coordinates":[[151.23928324945607,-33.939251298172515],[151.2393522507295,-33.939260969403087]]},"properties":{"fromHouseNumber":null,"toHouseNumber":null,"streetName":"Alma Road","suburb":"Maroubra","residentParkingSchemeZone":"MJ3","availableSpace":"1","OBJECTID":10182,"inspector":"Rasheeq Mahmood","inspectionDate":1698192000000,"zoneType":"2P, 8am-6pm, Mon-Fri, Permit Holders Excepted","SHAPE.STLength()":6.4682949640921601}},{"type":"Feature","id":10183,"geometry":{"type":"LineString","coordinates":[[151.24049198782885,-33.94030550852726],[151.2406094593249,-33.940321905938646]]},"properties":{"fromHouseNumber":"131","toHouseNumber":"131","streetName":"Boyce Road","suburb":"Maroubra","residentParkingSchemeZone":"MJ3","availableSpace":"2","OBJECTID":10183,"inspector":"Rasheeq Mahmood","inspectionDate":1698192000000,"zoneType":"2P, 8am-6pm, Mon-Fri, Permit Holders Excepted","SHAPE.STLength()":11.010599844808638}},{"type":"Feature","id":10184,"geometry":{"type":"LineString","coordinates":[[151.24281705836128,-33.940611130900223],[151.24285953054272,-33.94061695245243]]},"properties":{"fromHouseNumber":"157","toHouseNumber":"157","streetName":"Boyce Road","suburb":"Maroubra","residentParkingSchemeZone":"MJ3","availableSpace":"1","OBJECTID":10184,"inspector":"Rasheeq Mahmood","inspectionDate":1698192000000,"zoneType":"2P, 8am-6pm, Mon-Fri, Permit Holders Excepted","SHAPE.STLength()":3.9789565984690007}},{"type":"Feature","id":10185,"geometry":{"type":"LineString","coordinates":[[151.24427246383823,-33.940810610609219],[151.24422072168326,-33.940803518859539]]},"properties":{"fromHouseNumber":"181","toHouseNumber":"181","streetName":"Boyce Road","suburb":"Maroubra","residentParkingSchemeZone":"MJ3","availableSpace":"1","OBJECTID":10185,"inspector":"Rasheeq Mahmood","inspectionDate":1698192000000,"zoneType":"2P, 8am-6pm, Mon-Fri, Permit Holders Excepted","SHAPE.STLength()":4.8473825896044147}},{"type":"Feature","id":10186,"geometry":{"type":"LineString","coordinates":[[151.24212539423237,-33.939370622808212],[151.24211569966923,-33.939418257626038]]},"properties":{"fromHouseNumber":"95","toHouseNumber":"95","streetName":"Garden Street","suburb":"Maroubra","residentParkingSchemeZone":"MJ3","availableSpace":"1","OBJECTID":10186,"inspector":"Rasheeq Mahmood","inspectionDate":1698192000000,"zoneType":"2P, 8am-6pm, Mon-Fri, Permit Holders Excepted","SHAPE.STLength()":5.3587923278011065}},{"type":"Feature","id":10187,"geometry":{"type":"LineString","coordinates":[[151.24176203980184,-33.940697280326965],[151.24178038313053,-33.940605551395869]]},"properties":{"fromHouseNumber":"112","toHouseNumber":"116","streetName":"Garden Street","suburb":"Maroubra","residentParkingSchemeZone":"MJ3","availableSpace":"2","OBJECTID":10187,"inspector":"Rasheeq Mahmood","inspectionDate":1698192000000,"zoneType":"2P, 8am-6pm, Mon-Fri, Permit Holders Excepted","SHAPE.STLength()":10.314278814342766}},{"type":"Feature","id":10188,"geometry":{"type":"LineString","coordinates":[[151.24042966838169,-33.940939021022558],[151.24054135680876,-33.940954786228417]]},"properties":{"fromHouseNumber":null,"toHouseNumber":null,"streetName":"Green Street","suburb":"Maroubra","residentParkingSchemeZone":"MJ3","availableSpace":"2","OBJECTID":10188,"inspector":"Rasheeq Mahmood","inspectionDate":1698192000000,"zoneType":"2P, 8am-6pm, Mon-Fri, Permit Holders Excepted","SHAPE.STLength()":10.47170193831929}},{"type":"Feature","id":10189,"geometry":{"type":"LineString","coordinates":[[151.24063990403593,-33.940968696176363],[151.24054795791008,-33.940955717855395]]},"properties":{"fromHouseNumber":null,"toHouseNumber":null,"streetName":"Green Street","suburb":"Maroubra","residentParkingSchemeZone":"MJ3","availableSpace":"1","OBJECTID":10189,"inspector":"Rasheeq Mahmood","inspectionDate":1698192000000,"zoneType":"2P, 8am-6pm, Mon-Fri, Permit Holders Excepted","SHAPE.STLength()":8.620694627464772}},{"type":"Feature","id":10190,"geometry":{"type":"LineString","coordinates":[[151.24053266276252,-33.941033294516515],[151.24067326765015,-33.941049148787073]]},"properties":{"fromHouseNumber":null,"toHouseNumber":null,"streetName":"Green Street","suburb":"Maroubra","residentParkingSchemeZone":"MJ3","availableSpace":"2","OBJECTID":10190,"inspector":"Rasheeq Mahmood","inspectionDate":1698192000000,"zoneType":"2P, 8am-6pm, Mon-Fri, Permit Holders Excepted","SHAPE.STLength()":13.116166440313267}},{"type":"Feature","id":10191,"geometry":{"type":"LineString","coordinates":[[151.24076098977545,-33.941061615772377],[151.24087286230522,-33.941077514966047]]},"properties":{"fromHouseNumber":null,"toHouseNumber":null,"streetName":"Green Street","suburb":"Maroubra","residentParkingSchemeZone":"MJ3","availableSpace":"2","OBJECTID":10191,"inspector":"Rasheeq Mahmood","inspectionDate":1698192000000,"zoneType":"2P, 8am-6pm, Mon-Fri, Permit Holders Excepted","SHAPE.STLength()":10.490954026326682}},{"type":"Feature","id":10192,"geometry":{"type":"LineString","coordinates":[[151.24243802713966,-33.941235513954659],[151.24250526011573,-33.94124482951252]]},"properties":{"fromHouseNumber":null,"toHouseNumber":null,"streetName":"Green Street","suburb":"Maroubra","residentParkingSchemeZone":"MJ3","availableSpace":"1","OBJECTID":10192,"inspector":"Rasheeq Mahmood","inspectionDate":1698192000000,"zoneType":"2P, 8am-6pm, Mon-Fri, Permit Holders Excepted","SHAPE.STLength()":6.3004099207908686}},{"type":"Feature","id":10193,"geometry":{"type":"LineString","coordinates":[[151.24374425667571,-33.942124906397005],[151.24388694480871,-33.942144701210111]]},"properties":{"fromHouseNumber":null,"toHouseNumber":null,"streetName":"Maroubra Road","suburb":"Maroubra","residentParkingSchemeZone":"MJ3","availableSpace":"2","OBJECTID":10193,"inspector":"Rasheeq Mahmood","inspectionDate":1698192000000,"zoneType":"2P, 8am-6pm, Mon-Fri, Permit Holders Excepted","SHAPE.STLength()":13.371623760785376}},{"type":"Feature","id":10194,"geometry":{"type":"LineString","coordinates":[[151.24218034983568,-33.922945241530066],[151.24214099163666,-33.923121994054945]]},"properties":{"fromHouseNumber":"13","toHouseNumber":"15","streetName":"Kara Street","suburb":"Randwick","residentParkingSchemeZone":"SP1","availableSpace":"3","OBJECTID":10194,"inspector":null,"inspectionDate":1759881600000,"zoneType":"3P 8am - 9pm Permit Holders Excepted","SHAPE.STLength()":19.939007415741639}},{"type":"Feature","id":10195,"geometry":{"type":"LineString","coordinates":[[151.24227095046066,-33.922517167907287],[151.2422354157724,-33.922694901609056]]},"properties":{"fromHouseNumber":"7","toHouseNumber":"9","streetName":"Kara Street","suburb":"Randwick","residentParkingSchemeZone":"SP1","availableSpace":"2","OBJECTID":10195,"inspector":null,"inspectionDate":1759881600000,"zoneType":"3P 8am - 9pm Permit Holders Excepted","SHAPE.STLength()":19.98486093753219}},{"type":"Feature","id":10196,"geometry":{"type":"LineString","coordinates":[[151.24384625204641,-33.914106042475723],[151.24383790134146,-33.914152261264512]]},"properties":{"fromHouseNumber":"5","toHouseNumber":"5","streetName":"George Street","suburb":"Randwick","residentParkingSchemeZone":"RA2","availableSpace":"1","OBJECTID":10196,"inspector":null,"inspectionDate":1761609600000,"zoneType":"2P 8am - 8pm Mon-Sat Permit Holders Excepted","SHAPE.STLength()":5.1840757180041264}},{"type":"Feature","id":10596,"geometry":{"type":"LineString","coordinates":[[151.26443606477889,-33.911807830937285],[151.2645376602554,-33.911835091625612]]},"properties":{"fromHouseNumber":"5","toHouseNumber":"7","streetName":"Surfside Avenue","suburb":"Clovelly","residentParkingSchemeZone":"CL1","availableSpace":"2","OBJECTID":10596,"inspector":"Dilruba Akhter","inspectionDate":1765411200000,"zoneType":"2P 6am - 6pm Mon-Sun Permit Holders Excepted","SHAPE.STLength()":9.8693332699073455}},{"type":"Feature","id":10597,"geometry":{"type":"LineString","coordinates":[[151.26514966583278,-33.911962530462866],[151.26527133920757,-33.911984056969224]]},"properties":{"fromHouseNumber":"19","toHouseNumber":"21","streetName":"Surfside Avenue","suburb":"Clovelly","residentParkingSchemeZone":"CL1","availableSpace":"2","OBJECTID":10597,"inspector":"Dilruba Akhter","inspectionDate":1765411200000,"zoneType":"2P 6am - 6pm Mon-Sun Permit Holders Excepted","SHAPE.STLength()":11.501944854349633}},{"type":"Feature","id":10598,"geometry":{"type":"LineString","coordinates":[[151.26453982916695,-33.914393629777166],[151.26445502339001,-33.914810566500094]]},"properties":{"fromHouseNumber":"1","toHouseNumber":"3","streetName":"Thorpe Street","suburb":"Clovelly","residentParkingSchemeZone":"CL1","availableSpace":"9","OBJECTID":10598,"inspector":"Dilruba Akhter","inspectionDate":1765411200000,"zoneType":"2P 8am - 8pm Mon-Sun Permit Holders Excepted","SHAPE.STLength()":46.903358446197643}},{"type":"Feature","id":10599,"geometry":{"type":"LineString","coordinates":[[151.25040402503924,-33.913800773743539],[151.250381009591,-33.913907252508253]]},"properties":{"fromHouseNumber":"22-24","toHouseNumber":null,"streetName":"Raleigh Street","suburb":"Coogee","residentParkingSchemeZone":"CO4","availableSpace":null,"OBJECTID":10599,"inspector":"Lauren Bonomini","inspectionDate":1764720000000,"zoneType":"2P, 8am-8pm, Mon-Sun, Permit Holders Excepted","SHAPE.STLength()":12.000033325474559}},{"type":"Feature","id":10600,"geometry":{"type":"LineString","coordinates":[[151.25025689770428,-33.91448388818327],[151.25027942919311,-33.914379169547558]]},"properties":{"fromHouseNumber":"2","toHouseNumber":"6","streetName":"Raleigh Street","suburb":"Coogee","residentParkingSchemeZone":"CO4","availableSpace":null,"OBJECTID":10600,"inspector":"Lauren Bonomini","inspectionDate":1764720000000,"zoneType":"2P, 8am-8pm, Mon-Sun, Permit Holders Excepted","SHAPE.STLength()":11.799974157704753}},{"type":"Feature","id":10602,"geometry":{"type":"LineString","coordinates":[[151.25051725182058,-33.913691928750957],[151.25048383251232,-33.913838980706124],[151.25047784497352,-33.913865326670958],[151.2504596742782,-33.913945283189314]]},"properties":{"fromHouseNumber":"13","toHouseNumber":"19","streetName":"Raleigh Street","suburb":"Coogee","residentParkingSchemeZone":"CO4","availableSpace":null,"OBJECTID":10602,"inspector":"Lauren Bonomini","inspectionDate":1764720000000,"zoneType":"2P, 8am-8pm, Mon-Sun, Permit Holders Excepted","SHAPE.STLength()":28.600061349405536}},{"type":"Feature","id":10603,"geometry":{"type":"LineString","coordinates":[[151.25021422231652,-33.911292253465852],[151.25011924654089,-33.911373103259216]]},"properties":{"fromHouseNumber":"116","toHouseNumber":"118","streetName":"Carrington Road","suburb":"Coogee","residentParkingSchemeZone":"RA7","availableSpace":null,"OBJECTID":10603,"inspector":"Lauren Bonomini","inspectionDate":1764892800000,"zoneType":"2P, 8am-8pm, Mon-Sun, Permit Holders Excepted","SHAPE.STLength()":12.551803224337927}},{"type":"Feature","id":10604,"geometry":{"type":"LineString","coordinates":[[151.25052040283006,-33.91118806726837],[151.25005854121312,-33.911581812848048]]},"properties":{"fromHouseNumber":"97","toHouseNumber":"105","streetName":"Carrington Road","suburb":"Coogee","residentParkingSchemeZone":"RA7","availableSpace":null,"OBJECTID":10604,"inspector":"Lauren Bonomini","inspectionDate":1764892800000,"zoneType":"2P, 8am-8pm, Mon-Sun, Permit Holders Excepted","SHAPE.STLength()":61.084459645846088}},{"type":"Feature","id":10605,"geometry":{"type":"LineString","coordinates":[[151.24958151245991,-33.913683466837611],[151.24956702342266,-33.913750244703351]]},"properties":{"fromHouseNumber":"147","toHouseNumber":"149","streetName":"Carrington Road","suburb":"Coogee","residentParkingSchemeZone":"RA7","availableSpace":null,"OBJECTID":10605,"inspector":"Lauren Bonomini","inspectionDate":1764892800000,"zoneType":"2P 8am - 8pm Mon-Sun Permit Holders Excepted","SHAPE.STLength()":7.5266935825101839}},{"type":"Feature","id":10606,"geometry":{"type":"LineString","coordinates":[[151.24953471542759,-33.912342121851907],[151.24954277160302,-33.912397617033157]]},"properties":{"fromHouseNumber":"128","toHouseNumber":null,"streetName":"Carrington Road","suburb":"Coogee","residentParkingSchemeZone":"RA7","availableSpace":null,"OBJECTID":10606,"inspector":"Lauren Bonomini","inspectionDate":1764892800000,"zoneType":"2P, 8am-8pm, Mon-Sun, Permit Holders Excepted","SHAPE.STLength()":6.2000147007890236}},{"type":"Feature","id":10607,"geometry":{"type":"LineString","coordinates":[[151.24968571251105,-33.911929371045154],[151.2496489093171,-33.912026266090528],[151.24964096488711,-33.912046013187535],[151.24963546608632,-33.912066330685469],[151.24963247127383,-33.912087009307697],[151.24963974587348,-33.912139023461059]]},"properties":{"fromHouseNumber":"111-115","toHouseNumber":"117","streetName":"Carrington Road","suburb":"Coogee","residentParkingSchemeZone":"RA7","availableSpace":null,"OBJECTID":10607,"inspector":"Lauren Bonomini","inspectionDate":1764892800000,"zoneType":"2P, 8am-8pm, Mon-Sun, Permit Holders Excepted","SHAPE.STLength()":24.011351057497578}},{"type":"Feature","id":10608,"geometry":{"type":"LineString","coordinates":[[151.25400704220087,-33.916421289269529],[151.25400123477334,-33.916421619465282],[151.25399913828622,-33.916421741229009],[151.25399196938204,-33.916424602703579],[151.25398657111913,-33.916429476732766],[151.25398371695294,-33.916435669120261],[151.25398035255046,-33.916450859999756]]},"properties":{"fromHouseNumber":"2A","toHouseNumber":"","streetName":"Smithfield Avenue","suburb":"Coogee","residentParkingSchemeZone":"CO4","availableSpace":"2","OBJECTID":10608,"inspector":"Lauren Bonomini","inspectionDate":1764806400000,"zoneType":"2P 8am - 8pm Mon-Sun Permit Holders Excepted","SHAPE.STLength()":4.6524339506493702}}]}