<?xml version="1.0" encoding="UTF-8"?>
<kml xmlns="http://www.opengis.net/kml/2.2">
  <Document>
    <name>NSC Parking Meters</name>
    <description>Location of Parking Meters at North Sydney LGA.</description>
    <Style id="icon-1899-0288D1-normal">
      <IconStyle>
        <color>ffd18802</color>
        <scale>1</scale>
        <Icon>
          <href>https://www.gstatic.com/mapspro/images/stock/503-wht-blank_maps.png</href>
        </Icon>
        <hotSpot x="32" xunits="pixels" y="64" yunits="insetPixels"/>
      </IconStyle>
      <LabelStyle>
        <scale>0</scale>
      </LabelStyle>
    </Style>
    <Style id="icon-1899-0288D1-highlight">
      <IconStyle>
        <color>ffd18802</color>
        <scale>1</scale>
        <Icon>
          <href>https://www.gstatic.com/mapspro/images/stock/503-wht-blank_maps.png</href>
        </Icon>
        <hotSpot x="32" xunits="pixels" y="64" yunits="insetPixels"/>
      </IconStyle>
      <LabelStyle>
        <scale>1</scale>
      </LabelStyle>
    </Style>
    <StyleMap id="icon-1899-0288D1">
      <Pair>
        <key>normal</key>
        <styleUrl>#icon-1899-0288D1-normal</styleUrl>
      </Pair>
      <Pair>
        <key>highlight</key>
        <styleUrl>#icon-1899-0288D1-highlight</styleUrl>
      </Pair>
    </StyleMap>
    <Style id="icon-1899-FF5252-normal">
      <IconStyle>
        <color>ff5252ff</color>
        <scale>1</scale>
        <Icon>
          <href>https://www.gstatic.com/mapspro/images/stock/503-wht-blank_maps.png</href>
        </Icon>
        <hotSpot x="32" xunits="pixels" y="64" yunits="insetPixels"/>
      </IconStyle>
      <LabelStyle>
        <scale>0</scale>
      </LabelStyle>
    </Style>
    <Style id="icon-1899-FF5252-highlight">
      <IconStyle>
        <color>ff5252ff</color>
        <scale>1</scale>
        <Icon>
          <href>https://www.gstatic.com/mapspro/images/stock/503-wht-blank_maps.png</href>
        </Icon>
        <hotSpot x="32" xunits="pixels" y="64" yunits="insetPixels"/>
      </IconStyle>
      <LabelStyle>
        <scale>1</scale>
      </LabelStyle>
    </Style>
    <StyleMap id="icon-1899-FF5252">
      <Pair>
        <key>normal</key>
        <styleUrl>#icon-1899-FF5252-normal</styleUrl>
      </Pair>
      <Pair>
        <key>highlight</key>
        <styleUrl>#icon-1899-FF5252-highlight</styleUrl>
      </Pair>
    </StyleMap>
    <Folder>
      <name>Touch N Go</name>
      <Placemark>
        <name>Christie Street</name>
        <description><![CDATA[Machine Id: NSDAVRTLTNG0200-AU<br>Model: Touch N Go<br>Latitude: -33.82246857<br>Longitude: 151.1953506948514000]]></description>
        <styleUrl>#icon-1899-0288D1</styleUrl>
        <ExtendedData>
          <Data name="Machine Id">
            <value>NSDAVRTLTNG0200-AU</value>
          </Data>
          <Data name="Model">
            <value>Touch N Go</value>
          </Data>
          <Data name="Latitude">
            <value>-33.82246857</value>
          </Data>
          <Data name="Longitude">
            <value>151.1953506948514000</value>
          </Data>
        </ExtendedData>
        <Point>
          <coordinates>
            151.195350694851,-33.82246857,0
          </coordinates>
        </Point>
      </Placemark>
      <Placemark>
        <name>Sergeants Lane</name>
        <description><![CDATA[Machine Id: NSDAVRTLTNG0201-AU<br>Model: Touch N Go<br>Latitude: -33.82216516<br>Longitude: 151.1948267446236400]]></description>
        <styleUrl>#icon-1899-0288D1</styleUrl>
        <ExtendedData>
          <Data name="Machine Id">
            <value>NSDAVRTLTNG0201-AU</value>
          </Data>
          <Data name="Model">
            <value>Touch N Go</value>
          </Data>
          <Data name="Latitude">
            <value>-33.82216516</value>
          </Data>
          <Data name="Longitude">
            <value>151.1948267446236400</value>
          </Data>
        </ExtendedData>
        <Point>
          <coordinates>
            151.194826744624,-33.82216516,0
          </coordinates>
        </Point>
      </Placemark>
      <Placemark>
        <name>Christie Street</name>
        <description><![CDATA[Machine Id: NSDAVRTLTNG0202-AU<br>Model: Touch N Go<br>Latitude: -33.82207456<br>Longitude: 151.1955019089822700]]></description>
        <styleUrl>#icon-1899-0288D1</styleUrl>
        <ExtendedData>
          <Data name="Machine Id">
            <value>NSDAVRTLTNG0202-AU</value>
          </Data>
          <Data name="Model">
            <value>Touch N Go</value>
          </Data>
          <Data name="Latitude">
            <value>-33.82207456</value>
          </Data>
          <Data name="Longitude">
            <value>151.1955019089822700</value>
          </Data>
        </ExtendedData>
        <Point>
          <coordinates>
            151.195501908982,-33.82207456,0
          </coordinates>
        </Point>
      </Placemark>
      <Placemark>
        <name>Chandos Street</name>
        <description><![CDATA[Machine Id: NSDAVRTLTNG0203-AU<br>Model: Touch N Go<br>Latitude: -33.82207054<br>Longitude: 151.1961877950991800]]></description>
        <styleUrl>#icon-1899-0288D1</styleUrl>
        <ExtendedData>
          <Data name="Machine Id">
            <value>NSDAVRTLTNG0203-AU</value>
          </Data>
          <Data name="Model">
            <value>Touch N Go</value>
          </Data>
          <Data name="Latitude">
            <value>-33.82207054</value>
          </Data>
          <Data name="Longitude">
            <value>151.1961877950991800</value>
          </Data>
        </ExtendedData>
        <Point>
          <coordinates>
            151.196187795099,-33.82207054,0
          </coordinates>
        </Point>
      </Placemark>
      <Placemark>
        <name>Mitchell Street</name>
        <description><![CDATA[Machine Id: NSDAVRTLTNG0204-AU<br>Model: Touch N Go<br>Latitude: -33.82230114<br>Longitude: 151.1970337837369000]]></description>
        <styleUrl>#icon-1899-0288D1</styleUrl>
        <ExtendedData>
          <Data name="Machine Id">
            <value>NSDAVRTLTNG0204-AU</value>
          </Data>
          <Data name="Model">
            <value>Touch N Go</value>
          </Data>
          <Data name="Latitude">
            <value>-33.82230114</value>
          </Data>
          <Data name="Longitude">
            <value>151.1970337837369000</value>
          </Data>
        </ExtendedData>
        <Point>
          <coordinates>
            151.197033783737,-33.82230114,0
          </coordinates>
        </Point>
      </Placemark>
      <Placemark>
        <name>Chandos Street</name>
        <description><![CDATA[Machine Id: NSDAVRTLTNG0205-AU<br>Model: Touch N Go<br>Latitude: -33.82210773<br>Longitude: 151.1977946898998400]]></description>
        <styleUrl>#icon-1899-0288D1</styleUrl>
        <ExtendedData>
          <Data name="Machine Id">
            <value>NSDAVRTLTNG0205-AU</value>
          </Data>
          <Data name="Model">
            <value>Touch N Go</value>
          </Data>
          <Data name="Latitude">
            <value>-33.82210773</value>
          </Data>
          <Data name="Longitude">
            <value>151.1977946898998400</value>
          </Data>
        </ExtendedData>
        <Point>
          <coordinates>
            151.1977946899,-33.82210773,0
          </coordinates>
        </Point>
      </Placemark>
      <Placemark>
        <name>Chandos Street</name>
        <description><![CDATA[Machine Id: NSDAVRTLTNG0206-AU<br>Model: Touch N Go<br>Latitude: -33.82213149<br>Longitude: 151.2005421150210500]]></description>
        <styleUrl>#icon-1899-0288D1</styleUrl>
        <ExtendedData>
          <Data name="Machine Id">
            <value>NSDAVRTLTNG0206-AU</value>
          </Data>
          <Data name="Model">
            <value>Touch N Go</value>
          </Data>
          <Data name="Latitude">
            <value>-33.82213149</value>
          </Data>
          <Data name="Longitude">
            <value>151.2005421150210500</value>
          </Data>
        </ExtendedData>
        <Point>
          <coordinates>
            151.200542115021,-33.82213149,0
          </coordinates>
        </Point>
      </Placemark>
      <Placemark>
        <name>Oxley Street</name>
        <description><![CDATA[Machine Id: NSDAVRTLTNG0207-AU<br>Model: Touch N Go<br>Latitude: -33.82262071<br>Longitude: 151.1989954593665900]]></description>
        <styleUrl>#icon-1899-0288D1</styleUrl>
        <ExtendedData>
          <Data name="Machine Id">
            <value>NSDAVRTLTNG0207-AU</value>
          </Data>
          <Data name="Model">
            <value>Touch N Go</value>
          </Data>
          <Data name="Latitude">
            <value>-33.82262071</value>
          </Data>
          <Data name="Longitude">
            <value>151.1989954593665900</value>
          </Data>
        </ExtendedData>
        <Point>
          <coordinates>
            151.198995459367,-33.82262071,0
          </coordinates>
        </Point>
      </Placemark>
      <Placemark>
        <name>Oxley Street</name>
        <description><![CDATA[Machine Id: NSDAVRTLTNG0208-AU<br>Model: Touch N Go<br>Latitude: -33.82261491<br>Longitude: 151.1991252910268000]]></description>
        <styleUrl>#icon-1899-0288D1</styleUrl>
        <ExtendedData>
          <Data name="Machine Id">
            <value>NSDAVRTLTNG0208-AU</value>
          </Data>
          <Data name="Model">
            <value>Touch N Go</value>
          </Data>
          <Data name="Latitude">
            <value>-33.82261491</value>
          </Data>
          <Data name="Longitude">
            <value>151.1991252910268000</value>
          </Data>
        </ExtendedData>
        <Point>
          <coordinates>
            151.199125291027,-33.82261491,0
          </coordinates>
        </Point>
      </Placemark>
      <Placemark>
        <name>Atchison Street</name>
        <description><![CDATA[Machine Id: NSDAVRTLTNG0209-AU<br>Model: Touch N Go<br>Latitude: -33.82287195<br>Longitude: 151.1977566436354200]]></description>
        <styleUrl>#icon-1899-0288D1</styleUrl>
        <ExtendedData>
          <Data name="Machine Id">
            <value>NSDAVRTLTNG0209-AU</value>
          </Data>
          <Data name="Model">
            <value>Touch N Go</value>
          </Data>
          <Data name="Latitude">
            <value>-33.82287195</value>
          </Data>
          <Data name="Longitude">
            <value>151.1977566436354200</value>
          </Data>
        </ExtendedData>
        <Point>
          <coordinates>
            151.197756643635,-33.82287195,0
          </coordinates>
        </Point>
      </Placemark>
      <Placemark>
        <name>Mitchell Street</name>
        <description><![CDATA[Machine Id: NSDAVRTLTNG0210-AU<br>Model: Touch N Go<br>Latitude: -33.8227003<br>Longitude: 151.1971266555993000]]></description>
        <styleUrl>#icon-1899-0288D1</styleUrl>
        <ExtendedData>
          <Data name="Machine Id">
            <value>NSDAVRTLTNG0210-AU</value>
          </Data>
          <Data name="Model">
            <value>Touch N Go</value>
          </Data>
          <Data name="Latitude">
            <value>-33.8227003</value>
          </Data>
          <Data name="Longitude">
            <value>151.1971266555993000</value>
          </Data>
        </ExtendedData>
        <Point>
          <coordinates>
            151.197126655599,-33.8227003,0
          </coordinates>
        </Point>
      </Placemark>
      <Placemark>
        <name>Atchison Street</name>
        <description><![CDATA[Machine Id: NSDAVRTLTNG0211-AU<br>Model: Touch N Go<br>Latitude: -33.82284263<br>Longitude: 151.1958701494469000]]></description>
        <styleUrl>#icon-1899-0288D1</styleUrl>
        <ExtendedData>
          <Data name="Machine Id">
            <value>NSDAVRTLTNG0211-AU</value>
          </Data>
          <Data name="Model">
            <value>Touch N Go</value>
          </Data>
          <Data name="Latitude">
            <value>-33.82284263</value>
          </Data>
          <Data name="Longitude">
            <value>151.1958701494469000</value>
          </Data>
        </ExtendedData>
        <Point>
          <coordinates>
            151.195870149447,-33.82284263,0
          </coordinates>
        </Point>
      </Placemark>
      <Placemark>
        <name>Atchison Street</name>
        <description><![CDATA[Machine Id: NSDAVRTLTNG0212-AU<br>Model: Touch N Go<br>Latitude: -33.82297173<br>Longitude: 151.1965834272734800]]></description>
        <styleUrl>#icon-1899-0288D1</styleUrl>
        <ExtendedData>
          <Data name="Machine Id">
            <value>NSDAVRTLTNG0212-AU</value>
          </Data>
          <Data name="Model">
            <value>Touch N Go</value>
          </Data>
          <Data name="Latitude">
            <value>-33.82297173</value>
          </Data>
          <Data name="Longitude">
            <value>151.1965834272734800</value>
          </Data>
        </ExtendedData>
        <Point>
          <coordinates>
            151.196583427273,-33.82297173,0
          </coordinates>
        </Point>
      </Placemark>
      <Placemark>
        <name>Atchison Street</name>
        <description><![CDATA[Machine Id: NSDAVRTLTNG0213-AU<br>Model: Touch N Go<br>Latitude: -33.82300996<br>Longitude: 151.1984518396854800]]></description>
        <styleUrl>#icon-1899-0288D1</styleUrl>
        <ExtendedData>
          <Data name="Machine Id">
            <value>NSDAVRTLTNG0213-AU</value>
          </Data>
          <Data name="Model">
            <value>Touch N Go</value>
          </Data>
          <Data name="Latitude">
            <value>-33.82300996</value>
          </Data>
          <Data name="Longitude">
            <value>151.1984518396854800</value>
          </Data>
        </ExtendedData>
        <Point>
          <coordinates>
            151.198451839685,-33.82300996,0
          </coordinates>
        </Point>
      </Placemark>
      <Placemark>
        <name>Oxley Street</name>
        <description><![CDATA[Machine Id: NSDAVRTLTNG0214-AU<br>Model: Touch N Go<br>Latitude: -33.82329663<br>Longitude: 151.1991005086577500]]></description>
        <styleUrl>#icon-1899-0288D1</styleUrl>
        <ExtendedData>
          <Data name="Machine Id">
            <value>NSDAVRTLTNG0214-AU</value>
          </Data>
          <Data name="Model">
            <value>Touch N Go</value>
          </Data>
          <Data name="Latitude">
            <value>-33.82329663</value>
          </Data>
          <Data name="Longitude">
            <value>151.1991005086577500</value>
          </Data>
        </ExtendedData>
        <Point>
          <coordinates>
            151.199100508658,-33.82329663,0
          </coordinates>
        </Point>
      </Placemark>
      <Placemark>
        <name>Albany Street</name>
        <description><![CDATA[Machine Id: NSDAVRTLTNG0215-AU<br>Model: Touch N Go<br>Latitude: -33.82369493<br>Longitude: 151.1974828714968200]]></description>
        <styleUrl>#icon-1899-0288D1</styleUrl>
        <ExtendedData>
          <Data name="Machine Id">
            <value>NSDAVRTLTNG0215-AU</value>
          </Data>
          <Data name="Model">
            <value>Touch N Go</value>
          </Data>
          <Data name="Latitude">
            <value>-33.82369493</value>
          </Data>
          <Data name="Longitude">
            <value>151.1974828714968200</value>
          </Data>
        </ExtendedData>
        <Point>
          <coordinates>
            151.197482871497,-33.82369493,0
          </coordinates>
        </Point>
      </Placemark>
      <Placemark>
        <name>Albany Street</name>
        <description><![CDATA[Machine Id: NSDAVRTLTNG0216-AU<br>Model: Touch N Go<br>Latitude: -33.82385637<br>Longitude: 151.2000428846470800]]></description>
        <styleUrl>#icon-1899-0288D1</styleUrl>
        <ExtendedData>
          <Data name="Machine Id">
            <value>NSDAVRTLTNG0216-AU</value>
          </Data>
          <Data name="Model">
            <value>Touch N Go</value>
          </Data>
          <Data name="Latitude">
            <value>-33.82385637</value>
          </Data>
          <Data name="Longitude">
            <value>151.2000428846470800</value>
          </Data>
        </ExtendedData>
        <Point>
          <coordinates>
            151.200042884647,-33.82385637,0
          </coordinates>
        </Point>
      </Placemark>
      <Placemark>
        <name>Albany Street</name>
        <description><![CDATA[Machine Id: NSDAVRTLTNG0217-AU<br>Model: Touch N Go<br>Latitude: -33.82386067<br>Longitude: 151.1995624399826300]]></description>
        <styleUrl>#icon-1899-0288D1</styleUrl>
        <ExtendedData>
          <Data name="Machine Id">
            <value>NSDAVRTLTNG0217-AU</value>
          </Data>
          <Data name="Model">
            <value>Touch N Go</value>
          </Data>
          <Data name="Latitude">
            <value>-33.82386067</value>
          </Data>
          <Data name="Longitude">
            <value>151.1995624399826300</value>
          </Data>
        </ExtendedData>
        <Point>
          <coordinates>
            151.199562439983,-33.82386067,0
          </coordinates>
        </Point>
      </Placemark>
      <Placemark>
        <name>Oxley Street</name>
        <description><![CDATA[Machine Id: NSDAVRTLTNG0218-AU<br>Model: Touch N Go<br>Latitude: -33.82432045<br>Longitude: 151.1990817351659500]]></description>
        <styleUrl>#icon-1899-0288D1</styleUrl>
        <ExtendedData>
          <Data name="Machine Id">
            <value>NSDAVRTLTNG0218-AU</value>
          </Data>
          <Data name="Model">
            <value>Touch N Go</value>
          </Data>
          <Data name="Latitude">
            <value>-33.82432045</value>
          </Data>
          <Data name="Longitude">
            <value>151.1990817351659500</value>
          </Data>
        </ExtendedData>
        <Point>
          <coordinates>
            151.199081735166,-33.82432045,0
          </coordinates>
        </Point>
      </Placemark>
      <Placemark>
        <name>Clarke Street</name>
        <description><![CDATA[Machine Id: NSDAVRTLTNG0219-AU<br>Model: Touch N Go<br>Latitude: -33.82589986<br>Longitude: 151.2003077521669000]]></description>
        <styleUrl>#icon-1899-0288D1</styleUrl>
        <ExtendedData>
          <Data name="Machine Id">
            <value>NSDAVRTLTNG0219-AU</value>
          </Data>
          <Data name="Model">
            <value>Touch N Go</value>
          </Data>
          <Data name="Latitude">
            <value>-33.82589986</value>
          </Data>
          <Data name="Longitude">
            <value>151.2003077521669000</value>
          </Data>
        </ExtendedData>
        <Point>
          <coordinates>
            151.200307752167,-33.82589986,0
          </coordinates>
        </Point>
      </Placemark>
      <Placemark>
        <name>Clarke Street</name>
        <description><![CDATA[Machine Id: NSDAVRTLTNG0220-AU<br>Model: Touch N Go<br>Latitude: -33.82611021<br>Longitude: 151.2005160476721200]]></description>
        <styleUrl>#icon-1899-0288D1</styleUrl>
        <ExtendedData>
          <Data name="Machine Id">
            <value>NSDAVRTLTNG0220-AU</value>
          </Data>
          <Data name="Model">
            <value>Touch N Go</value>
          </Data>
          <Data name="Latitude">
            <value>-33.82611021</value>
          </Data>
          <Data name="Longitude">
            <value>151.2005160476721200</value>
          </Data>
        </ExtendedData>
        <Point>
          <coordinates>
            151.200516047672,-33.82611021,0
          </coordinates>
        </Point>
      </Placemark>
      <Placemark>
        <name>Willoughby Road</name>
        <description><![CDATA[Machine Id: NSDAVRTLTNG0223-AU<br>Model: Touch N Go<br>Latitude: -33.82408<br>Longitude: 151.2008600000000000]]></description>
        <styleUrl>#icon-1899-0288D1</styleUrl>
        <ExtendedData>
          <Data name="Machine Id">
            <value>NSDAVRTLTNG0223-AU</value>
          </Data>
          <Data name="Model">
            <value>Touch N Go</value>
          </Data>
          <Data name="Latitude">
            <value>-33.82408</value>
          </Data>
          <Data name="Longitude">
            <value>151.2008600000000000</value>
          </Data>
        </ExtendedData>
        <Point>
          <coordinates>
            151.20086,-33.82408,0
          </coordinates>
        </Point>
      </Placemark>
      <Placemark>
        <name>Burlington Street</name>
        <description><![CDATA[Machine Id: NSDAVRTLTNG0224-AU<br>Model: Touch N Go<br>Latitude: -33.82685186<br>Longitude: 151.2025742847936300]]></description>
        <styleUrl>#icon-1899-0288D1</styleUrl>
        <ExtendedData>
          <Data name="Machine Id">
            <value>NSDAVRTLTNG0224-AU</value>
          </Data>
          <Data name="Model">
            <value>Touch N Go</value>
          </Data>
          <Data name="Latitude">
            <value>-33.82685186</value>
          </Data>
          <Data name="Longitude">
            <value>151.2025742847936300</value>
          </Data>
        </ExtendedData>
        <Point>
          <coordinates>
            151.202574284794,-33.82685186,0
          </coordinates>
        </Point>
      </Placemark>
      <Placemark>
        <name>Alexander Street</name>
        <description><![CDATA[Machine Id: NSDAVRTLTNG0225-AU<br>Model: Touch N Go<br>Latitude: -33.82626794<br>Longitude: 151.2022061700086800]]></description>
        <styleUrl>#icon-1899-0288D1</styleUrl>
        <ExtendedData>
          <Data name="Machine Id">
            <value>NSDAVRTLTNG0225-AU</value>
          </Data>
          <Data name="Model">
            <value>Touch N Go</value>
          </Data>
          <Data name="Latitude">
            <value>-33.82626794</value>
          </Data>
          <Data name="Longitude">
            <value>151.2022061700086800</value>
          </Data>
        </ExtendedData>
        <Point>
          <coordinates>
            151.202206170009,-33.82626794,0
          </coordinates>
        </Point>
      </Placemark>
      <Placemark>
        <name>Ernest Street</name>
        <description><![CDATA[Machine Id: NSDAVRTLTNG0226-AU<br>Model: Touch N Go<br>Latitude: -33.82588045<br>Longitude: 151.2027321412233800]]></description>
        <styleUrl>#icon-1899-0288D1</styleUrl>
        <ExtendedData>
          <Data name="Machine Id">
            <value>NSDAVRTLTNG0226-AU</value>
          </Data>
          <Data name="Model">
            <value>Touch N Go</value>
          </Data>
          <Data name="Latitude">
            <value>-33.82588045</value>
          </Data>
          <Data name="Longitude">
            <value>151.2027321412233800</value>
          </Data>
        </ExtendedData>
        <Point>
          <coordinates>
            151.202732141223,-33.82588045,0
          </coordinates>
        </Point>
      </Placemark>
      <Placemark>
        <name>West Street</name>
        <description><![CDATA[Machine Id: NSDAVRTLTNG0227-AU<br>Model: Touch N Go<br>Latitude: -33.82621883<br>Longitude: 151.2068653424640800]]></description>
        <styleUrl>#icon-1899-0288D1</styleUrl>
        <ExtendedData>
          <Data name="Machine Id">
            <value>NSDAVRTLTNG0227-AU</value>
          </Data>
          <Data name="Model">
            <value>Touch N Go</value>
          </Data>
          <Data name="Latitude">
            <value>-33.82621883</value>
          </Data>
          <Data name="Longitude">
            <value>151.2068653424640800</value>
          </Data>
        </ExtendedData>
        <Point>
          <coordinates>
            151.206865342464,-33.82621883,0
          </coordinates>
        </Point>
      </Placemark>
      <Placemark>
        <name>West Street</name>
        <description><![CDATA[Machine Id: NSDAVRTLTNG0228-AU<br>Model: Touch N Go<br>Latitude: -33.82491671<br>Longitude: 151.2071492289549300]]></description>
        <styleUrl>#icon-1899-0288D1</styleUrl>
        <ExtendedData>
          <Data name="Machine Id">
            <value>NSDAVRTLTNG0228-AU</value>
          </Data>
          <Data name="Model">
            <value>Touch N Go</value>
          </Data>
          <Data name="Latitude">
            <value>-33.82491671</value>
          </Data>
          <Data name="Longitude">
            <value>151.2071492289549300</value>
          </Data>
        </ExtendedData>
        <Point>
          <coordinates>
            151.207149228955,-33.82491671,0
          </coordinates>
        </Point>
      </Placemark>
      <Placemark>
        <name>Devonshire Street</name>
        <description><![CDATA[Machine Id: NSDAVRTLTNG0229-AU<br>Model: Touch N Go<br>Latitude: -33.8238926<br>Longitude: 151.2029561087166000]]></description>
        <styleUrl>#icon-1899-0288D1</styleUrl>
        <ExtendedData>
          <Data name="Machine Id">
            <value>NSDAVRTLTNG0229-AU</value>
          </Data>
          <Data name="Model">
            <value>Touch N Go</value>
          </Data>
          <Data name="Latitude">
            <value>-33.8238926</value>
          </Data>
          <Data name="Longitude">
            <value>151.2029561087166000</value>
          </Data>
        </ExtendedData>
        <Point>
          <coordinates>
            151.202956108717,-33.8238926,0
          </coordinates>
        </Point>
      </Placemark>
      <Placemark>
        <name>Albany Street</name>
        <description><![CDATA[Machine Id: NSDAVRTLTNG0230-AU<br>Model: Touch N Go<br>Latitude: -33.8240693<br>Longitude: 151.2022866446804400]]></description>
        <styleUrl>#icon-1899-0288D1</styleUrl>
        <ExtendedData>
          <Data name="Machine Id">
            <value>NSDAVRTLTNG0230-AU</value>
          </Data>
          <Data name="Model">
            <value>Touch N Go</value>
          </Data>
          <Data name="Latitude">
            <value>-33.8240693</value>
          </Data>
          <Data name="Longitude">
            <value>151.2022866446804400</value>
          </Data>
        </ExtendedData>
        <Point>
          <coordinates>
            151.20228664468,-33.8240693,0
          </coordinates>
        </Point>
      </Placemark>
      <Placemark>
        <name>Holtermann Street</name>
        <description><![CDATA[Machine Id: NSDAVRTLTNG0231-AU<br>Model: Touch N Go<br>Latitude: -33.82510464<br>Longitude: 151.2034019348254200]]></description>
        <styleUrl>#icon-1899-0288D1</styleUrl>
        <ExtendedData>
          <Data name="Machine Id">
            <value>NSDAVRTLTNG0231-AU</value>
          </Data>
          <Data name="Model">
            <value>Touch N Go</value>
          </Data>
          <Data name="Latitude">
            <value>-33.82510464</value>
          </Data>
          <Data name="Longitude">
            <value>151.2034019348254200</value>
          </Data>
        </ExtendedData>
        <Point>
          <coordinates>
            151.203401934825,-33.82510464,0
          </coordinates>
        </Point>
      </Placemark>
      <Placemark>
        <name>Alexander Street</name>
        <description><![CDATA[Machine Id: NSDAVRTLTNG0232-AU<br>Model: Touch N Go<br>Latitude: -33.82531084<br>Longitude: 151.2025108563720000]]></description>
        <styleUrl>#icon-1899-0288D1</styleUrl>
        <ExtendedData>
          <Data name="Machine Id">
            <value>NSDAVRTLTNG0232-AU</value>
          </Data>
          <Data name="Model">
            <value>Touch N Go</value>
          </Data>
          <Data name="Latitude">
            <value>-33.82531084</value>
          </Data>
          <Data name="Longitude">
            <value>151.2025108563720000</value>
          </Data>
        </ExtendedData>
        <Point>
          <coordinates>
            151.202510856372,-33.82531084,0
          </coordinates>
        </Point>
      </Placemark>
      <Placemark>
        <name>Holtermann Street</name>
        <description><![CDATA[Machine Id: NSDAVRTLTNG0233-AU<br>Model: Touch N Go<br>Latitude: -33.82487566<br>Longitude: 151.2022450631439200]]></description>
        <styleUrl>#icon-1899-0288D1</styleUrl>
        <ExtendedData>
          <Data name="Machine Id">
            <value>NSDAVRTLTNG0233-AU</value>
          </Data>
          <Data name="Model">
            <value>Touch N Go</value>
          </Data>
          <Data name="Latitude">
            <value>-33.82487566</value>
          </Data>
          <Data name="Longitude">
            <value>151.2022450631439200</value>
          </Data>
        </ExtendedData>
        <Point>
          <coordinates>
            151.202245063144,-33.82487566,0
          </coordinates>
        </Point>
      </Placemark>
      <Placemark>
        <name>Holtermann Street</name>
        <description><![CDATA[Machine Id: NSDAVRTLTNG0234-AU<br>Model: Touch N Go<br>Latitude: -33.82480894<br>Longitude: 151.2014088731507400]]></description>
        <styleUrl>#icon-1899-0288D1</styleUrl>
        <ExtendedData>
          <Data name="Machine Id">
            <value>NSDAVRTLTNG0234-AU</value>
          </Data>
          <Data name="Model">
            <value>Touch N Go</value>
          </Data>
          <Data name="Latitude">
            <value>-33.82480894</value>
          </Data>
          <Data name="Longitude">
            <value>151.2014088731507400</value>
          </Data>
        </ExtendedData>
        <Point>
          <coordinates>
            151.201408873151,-33.82480894,0
          </coordinates>
        </Point>
      </Placemark>
      <Placemark>
        <name>Oxley Street</name>
        <description><![CDATA[Machine Id: NSDAVRTLTNG0235-AU<br>Model: Touch N Go<br>Latitude: -33.82485222<br>Longitude: 151.1985404952511400]]></description>
        <styleUrl>#icon-1899-0288D1</styleUrl>
        <ExtendedData>
          <Data name="Machine Id">
            <value>NSDAVRTLTNG0235-AU</value>
          </Data>
          <Data name="Model">
            <value>Touch N Go</value>
          </Data>
          <Data name="Latitude">
            <value>-33.82485222</value>
          </Data>
          <Data name="Longitude">
            <value>151.1985404952511400</value>
          </Data>
        </ExtendedData>
        <Point>
          <coordinates>
            151.198540495251,-33.82485222,0
          </coordinates>
        </Point>
      </Placemark>
      <Placemark>
        <name>Clarke Lane</name>
        <description><![CDATA[Machine Id: NSDAVRTLTNG0236-AU<br>Model: Touch N Go<br>Latitude: -33.82452393<br>Longitude: 151.1984333147325400]]></description>
        <styleUrl>#icon-1899-0288D1</styleUrl>
        <ExtendedData>
          <Data name="Machine Id">
            <value>NSDAVRTLTNG0236-AU</value>
          </Data>
          <Data name="Model">
            <value>Touch N Go</value>
          </Data>
          <Data name="Latitude">
            <value>-33.82452393</value>
          </Data>
          <Data name="Longitude">
            <value>151.1984333147325400</value>
          </Data>
        </ExtendedData>
        <Point>
          <coordinates>
            151.198433314733,-33.82452393,0
          </coordinates>
        </Point>
      </Placemark>
      <Placemark>
        <name>Pole Lane</name>
        <description><![CDATA[Machine Id: NSDAVRTLTNG0237-AU<br>Model: Touch N Go<br>Latitude: -33.82421676<br>Longitude: 151.1985927318697800]]></description>
        <styleUrl>#icon-1899-0288D1</styleUrl>
        <ExtendedData>
          <Data name="Machine Id">
            <value>NSDAVRTLTNG0237-AU</value>
          </Data>
          <Data name="Model">
            <value>Touch N Go</value>
          </Data>
          <Data name="Latitude">
            <value>-33.82421676</value>
          </Data>
          <Data name="Longitude">
            <value>151.1985927318697800</value>
          </Data>
        </ExtendedData>
        <Point>
          <coordinates>
            151.19859273187,-33.82421676,0
          </coordinates>
        </Point>
      </Placemark>
      <Placemark>
        <name>Clarke Lane</name>
        <description><![CDATA[Machine Id: NSDAVRTLTNG0238-AU<br>Model: Touch N Go<br>Latitude: -33.82409546<br>Longitude: 151.1980524363472000]]></description>
        <styleUrl>#icon-1899-0288D1</styleUrl>
        <ExtendedData>
          <Data name="Machine Id">
            <value>NSDAVRTLTNG0238-AU</value>
          </Data>
          <Data name="Model">
            <value>Touch N Go</value>
          </Data>
          <Data name="Latitude">
            <value>-33.82409546</value>
          </Data>
          <Data name="Longitude">
            <value>151.1980524363472000</value>
          </Data>
        </ExtendedData>
        <Point>
          <coordinates>
            151.198052436347,-33.82409546,0
          </coordinates>
        </Point>
      </Placemark>
      <Placemark>
        <name>Oxley Street</name>
        <description><![CDATA[Machine Id: NSDAVRTLTNG0239-AU<br>Model: Touch N Go<br>Latitude: -33.82448<br>Longitude: 151.1989555066112400]]></description>
        <styleUrl>#icon-1899-0288D1</styleUrl>
        <ExtendedData>
          <Data name="Machine Id">
            <value>NSDAVRTLTNG0239-AU</value>
          </Data>
          <Data name="Model">
            <value>Touch N Go</value>
          </Data>
          <Data name="Latitude">
            <value>-33.82448</value>
          </Data>
          <Data name="Longitude">
            <value>151.1989555066112400</value>
          </Data>
        </ExtendedData>
        <Point>
          <coordinates>
            151.198955506611,-33.82448,0
          </coordinates>
        </Point>
      </Placemark>
      <Placemark>
        <name>Hume Street</name>
        <description><![CDATA[Machine Id: NSDAVRTLTNG0240-AU<br>Model: Touch N Go<br>Latitude: -33.82548025<br>Longitude: 151.1999339255572500]]></description>
        <styleUrl>#icon-1899-0288D1</styleUrl>
        <ExtendedData>
          <Data name="Machine Id">
            <value>NSDAVRTLTNG0240-AU</value>
          </Data>
          <Data name="Model">
            <value>Touch N Go</value>
          </Data>
          <Data name="Latitude">
            <value>-33.82548025</value>
          </Data>
          <Data name="Longitude">
            <value>151.1999339255572500</value>
          </Data>
        </ExtendedData>
        <Point>
          <coordinates>
            151.199933925557,-33.82548025,0
          </coordinates>
        </Point>
      </Placemark>
      <Placemark>
        <name>Lithgow Street</name>
        <description><![CDATA[Machine Id: NSDAVRTLTNG0241-AU<br>Model: Touch N Go<br>Latitude: -33.82695276<br>Longitude: 151.1958695401783000]]></description>
        <styleUrl>#icon-1899-0288D1</styleUrl>
        <ExtendedData>
          <Data name="Machine Id">
            <value>NSDAVRTLTNG0241-AU</value>
          </Data>
          <Data name="Model">
            <value>Touch N Go</value>
          </Data>
          <Data name="Latitude">
            <value>-33.82695276</value>
          </Data>
          <Data name="Longitude">
            <value>151.1958695401783000</value>
          </Data>
        </ExtendedData>
        <Point>
          <coordinates>
            151.195869540178,-33.82695276,0
          </coordinates>
        </Point>
      </Placemark>
      <Placemark>
        <name>Lithgow Street</name>
        <description><![CDATA[Machine Id: NSDAVRTLTNG0242-AU<br>Model: Touch N Go<br>Latitude: -33.82735038<br>Longitude: 151.1961251065676200]]></description>
        <styleUrl>#icon-1899-0288D1</styleUrl>
        <ExtendedData>
          <Data name="Machine Id">
            <value>NSDAVRTLTNG0242-AU</value>
          </Data>
          <Data name="Model">
            <value>Touch N Go</value>
          </Data>
          <Data name="Latitude">
            <value>-33.82735038</value>
          </Data>
          <Data name="Longitude">
            <value>151.1961251065676200</value>
          </Data>
        </ExtendedData>
        <Point>
          <coordinates>
            151.196125106568,-33.82735038,0
          </coordinates>
        </Point>
      </Placemark>
      <Placemark>
        <name>Lithgow Street</name>
        <description><![CDATA[Machine Id: NSDAVRTLTNG0243-AU<br>Model: Touch N Go<br>Latitude: -33.82663158<br>Longitude: 151.1958784688854000]]></description>
        <styleUrl>#icon-1899-0288D1</styleUrl>
        <ExtendedData>
          <Data name="Machine Id">
            <value>NSDAVRTLTNG0243-AU</value>
          </Data>
          <Data name="Model">
            <value>Touch N Go</value>
          </Data>
          <Data name="Latitude">
            <value>-33.82663158</value>
          </Data>
          <Data name="Longitude">
            <value>151.1958784688854000</value>
          </Data>
        </ExtendedData>
        <Point>
          <coordinates>
            151.195878468885,-33.82663158,0
          </coordinates>
        </Point>
      </Placemark>
      <Placemark>
        <name>Oxley Street</name>
        <description><![CDATA[Machine Id: NSDAVRTLTNG0244-AU<br>Model: Touch N Go<br>Latitude: -33.82623539<br>Longitude: 151.1961023886577200]]></description>
        <styleUrl>#icon-1899-0288D1</styleUrl>
        <ExtendedData>
          <Data name="Machine Id">
            <value>NSDAVRTLTNG0244-AU</value>
          </Data>
          <Data name="Model">
            <value>Touch N Go</value>
          </Data>
          <Data name="Latitude">
            <value>-33.82623539</value>
          </Data>
          <Data name="Longitude">
            <value>151.1961023886577200</value>
          </Data>
        </ExtendedData>
        <Point>
          <coordinates>
            151.196102388658,-33.82623539,0
          </coordinates>
        </Point>
      </Placemark>
      <Placemark>
        <name>Christie Street</name>
        <description><![CDATA[Machine Id: NSDAVRTLTNG0245-AU<br>Model: Touch N Go<br>Latitude: -33.82636357<br>Longitude: 151.1966746177649600]]></description>
        <styleUrl>#icon-1899-0288D1</styleUrl>
        <ExtendedData>
          <Data name="Machine Id">
            <value>NSDAVRTLTNG0245-AU</value>
          </Data>
          <Data name="Model">
            <value>Touch N Go</value>
          </Data>
          <Data name="Latitude">
            <value>-33.82636357</value>
          </Data>
          <Data name="Longitude">
            <value>151.1966746177649600</value>
          </Data>
        </ExtendedData>
        <Point>
          <coordinates>
            151.196674617765,-33.82636357,0
          </coordinates>
        </Point>
      </Placemark>
      <Placemark>
        <name>Oxley Street</name>
        <description><![CDATA[Machine Id: NSDAVRTLTNG0246-AU<br>Model: Touch N Go<br>Latitude: -33.82526408<br>Longitude: 151.1981679372474300]]></description>
        <styleUrl>#icon-1899-0288D1</styleUrl>
        <ExtendedData>
          <Data name="Machine Id">
            <value>NSDAVRTLTNG0246-AU</value>
          </Data>
          <Data name="Model">
            <value>Touch N Go</value>
          </Data>
          <Data name="Latitude">
            <value>-33.82526408</value>
          </Data>
          <Data name="Longitude">
            <value>151.1981679372474300</value>
          </Data>
        </ExtendedData>
        <Point>
          <coordinates>
            151.198167937247,-33.82526408,0
          </coordinates>
        </Point>
      </Placemark>
      <Placemark>
        <name>Nicholson Street</name>
        <description><![CDATA[Machine Id: NSDAVRTLTNG0247-AU<br>Model: Touch N Go<br>Latitude: -33.82740039<br>Longitude: 151.1992425850297000]]></description>
        <styleUrl>#icon-1899-0288D1</styleUrl>
        <ExtendedData>
          <Data name="Machine Id">
            <value>NSDAVRTLTNG0247-AU</value>
          </Data>
          <Data name="Model">
            <value>Touch N Go</value>
          </Data>
          <Data name="Latitude">
            <value>-33.82740039</value>
          </Data>
          <Data name="Longitude">
            <value>151.1992425850297000</value>
          </Data>
        </ExtendedData>
        <Point>
          <coordinates>
            151.19924258503,-33.82740039,0
          </coordinates>
        </Point>
      </Placemark>
      <Placemark>
        <name>Miller Street</name>
        <description><![CDATA[Machine Id: NSDAVRTLTNG0248-AU<br>Model: Touch N Go<br>Latitude: -33.83234119<br>Longitude: 151.2080509547276700]]></description>
        <styleUrl>#icon-1899-0288D1</styleUrl>
        <ExtendedData>
          <Data name="Machine Id">
            <value>NSDAVRTLTNG0248-AU</value>
          </Data>
          <Data name="Model">
            <value>Touch N Go</value>
          </Data>
          <Data name="Latitude">
            <value>-33.83234119</value>
          </Data>
          <Data name="Longitude">
            <value>151.2080509547276700</value>
          </Data>
        </ExtendedData>
        <Point>
          <coordinates>
            151.208050954728,-33.83234119,0
          </coordinates>
        </Point>
      </Placemark>
      <Placemark>
        <name>Miller Street</name>
        <description><![CDATA[Machine Id: NSDAVRTLTNG0249-AU<br>Model: Touch N Go<br>Latitude: -33.83164363<br>Longitude: 151.2084070186577700]]></description>
        <styleUrl>#icon-1899-0288D1</styleUrl>
        <ExtendedData>
          <Data name="Machine Id">
            <value>NSDAVRTLTNG0249-AU</value>
          </Data>
          <Data name="Model">
            <value>Touch N Go</value>
          </Data>
          <Data name="Latitude">
            <value>-33.83164363</value>
          </Data>
          <Data name="Longitude">
            <value>151.2084070186577700</value>
          </Data>
        </ExtendedData>
        <Point>
          <coordinates>
            151.208407018658,-33.83164363,0
          </coordinates>
        </Point>
      </Placemark>
      <Placemark>
        <name>Miller Street</name>
        <description><![CDATA[Machine Id: NSDAVRTLTNG0250-AU<br>Model: Touch N Go<br>Latitude: -33.83055049<br>Longitude: 151.2086866453863400]]></description>
        <styleUrl>#icon-1899-0288D1</styleUrl>
        <ExtendedData>
          <Data name="Machine Id">
            <value>NSDAVRTLTNG0250-AU</value>
          </Data>
          <Data name="Model">
            <value>Touch N Go</value>
          </Data>
          <Data name="Latitude">
            <value>-33.83055049</value>
          </Data>
          <Data name="Longitude">
            <value>151.2086866453863400</value>
          </Data>
        </ExtendedData>
        <Point>
          <coordinates>
            151.208686645386,-33.83055049,0
          </coordinates>
        </Point>
      </Placemark>
      <Placemark>
        <name>Ridge Street</name>
        <description><![CDATA[Machine Id: NSDAVRTLTNG0251-AU<br>Model: Touch N Go<br>Latitude: -33.83289476<br>Longitude: 151.2083972119713000]]></description>
        <styleUrl>#icon-1899-0288D1</styleUrl>
        <ExtendedData>
          <Data name="Machine Id">
            <value>NSDAVRTLTNG0251-AU</value>
          </Data>
          <Data name="Model">
            <value>Touch N Go</value>
          </Data>
          <Data name="Latitude">
            <value>-33.83289476</value>
          </Data>
          <Data name="Longitude">
            <value>151.2083972119713000</value>
          </Data>
        </ExtendedData>
        <Point>
          <coordinates>
            151.208397211971,-33.83289476,0
          </coordinates>
        </Point>
      </Placemark>
      <Placemark>
        <name>Ridge Street</name>
        <description><![CDATA[Machine Id: NSDAVRTLTNG0252-AU<br>Model: Touch N Go<br>Latitude: -33.83312653<br>Longitude: 151.2097895329482400]]></description>
        <styleUrl>#icon-1899-0288D1</styleUrl>
        <ExtendedData>
          <Data name="Machine Id">
            <value>NSDAVRTLTNG0252-AU</value>
          </Data>
          <Data name="Model">
            <value>Touch N Go</value>
          </Data>
          <Data name="Latitude">
            <value>-33.83312653</value>
          </Data>
          <Data name="Longitude">
            <value>151.2097895329482400</value>
          </Data>
        </ExtendedData>
        <Point>
          <coordinates>
            151.209789532948,-33.83312653,0
          </coordinates>
        </Point>
      </Placemark>
      <Placemark>
        <name>Eliot Street</name>
        <description><![CDATA[Machine Id: NSDAVRTLTNG0253-AU<br>Model: Touch N Go<br>Latitude: -33.83356712<br>Longitude: 151.2088337448093400]]></description>
        <styleUrl>#icon-1899-0288D1</styleUrl>
        <ExtendedData>
          <Data name="Machine Id">
            <value>NSDAVRTLTNG0253-AU</value>
          </Data>
          <Data name="Model">
            <value>Touch N Go</value>
          </Data>
          <Data name="Latitude">
            <value>-33.83356712</value>
          </Data>
          <Data name="Longitude">
            <value>151.2088337448093400</value>
          </Data>
        </ExtendedData>
        <Point>
          <coordinates>
            151.208833744809,-33.83356712,0
          </coordinates>
        </Point>
      </Placemark>
      <Placemark>
        <name>Bruce Street</name>
        <description><![CDATA[Machine Id: NSDAVRTLTNG0254-AU<br>Model: Touch N Go<br>Latitude: -33.82956701<br>Longitude: 151.2009058106234000]]></description>
        <styleUrl>#icon-1899-0288D1</styleUrl>
        <ExtendedData>
          <Data name="Machine Id">
            <value>NSDAVRTLTNG0254-AU</value>
          </Data>
          <Data name="Model">
            <value>Touch N Go</value>
          </Data>
          <Data name="Latitude">
            <value>-33.82956701</value>
          </Data>
          <Data name="Longitude">
            <value>151.2009058106234000</value>
          </Data>
        </ExtendedData>
        <Point>
          <coordinates>
            151.200905810623,-33.82956701,0
          </coordinates>
        </Point>
      </Placemark>
      <Placemark>
        <name>Rocklands Road</name>
        <description><![CDATA[Machine Id: NSDAVRTLTNG0255-AU<br>Model: Touch N Go<br>Latitude: -33.83076905<br>Longitude: 151.2023190643353400]]></description>
        <styleUrl>#icon-1899-0288D1</styleUrl>
        <ExtendedData>
          <Data name="Machine Id">
            <value>NSDAVRTLTNG0255-AU</value>
          </Data>
          <Data name="Model">
            <value>Touch N Go</value>
          </Data>
          <Data name="Latitude">
            <value>-33.83076905</value>
          </Data>
          <Data name="Longitude">
            <value>151.2023190643353400</value>
          </Data>
        </ExtendedData>
        <Point>
          <coordinates>
            151.202319064335,-33.83076905,0
          </coordinates>
        </Point>
      </Placemark>
      <Placemark>
        <name>David Street</name>
        <description><![CDATA[Machine Id: NSDAVRTLTNG0256-AU<br>Model: Touch N Go<br>Latitude: -33.82936579<br>Longitude: 151.2030551735705000]]></description>
        <styleUrl>#icon-1899-0288D1</styleUrl>
        <ExtendedData>
          <Data name="Machine Id">
            <value>NSDAVRTLTNG0256-AU</value>
          </Data>
          <Data name="Model">
            <value>Touch N Go</value>
          </Data>
          <Data name="Latitude">
            <value>-33.82936579</value>
          </Data>
          <Data name="Longitude">
            <value>151.2030551735705000</value>
          </Data>
        </ExtendedData>
        <Point>
          <coordinates>
            151.203055173571,-33.82936579,0
          </coordinates>
        </Point>
      </Placemark>
      <Placemark>
        <name>Eden Street</name>
        <description><![CDATA[Machine Id: NSDAVRTLTNG0258-AU<br>Model: Touch N Go<br>Latitude: -33.83136908<br>Longitude: 151.2046965996081800]]></description>
        <styleUrl>#icon-1899-0288D1</styleUrl>
        <ExtendedData>
          <Data name="Machine Id">
            <value>NSDAVRTLTNG0258-AU</value>
          </Data>
          <Data name="Model">
            <value>Touch N Go</value>
          </Data>
          <Data name="Latitude">
            <value>-33.83136908</value>
          </Data>
          <Data name="Longitude">
            <value>151.2046965996081800</value>
          </Data>
        </ExtendedData>
        <Point>
          <coordinates>
            151.204696599608,-33.83136908,0
          </coordinates>
        </Point>
      </Placemark>
      <Placemark>
        <name>Myrtle Street</name>
        <description><![CDATA[Machine Id: NSDAVRTLTNG0260-AU<br>Model: Touch N Go<br>Latitude: -33.83103672<br>Longitude: 151.2035554058223300]]></description>
        <styleUrl>#icon-1899-0288D1</styleUrl>
        <ExtendedData>
          <Data name="Machine Id">
            <value>NSDAVRTLTNG0260-AU</value>
          </Data>
          <Data name="Model">
            <value>Touch N Go</value>
          </Data>
          <Data name="Latitude">
            <value>-33.83103672</value>
          </Data>
          <Data name="Longitude">
            <value>151.2035554058223300</value>
          </Data>
        </ExtendedData>
        <Point>
          <coordinates>
            151.203555405822,-33.83103672,0
          </coordinates>
        </Point>
      </Placemark>
      <Placemark>
        <name>David Street</name>
        <description><![CDATA[Machine Id: NSDAVRTLTNG0261-AU<br>Model: Touch N Go<br>Latitude: -33.82950132<br>Longitude: 151.2029024585636000]]></description>
        <styleUrl>#icon-1899-0288D1</styleUrl>
        <ExtendedData>
          <Data name="Machine Id">
            <value>NSDAVRTLTNG0261-AU</value>
          </Data>
          <Data name="Model">
            <value>Touch N Go</value>
          </Data>
          <Data name="Latitude">
            <value>-33.82950132</value>
          </Data>
          <Data name="Longitude">
            <value>151.2029024585636000</value>
          </Data>
        </ExtendedData>
        <Point>
          <coordinates>
            151.202902458564,-33.82950132,0
          </coordinates>
        </Point>
      </Placemark>
      <Placemark>
        <name>Hayberry Street</name>
        <description><![CDATA[Machine Id: NSDAVRTLTNG0263-AU<br>Model: Touch N Go<br>Latitude: -33.82877643<br>Longitude: 151.2021381925582700]]></description>
        <styleUrl>#icon-1899-0288D1</styleUrl>
        <ExtendedData>
          <Data name="Machine Id">
            <value>NSDAVRTLTNG0263-AU</value>
          </Data>
          <Data name="Model">
            <value>Touch N Go</value>
          </Data>
          <Data name="Latitude">
            <value>-33.82877643</value>
          </Data>
          <Data name="Longitude">
            <value>151.2021381925582700</value>
          </Data>
        </ExtendedData>
        <Point>
          <coordinates>
            151.202138192558,-33.82877643,0
          </coordinates>
        </Point>
      </Placemark>
      <Placemark>
        <name>Pacific Highway</name>
        <description><![CDATA[Machine Id: NSDAVRTLTNG0264-AU<br>Model: Touch N Go<br>Latitude: -33.82880556<br>Longitude: 151.2018863233308500]]></description>
        <styleUrl>#icon-1899-0288D1</styleUrl>
        <ExtendedData>
          <Data name="Machine Id">
            <value>NSDAVRTLTNG0264-AU</value>
          </Data>
          <Data name="Model">
            <value>Touch N Go</value>
          </Data>
          <Data name="Latitude">
            <value>-33.82880556</value>
          </Data>
          <Data name="Longitude">
            <value>151.2018863233308500</value>
          </Data>
        </ExtendedData>
        <Point>
          <coordinates>
            151.201886323331,-33.82880556,0
          </coordinates>
        </Point>
      </Placemark>
      <Placemark>
        <name>Alexander Street</name>
        <description><![CDATA[Machine Id: NSDAVRTLTNG0265-AU<br>Model: Touch N Go<br>Latitude: -33.8282634<br>Longitude: 151.2018893424641000]]></description>
        <styleUrl>#icon-1899-0288D1</styleUrl>
        <ExtendedData>
          <Data name="Machine Id">
            <value>NSDAVRTLTNG0265-AU</value>
          </Data>
          <Data name="Model">
            <value>Touch N Go</value>
          </Data>
          <Data name="Latitude">
            <value>-33.8282634</value>
          </Data>
          <Data name="Longitude">
            <value>151.2018893424641000</value>
          </Data>
        </ExtendedData>
        <Point>
          <coordinates>
            151.201889342464,-33.8282634,0
          </coordinates>
        </Point>
      </Placemark>
      <Placemark>
        <name>Berry Street</name>
        <description><![CDATA[Machine Id: NSDAVRTLTNG0266-AU<br>Model: Touch N Go<br>Latitude: -33.83686<br>Longitude: 151.2079500000000000]]></description>
        <styleUrl>#icon-1899-0288D1</styleUrl>
        <ExtendedData>
          <Data name="Machine Id">
            <value>NSDAVRTLTNG0266-AU</value>
          </Data>
          <Data name="Model">
            <value>Touch N Go</value>
          </Data>
          <Data name="Latitude">
            <value>-33.83686</value>
          </Data>
          <Data name="Longitude">
            <value>151.2079500000000000</value>
          </Data>
        </ExtendedData>
        <Point>
          <coordinates>
            151.20795,-33.83686,0
          </coordinates>
        </Point>
      </Placemark>
      <Placemark>
        <name>Ridge Street</name>
        <description><![CDATA[Machine Id: NSDAVRTLTNG0267-AU<br>Model: Touch N Go<br>Latitude: -33.83282574<br>Longitude: 151.2076389841208800]]></description>
        <styleUrl>#icon-1899-0288D1</styleUrl>
        <ExtendedData>
          <Data name="Machine Id">
            <value>NSDAVRTLTNG0267-AU</value>
          </Data>
          <Data name="Model">
            <value>Touch N Go</value>
          </Data>
          <Data name="Latitude">
            <value>-33.83282574</value>
          </Data>
          <Data name="Longitude">
            <value>151.2076389841208800</value>
          </Data>
        </ExtendedData>
        <Point>
          <coordinates>
            151.207638984121,-33.83282574,0
          </coordinates>
        </Point>
      </Placemark>
      <Placemark>
        <name>Ridge Street</name>
        <description><![CDATA[Machine Id: NSDAVRTLTNG0268-AU<br>Model: Touch N Go<br>Latitude: -33.83256705<br>Longitude: 151.2059656420426600]]></description>
        <styleUrl>#icon-1899-0288D1</styleUrl>
        <ExtendedData>
          <Data name="Machine Id">
            <value>NSDAVRTLTNG0268-AU</value>
          </Data>
          <Data name="Model">
            <value>Touch N Go</value>
          </Data>
          <Data name="Latitude">
            <value>-33.83256705</value>
          </Data>
          <Data name="Longitude">
            <value>151.2059656420426600</value>
          </Data>
        </ExtendedData>
        <Point>
          <coordinates>
            151.205965642043,-33.83256705,0
          </coordinates>
        </Point>
      </Placemark>
      <Placemark>
        <name>Ridge Street</name>
        <description><![CDATA[Machine Id: NSDAVRTLTNG0269-AU<br>Model: Touch N Go<br>Latitude: -33.83253577<br>Longitude: 151.2063104112520000]]></description>
        <styleUrl>#icon-1899-0288D1</styleUrl>
        <ExtendedData>
          <Data name="Machine Id">
            <value>NSDAVRTLTNG0269-AU</value>
          </Data>
          <Data name="Model">
            <value>Touch N Go</value>
          </Data>
          <Data name="Latitude">
            <value>-33.83253577</value>
          </Data>
          <Data name="Longitude">
            <value>151.2063104112520000</value>
          </Data>
        </ExtendedData>
        <Point>
          <coordinates>
            151.206310411252,-33.83253577,0
          </coordinates>
        </Point>
      </Placemark>
      <Placemark>
        <name>Ridge Street</name>
        <description><![CDATA[Machine Id: NSDAVRTLTNG0270-AU<br>Model: Touch N Go<br>Latitude: -33.83276071<br>Longitude: 151.2075906102893700]]></description>
        <styleUrl>#icon-1899-0288D1</styleUrl>
        <ExtendedData>
          <Data name="Machine Id">
            <value>NSDAVRTLTNG0270-AU</value>
          </Data>
          <Data name="Model">
            <value>Touch N Go</value>
          </Data>
          <Data name="Latitude">
            <value>-33.83276071</value>
          </Data>
          <Data name="Longitude">
            <value>151.2075906102893700</value>
          </Data>
        </ExtendedData>
        <Point>
          <coordinates>
            151.207590610289,-33.83276071,0
          </coordinates>
        </Point>
      </Placemark>
      <Placemark>
        <name>Miller Street</name>
        <description><![CDATA[Machine Id: NSDAVRTLTNG0271-AU<br>Model: Touch N Go<br>Latitude: -33.83324452<br>Longitude: 151.2079410686491000]]></description>
        <styleUrl>#icon-1899-0288D1</styleUrl>
        <ExtendedData>
          <Data name="Machine Id">
            <value>NSDAVRTLTNG0271-AU</value>
          </Data>
          <Data name="Model">
            <value>Touch N Go</value>
          </Data>
          <Data name="Latitude">
            <value>-33.83324452</value>
          </Data>
          <Data name="Longitude">
            <value>151.2079410686491000</value>
          </Data>
        </ExtendedData>
        <Point>
          <coordinates>
            151.207941068649,-33.83324452,0
          </coordinates>
        </Point>
      </Placemark>
      <Placemark>
        <name>Ridge Street</name>
        <description><![CDATA[Machine Id: NSDAVRTLTNG0272-AU<br>Model: Touch N Go<br>Latitude: -33.83260192<br>Longitude: 151.2061857377943900]]></description>
        <styleUrl>#icon-1899-0288D1</styleUrl>
        <ExtendedData>
          <Data name="Machine Id">
            <value>NSDAVRTLTNG0272-AU</value>
          </Data>
          <Data name="Model">
            <value>Touch N Go</value>
          </Data>
          <Data name="Latitude">
            <value>-33.83260192</value>
          </Data>
          <Data name="Longitude">
            <value>151.2061857377943900</value>
          </Data>
        </ExtendedData>
        <Point>
          <coordinates>
            151.206185737794,-33.83260192,0
          </coordinates>
        </Point>
      </Placemark>
      <Placemark>
        <name>Miller Street</name>
        <description><![CDATA[Machine Id: NSDAVRTLTNG0273-AU<br>Model: Touch N Go<br>Latitude: -33.83548541<br>Longitude: 151.2074320492604600]]></description>
        <styleUrl>#icon-1899-0288D1</styleUrl>
        <ExtendedData>
          <Data name="Machine Id">
            <value>NSDAVRTLTNG0273-AU</value>
          </Data>
          <Data name="Model">
            <value>Touch N Go</value>
          </Data>
          <Data name="Latitude">
            <value>-33.83548541</value>
          </Data>
          <Data name="Longitude">
            <value>151.2074320492604600</value>
          </Data>
        </ExtendedData>
        <Point>
          <coordinates>
            151.20743204926,-33.83548541,0
          </coordinates>
        </Point>
      </Placemark>
      <Placemark>
        <name>Miller Street</name>
        <description><![CDATA[Machine Id: NSDAVRTLTNG0274-AU<br>Model: Touch N Go<br>Latitude: -33.83667558<br>Longitude: 151.2072493946471000]]></description>
        <styleUrl>#icon-1899-0288D1</styleUrl>
        <ExtendedData>
          <Data name="Machine Id">
            <value>NSDAVRTLTNG0274-AU</value>
          </Data>
          <Data name="Model">
            <value>Touch N Go</value>
          </Data>
          <Data name="Latitude">
            <value>-33.83667558</value>
          </Data>
          <Data name="Longitude">
            <value>151.2072493946471000</value>
          </Data>
        </ExtendedData>
        <Point>
          <coordinates>
            151.207249394647,-33.83667558,0
          </coordinates>
        </Point>
      </Placemark>
      <Placemark>
        <name>Miller Street</name>
        <description><![CDATA[Machine Id: NSDAVRTLTNG0275-AU<br>Model: Touch N Go<br>Latitude: -33.83458892<br>Longitude: 151.2077913052247300]]></description>
        <styleUrl>#icon-1899-0288D1</styleUrl>
        <ExtendedData>
          <Data name="Machine Id">
            <value>NSDAVRTLTNG0275-AU</value>
          </Data>
          <Data name="Model">
            <value>Touch N Go</value>
          </Data>
          <Data name="Latitude">
            <value>-33.83458892</value>
          </Data>
          <Data name="Longitude">
            <value>151.2077913052247300</value>
          </Data>
        </ExtendedData>
        <Point>
          <coordinates>
            151.207791305225,-33.83458892,0
          </coordinates>
        </Point>
      </Placemark>
      <Placemark>
        <name>Walker Street</name>
        <description><![CDATA[Machine Id: NSDAVRTLTNG0276-AU<br>Model: Touch N Go<br>Latitude: -33.83518688<br>Longitude: 151.2096687539934000]]></description>
        <styleUrl>#icon-1899-0288D1</styleUrl>
        <ExtendedData>
          <Data name="Machine Id">
            <value>NSDAVRTLTNG0276-AU</value>
          </Data>
          <Data name="Model">
            <value>Touch N Go</value>
          </Data>
          <Data name="Latitude">
            <value>-33.83518688</value>
          </Data>
          <Data name="Longitude">
            <value>151.2096687539934000</value>
          </Data>
        </ExtendedData>
        <Point>
          <coordinates>
            151.209668753993,-33.83518688,0
          </coordinates>
        </Point>
      </Placemark>
      <Placemark>
        <name>Hampden Street</name>
        <description><![CDATA[Machine Id: NSDAVRTLTNG0277-AU<br>Model: Touch N Go<br>Latitude: -33.83562572<br>Longitude: 151.2099564461102500]]></description>
        <styleUrl>#icon-1899-0288D1</styleUrl>
        <ExtendedData>
          <Data name="Machine Id">
            <value>NSDAVRTLTNG0277-AU</value>
          </Data>
          <Data name="Model">
            <value>Touch N Go</value>
          </Data>
          <Data name="Latitude">
            <value>-33.83562572</value>
          </Data>
          <Data name="Longitude">
            <value>151.2099564461102500</value>
          </Data>
        </ExtendedData>
        <Point>
          <coordinates>
            151.20995644611,-33.83562572,0
          </coordinates>
        </Point>
      </Placemark>
      <Placemark>
        <name>Hampden Street</name>
        <description><![CDATA[Machine Id: NSDAVRTLTNG0278-AU<br>Model: Touch N Go<br>Latitude: -33.83580172<br>Longitude: 151.2099523977823000]]></description>
        <styleUrl>#icon-1899-0288D1</styleUrl>
        <ExtendedData>
          <Data name="Machine Id">
            <value>NSDAVRTLTNG0278-AU</value>
          </Data>
          <Data name="Model">
            <value>Touch N Go</value>
          </Data>
          <Data name="Latitude">
            <value>-33.83580172</value>
          </Data>
          <Data name="Longitude">
            <value>151.2099523977823000</value>
          </Data>
        </ExtendedData>
        <Point>
          <coordinates>
            151.209952397782,-33.83580172,0
          </coordinates>
        </Point>
      </Placemark>
      <Placemark>
        <name>Walker Street</name>
        <description><![CDATA[Machine Id: NSDAVRTLTNG0279-AU<br>Model: Touch N Go<br>Latitude: -33.83632443<br>Longitude: 151.2093174638744000]]></description>
        <styleUrl>#icon-1899-0288D1</styleUrl>
        <ExtendedData>
          <Data name="Machine Id">
            <value>NSDAVRTLTNG0279-AU</value>
          </Data>
          <Data name="Model">
            <value>Touch N Go</value>
          </Data>
          <Data name="Latitude">
            <value>-33.83632443</value>
          </Data>
          <Data name="Longitude">
            <value>151.2093174638744000</value>
          </Data>
        </ExtendedData>
        <Point>
          <coordinates>
            151.209317463874,-33.83632443,0
          </coordinates>
        </Point>
      </Placemark>
      <Placemark>
        <name>McLaren Street</name>
        <description><![CDATA[Machine Id: NSDAVRTLTNG0280-AU<br>Model: Touch N Go<br>Latitude: -33.83511428<br>Longitude: 151.2092653403823000]]></description>
        <styleUrl>#icon-1899-0288D1</styleUrl>
        <ExtendedData>
          <Data name="Machine Id">
            <value>NSDAVRTLTNG0280-AU</value>
          </Data>
          <Data name="Model">
            <value>Touch N Go</value>
          </Data>
          <Data name="Latitude">
            <value>-33.83511428</value>
          </Data>
          <Data name="Longitude">
            <value>151.2092653403823000</value>
          </Data>
        </ExtendedData>
        <Point>
          <coordinates>
            151.209265340382,-33.83511428,0
          </coordinates>
        </Point>
      </Placemark>
      <Placemark>
        <name>McLaren Street</name>
        <description><![CDATA[Machine Id: NSDAVRTLTNG0281-AU<br>Model: Touch N Go<br>Latitude: -33.83479236<br>Longitude: 151.2072232476040200]]></description>
        <styleUrl>#icon-1899-0288D1</styleUrl>
        <ExtendedData>
          <Data name="Machine Id">
            <value>NSDAVRTLTNG0281-AU</value>
          </Data>
          <Data name="Model">
            <value>Touch N Go</value>
          </Data>
          <Data name="Latitude">
            <value>-33.83479236</value>
          </Data>
          <Data name="Longitude">
            <value>151.2072232476040200</value>
          </Data>
        </ExtendedData>
        <Point>
          <coordinates>
            151.207223247604,-33.83479236,0
          </coordinates>
        </Point>
      </Placemark>
      <Placemark>
        <name>McLaren Street</name>
        <description><![CDATA[Machine Id: NSDAVRTLTNG0282-AU<br>Model: Touch N Go<br>Latitude: -33.83302891<br>Longitude: 151.2095916852967700]]></description>
        <styleUrl>#icon-1899-0288D1</styleUrl>
        <ExtendedData>
          <Data name="Machine Id">
            <value>NSDAVRTLTNG0282-AU</value>
          </Data>
          <Data name="Model">
            <value>Touch N Go</value>
          </Data>
          <Data name="Latitude">
            <value>-33.83302891</value>
          </Data>
          <Data name="Longitude">
            <value>151.2095916852967700</value>
          </Data>
        </ExtendedData>
        <Point>
          <coordinates>
            151.209591685297,-33.83302891,0
          </coordinates>
        </Point>
      </Placemark>
      <Placemark>
        <name>McLaren Street</name>
        <description><![CDATA[Machine Id: NSDAVRTLTNG0283-AU<br>Model: Touch N Go<br>Latitude: -33.83443062<br>Longitude: 151.2053023627612700]]></description>
        <styleUrl>#icon-1899-0288D1</styleUrl>
        <ExtendedData>
          <Data name="Machine Id">
            <value>NSDAVRTLTNG0283-AU</value>
          </Data>
          <Data name="Model">
            <value>Touch N Go</value>
          </Data>
          <Data name="Latitude">
            <value>-33.83443062</value>
          </Data>
          <Data name="Longitude">
            <value>151.2053023627612700</value>
          </Data>
        </ExtendedData>
        <Point>
          <coordinates>
            151.205302362761,-33.83443062,0
          </coordinates>
        </Point>
      </Placemark>
      <Placemark>
        <name>Harnett Street</name>
        <description><![CDATA[Machine Id: NSDAVRTLTNG0284-AU<br>Model: Touch N Go<br>Latitude: -33.83547734<br>Longitude: 151.2089462336532800]]></description>
        <styleUrl>#icon-1899-0288D1</styleUrl>
        <ExtendedData>
          <Data name="Machine Id">
            <value>NSDAVRTLTNG0284-AU</value>
          </Data>
          <Data name="Model">
            <value>Touch N Go</value>
          </Data>
          <Data name="Latitude">
            <value>-33.83547734</value>
          </Data>
          <Data name="Longitude">
            <value>151.2089462336532800</value>
          </Data>
        </ExtendedData>
        <Point>
          <coordinates>
            151.208946233653,-33.83547734,0
          </coordinates>
        </Point>
      </Placemark>
      <Placemark>
        <name>West Street</name>
        <description><![CDATA[Machine Id: NSDAVRTLTNG0285-AU<br>Model: Touch N Go<br>Latitude: -33.8334871<br>Longitude: 151.2050786533081000]]></description>
        <styleUrl>#icon-1899-0288D1</styleUrl>
        <ExtendedData>
          <Data name="Machine Id">
            <value>NSDAVRTLTNG0285-AU</value>
          </Data>
          <Data name="Model">
            <value>Touch N Go</value>
          </Data>
          <Data name="Latitude">
            <value>-33.8334871</value>
          </Data>
          <Data name="Longitude">
            <value>151.2050786533081000</value>
          </Data>
        </ExtendedData>
        <Point>
          <coordinates>
            151.205078653308,-33.8334871,0
          </coordinates>
        </Point>
      </Placemark>
      <Placemark>
        <name>West Street</name>
        <description><![CDATA[Machine Id: NSDAVRTLTNG0286-AU<br>Model: Touch N Go<br>Latitude: -33.83367827<br>Longitude: 151.2048867402212400]]></description>
        <styleUrl>#icon-1899-0288D1</styleUrl>
        <ExtendedData>
          <Data name="Machine Id">
            <value>NSDAVRTLTNG0286-AU</value>
          </Data>
          <Data name="Model">
            <value>Touch N Go</value>
          </Data>
          <Data name="Latitude">
            <value>-33.83367827</value>
          </Data>
          <Data name="Longitude">
            <value>151.2048867402212400</value>
          </Data>
        </ExtendedData>
        <Point>
          <coordinates>
            151.204886740221,-33.83367827,0
          </coordinates>
        </Point>
      </Placemark>
      <Placemark>
        <name>Angelo Street</name>
        <description><![CDATA[Machine Id: NSDAVRTLTNG0287-AU<br>Model: Touch N Go<br>Latitude: -33.83508223<br>Longitude: 151.2056773690170000]]></description>
        <styleUrl>#icon-1899-0288D1</styleUrl>
        <ExtendedData>
          <Data name="Machine Id">
            <value>NSDAVRTLTNG0287-AU</value>
          </Data>
          <Data name="Model">
            <value>Touch N Go</value>
          </Data>
          <Data name="Latitude">
            <value>-33.83508223</value>
          </Data>
          <Data name="Longitude">
            <value>151.2056773690170000</value>
          </Data>
        </ExtendedData>
        <Point>
          <coordinates>
            151.205677369017,-33.83508223,0
          </coordinates>
        </Point>
      </Placemark>
      <Placemark>
        <name>Angelo Street</name>
        <description><![CDATA[Machine Id: NSDAVRTLTNG0288-AU<br>Model: Touch N Go<br>Latitude: -33.83649594<br>Longitude: 151.2063418083198500]]></description>
        <styleUrl>#icon-1899-0288D1</styleUrl>
        <ExtendedData>
          <Data name="Machine Id">
            <value>NSDAVRTLTNG0288-AU</value>
          </Data>
          <Data name="Model">
            <value>Touch N Go</value>
          </Data>
          <Data name="Latitude">
            <value>-33.83649594</value>
          </Data>
          <Data name="Longitude">
            <value>151.2063418083198500</value>
          </Data>
        </ExtendedData>
        <Point>
          <coordinates>
            151.20634180832,-33.83649594,0
          </coordinates>
        </Point>
      </Placemark>
      <Placemark>
        <name>Miller Street</name>
        <description><![CDATA[Machine Id: NSDAVRTLTNG0289-AU<br>Model: Touch N Go<br>Latitude: -33.83371309<br>Longitude: 151.2077531803764700]]></description>
        <styleUrl>#icon-1899-0288D1</styleUrl>
        <ExtendedData>
          <Data name="Machine Id">
            <value>NSDAVRTLTNG0289-AU</value>
          </Data>
          <Data name="Model">
            <value>Touch N Go</value>
          </Data>
          <Data name="Latitude">
            <value>-33.83371309</value>
          </Data>
          <Data name="Longitude">
            <value>151.2077531803764700</value>
          </Data>
        </ExtendedData>
        <Point>
          <coordinates>
            151.207753180376,-33.83371309,0
          </coordinates>
        </Point>
      </Placemark>
      <Placemark>
        <name>McLaren Street</name>
        <description><![CDATA[Machine Id: NSDAVRTLTNG0290-AU<br>Model: Touch N Go<br>Latitude: -33.83461521<br>Longitude: 151.2064394509283000]]></description>
        <styleUrl>#icon-1899-0288D1</styleUrl>
        <ExtendedData>
          <Data name="Machine Id">
            <value>NSDAVRTLTNG0290-AU</value>
          </Data>
          <Data name="Model">
            <value>Touch N Go</value>
          </Data>
          <Data name="Latitude">
            <value>-33.83461521</value>
          </Data>
          <Data name="Longitude">
            <value>151.2064394509283000</value>
          </Data>
        </ExtendedData>
        <Point>
          <coordinates>
            151.206439450928,-33.83461521,0
          </coordinates>
        </Point>
      </Placemark>
      <Placemark>
        <name>Mount Street</name>
        <description><![CDATA[Machine Id: NSDAVRTLTNG0291-AU<br>Model: Touch N Go<br>Latitude: -33.83906541<br>Longitude: 151.2082334289848700]]></description>
        <styleUrl>#icon-1899-0288D1</styleUrl>
        <ExtendedData>
          <Data name="Machine Id">
            <value>NSDAVRTLTNG0291-AU</value>
          </Data>
          <Data name="Model">
            <value>Touch N Go</value>
          </Data>
          <Data name="Latitude">
            <value>-33.83906541</value>
          </Data>
          <Data name="Longitude">
            <value>151.2082334289848700</value>
          </Data>
        </ExtendedData>
        <Point>
          <coordinates>
            151.208233428985,-33.83906541,0
          </coordinates>
        </Point>
      </Placemark>
      <Placemark>
        <name>Pacific Highway</name>
        <description><![CDATA[Machine Id: NSDAVRTLTNG0292-AU<br>Model: Touch N Go<br>Latitude: -33.8399348<br>Longitude: 151.2080498722250500]]></description>
        <styleUrl>#icon-1899-0288D1</styleUrl>
        <ExtendedData>
          <Data name="Machine Id">
            <value>NSDAVRTLTNG0292-AU</value>
          </Data>
          <Data name="Model">
            <value>Touch N Go</value>
          </Data>
          <Data name="Latitude">
            <value>-33.8399348</value>
          </Data>
          <Data name="Longitude">
            <value>151.2080498722250500</value>
          </Data>
        </ExtendedData>
        <Point>
          <coordinates>
            151.208049872225,-33.8399348,0
          </coordinates>
        </Point>
      </Placemark>
      <Placemark>
        <name>Walker Street</name>
        <description><![CDATA[Machine Id: NSDAVRTLTNG0293-AU<br>Model: Touch N Go<br>Latitude: -33.839943<br>Longitude: 151.2087189164808500]]></description>
        <styleUrl>#icon-1899-0288D1</styleUrl>
        <ExtendedData>
          <Data name="Machine Id">
            <value>NSDAVRTLTNG0293-AU</value>
          </Data>
          <Data name="Model">
            <value>Touch N Go</value>
          </Data>
          <Data name="Latitude">
            <value>-33.839943</value>
          </Data>
          <Data name="Longitude">
            <value>151.2087189164808500</value>
          </Data>
        </ExtendedData>
        <Point>
          <coordinates>
            151.208718916481,-33.839943,0
          </coordinates>
        </Point>
      </Placemark>
      <Placemark>
        <name>Little Walker Street</name>
        <description><![CDATA[Machine Id: NSDAVRTLTNG0294-AU<br>Model: Touch N Go<br>Latitude: -33.84006265<br>Longitude: 151.2092780489651600]]></description>
        <styleUrl>#icon-1899-0288D1</styleUrl>
        <ExtendedData>
          <Data name="Machine Id">
            <value>NSDAVRTLTNG0294-AU</value>
          </Data>
          <Data name="Model">
            <value>Touch N Go</value>
          </Data>
          <Data name="Latitude">
            <value>-33.84006265</value>
          </Data>
          <Data name="Longitude">
            <value>151.2092780489651600</value>
          </Data>
        </ExtendedData>
        <Point>
          <coordinates>
            151.209278048965,-33.84006265,0
          </coordinates>
        </Point>
      </Placemark>
      <Placemark>
        <name>Pacific Highway</name>
        <description><![CDATA[Machine Id: NSDAVRTLTNG0295-AU<br>Model: Touch N Go<br>Latitude: -33.84107232<br>Longitude: 151.2091900620294200]]></description>
        <styleUrl>#icon-1899-0288D1</styleUrl>
        <ExtendedData>
          <Data name="Machine Id">
            <value>NSDAVRTLTNG0295-AU</value>
          </Data>
          <Data name="Model">
            <value>Touch N Go</value>
          </Data>
          <Data name="Latitude">
            <value>-33.84107232</value>
          </Data>
          <Data name="Longitude">
            <value>151.2091900620294200</value>
          </Data>
        </ExtendedData>
        <Point>
          <coordinates>
            151.209190062029,-33.84107232,0
          </coordinates>
        </Point>
      </Placemark>
      <Placemark>
        <name>Mount Street</name>
        <description><![CDATA[Machine Id: NSDAVRTLTNG0298-AU<br>Model: Touch N Go<br>Latitude: -33.8390847<br>Longitude: 151.2089918092190100]]></description>
        <styleUrl>#icon-1899-0288D1</styleUrl>
        <ExtendedData>
          <Data name="Machine Id">
            <value>NSDAVRTLTNG0298-AU</value>
          </Data>
          <Data name="Model">
            <value>Touch N Go</value>
          </Data>
          <Data name="Latitude">
            <value>-33.8390847</value>
          </Data>
          <Data name="Longitude">
            <value>151.2089918092190100</value>
          </Data>
        </ExtendedData>
        <Point>
          <coordinates>
            151.208991809219,-33.8390847,0
          </coordinates>
        </Point>
      </Placemark>
      <Placemark>
        <name>Arthur Street</name>
        <description><![CDATA[Machine Id: NSDAVRTLTNG0299-AU<br>Model: Touch N Go<br>Latitude: -33.83812975<br>Longitude: 151.2101445941247800]]></description>
        <styleUrl>#icon-1899-0288D1</styleUrl>
        <ExtendedData>
          <Data name="Machine Id">
            <value>NSDAVRTLTNG0299-AU</value>
          </Data>
          <Data name="Model">
            <value>Touch N Go</value>
          </Data>
          <Data name="Latitude">
            <value>-33.83812975</value>
          </Data>
          <Data name="Longitude">
            <value>151.2101445941247800</value>
          </Data>
        </ExtendedData>
        <Point>
          <coordinates>
            151.210144594125,-33.83812975,0
          </coordinates>
        </Point>
      </Placemark>
      <Placemark>
        <name>Walker Street</name>
        <description><![CDATA[Machine Id: NSDAVRTLTNG0300-AU<br>Model: Touch N Go<br>Latitude: -33.83804777<br>Longitude: 151.2090840182566200]]></description>
        <styleUrl>#icon-1899-0288D1</styleUrl>
        <ExtendedData>
          <Data name="Machine Id">
            <value>NSDAVRTLTNG0300-AU</value>
          </Data>
          <Data name="Model">
            <value>Touch N Go</value>
          </Data>
          <Data name="Latitude">
            <value>-33.83804777</value>
          </Data>
          <Data name="Longitude">
            <value>151.2090840182566200</value>
          </Data>
        </ExtendedData>
        <Point>
          <coordinates>
            151.209084018257,-33.83804777,0
          </coordinates>
        </Point>
      </Placemark>
      <Placemark>
        <name>William Street</name>
        <description><![CDATA[Machine Id: NSDAVRTLTNG0301-AU<br>Model: Touch N Go<br>Latitude: -33.83914641<br>Longitude: 151.2059049364153200]]></description>
        <styleUrl>#icon-1899-0288D1</styleUrl>
        <ExtendedData>
          <Data name="Machine Id">
            <value>NSDAVRTLTNG0301-AU</value>
          </Data>
          <Data name="Model">
            <value>Touch N Go</value>
          </Data>
          <Data name="Latitude">
            <value>-33.83914641</value>
          </Data>
          <Data name="Longitude">
            <value>151.2059049364153200</value>
          </Data>
        </ExtendedData>
        <Point>
          <coordinates>
            151.205904936415,-33.83914641,0
          </coordinates>
        </Point>
      </Placemark>
      <Placemark>
        <name>William Street</name>
        <description><![CDATA[Machine Id: NSDAVRTLTNG0302-AU<br>Model: Touch N Go<br>Latitude: -33.84050171<br>Longitude: 151.2056320232554200]]></description>
        <styleUrl>#icon-1899-0288D1</styleUrl>
        <ExtendedData>
          <Data name="Machine Id">
            <value>NSDAVRTLTNG0302-AU</value>
          </Data>
          <Data name="Model">
            <value>Touch N Go</value>
          </Data>
          <Data name="Latitude">
            <value>-33.84050171</value>
          </Data>
          <Data name="Longitude">
            <value>151.2056320232554200</value>
          </Data>
        </ExtendedData>
        <Point>
          <coordinates>
            151.205632023255,-33.84050171,0
          </coordinates>
        </Point>
      </Placemark>
      <Placemark>
        <name>William Street</name>
        <description><![CDATA[Machine Id: NSDAVRTLTNG0303-AU<br>Model: Touch N Go<br>Latitude: -33.84201853<br>Longitude: 151.2053200484434400]]></description>
        <styleUrl>#icon-1899-0288D1</styleUrl>
        <ExtendedData>
          <Data name="Machine Id">
            <value>NSDAVRTLTNG0303-AU</value>
          </Data>
          <Data name="Model">
            <value>Touch N Go</value>
          </Data>
          <Data name="Latitude">
            <value>-33.84201853</value>
          </Data>
          <Data name="Longitude">
            <value>151.2053200484434400</value>
          </Data>
        </ExtendedData>
        <Point>
          <coordinates>
            151.205320048443,-33.84201853,0
          </coordinates>
        </Point>
      </Placemark>
      <Placemark>
        <name>Blues Point Road</name>
        <description><![CDATA[Machine Id: NSDAVRTLTNG0304-AU<br>Model: Touch N Go<br>Latitude: -33.84218394<br>Longitude: 151.2054005971593000]]></description>
        <styleUrl>#icon-1899-0288D1</styleUrl>
        <ExtendedData>
          <Data name="Machine Id">
            <value>NSDAVRTLTNG0304-AU</value>
          </Data>
          <Data name="Model">
            <value>Touch N Go</value>
          </Data>
          <Data name="Latitude">
            <value>-33.84218394</value>
          </Data>
          <Data name="Longitude">
            <value>151.2054005971593000</value>
          </Data>
        </ExtendedData>
        <Point>
          <coordinates>
            151.205400597159,-33.84218394,0
          </coordinates>
        </Point>
      </Placemark>
      <Placemark>
        <name>Blues Point Road</name>
        <description><![CDATA[Machine Id: NSDAVRTLTNG0305-AU<br>Model: Touch N Go<br>Latitude: -33.84118806<br>Longitude: 151.2063185076561000]]></description>
        <styleUrl>#icon-1899-0288D1</styleUrl>
        <ExtendedData>
          <Data name="Machine Id">
            <value>NSDAVRTLTNG0305-AU</value>
          </Data>
          <Data name="Model">
            <value>Touch N Go</value>
          </Data>
          <Data name="Latitude">
            <value>-33.84118806</value>
          </Data>
          <Data name="Longitude">
            <value>151.2063185076561000</value>
          </Data>
        </ExtendedData>
        <Point>
          <coordinates>
            151.206318507656,-33.84118806,0
          </coordinates>
        </Point>
      </Placemark>
      <Placemark>
        <name>Blue Street</name>
        <description><![CDATA[Machine Id: NSDAVRTLTNG0306-AU<br>Model: Touch N Go<br>Latitude: -33.84068559<br>Longitude: 151.2059520621656600]]></description>
        <styleUrl>#icon-1899-0288D1</styleUrl>
        <ExtendedData>
          <Data name="Machine Id">
            <value>NSDAVRTLTNG0306-AU</value>
          </Data>
          <Data name="Model">
            <value>Touch N Go</value>
          </Data>
          <Data name="Latitude">
            <value>-33.84068559</value>
          </Data>
          <Data name="Longitude">
            <value>151.2059520621656600</value>
          </Data>
        </ExtendedData>
        <Point>
          <coordinates>
            151.205952062166,-33.84068559,0
          </coordinates>
        </Point>
      </Placemark>
      <Placemark>
        <name>Miller Street</name>
        <description><![CDATA[Machine Id: NSDAVRTLTNG0307-AU<br>Model: Touch N Go<br>Latitude: -33.84026326<br>Longitude: 151.2065309837469000]]></description>
        <styleUrl>#icon-1899-0288D1</styleUrl>
        <ExtendedData>
          <Data name="Machine Id">
            <value>NSDAVRTLTNG0307-AU</value>
          </Data>
          <Data name="Model">
            <value>Touch N Go</value>
          </Data>
          <Data name="Latitude">
            <value>-33.84026326</value>
          </Data>
          <Data name="Longitude">
            <value>151.2065309837469000</value>
          </Data>
        </ExtendedData>
        <Point>
          <coordinates>
            151.206530983747,-33.84026326,0
          </coordinates>
        </Point>
      </Placemark>
      <Placemark>
        <name>Miller Street</name>
        <description><![CDATA[Machine Id: NSDAVRTLTNG0308-AU<br>Model: Touch N Go<br>Latitude: -33.84037568<br>Longitude: 151.2066302236020200]]></description>
        <styleUrl>#icon-1899-0288D1</styleUrl>
        <ExtendedData>
          <Data name="Machine Id">
            <value>NSDAVRTLTNG0308-AU</value>
          </Data>
          <Data name="Model">
            <value>Touch N Go</value>
          </Data>
          <Data name="Latitude">
            <value>-33.84037568</value>
          </Data>
          <Data name="Longitude">
            <value>151.2066302236020200</value>
          </Data>
        </ExtendedData>
        <Point>
          <coordinates>
            151.206630223602,-33.84037568,0
          </coordinates>
        </Point>
      </Placemark>
      <Placemark>
        <name>Blue Street</name>
        <description><![CDATA[Machine Id: NSDAVRTLTNG0309-AU<br>Model: Touch N Go<br>Latitude: -33.84075813<br>Longitude: 151.2066767424848600]]></description>
        <styleUrl>#icon-1899-0288D1</styleUrl>
        <ExtendedData>
          <Data name="Machine Id">
            <value>NSDAVRTLTNG0309-AU</value>
          </Data>
          <Data name="Model">
            <value>Touch N Go</value>
          </Data>
          <Data name="Latitude">
            <value>-33.84075813</value>
          </Data>
          <Data name="Longitude">
            <value>151.2066767424848600</value>
          </Data>
        </ExtendedData>
        <Point>
          <coordinates>
            151.206676742485,-33.84075813,0
          </coordinates>
        </Point>
      </Placemark>
      <Placemark>
        <name>Blue Street</name>
        <description><![CDATA[Machine Id: NSDAVRTLTNG0310-AU<br>Model: Touch N Go<br>Latitude: -33.84093521<br>Longitude: 151.2078805544580000]]></description>
        <styleUrl>#icon-1899-0288D1</styleUrl>
        <ExtendedData>
          <Data name="Machine Id">
            <value>NSDAVRTLTNG0310-AU</value>
          </Data>
          <Data name="Model">
            <value>Touch N Go</value>
          </Data>
          <Data name="Latitude">
            <value>-33.84093521</value>
          </Data>
          <Data name="Longitude">
            <value>151.2078805544580000</value>
          </Data>
        </ExtendedData>
        <Point>
          <coordinates>
            151.207880554458,-33.84093521,0
          </coordinates>
        </Point>
      </Placemark>
      <Placemark>
        <name>Pacific Highway</name>
        <description><![CDATA[Machine Id: NSDAVRTLTNG0311-AU<br>Model: Touch N Go<br>Latitude: -33.8377079<br>Longitude: 151.2062653575459000]]></description>
        <styleUrl>#icon-1899-0288D1</styleUrl>
        <ExtendedData>
          <Data name="Machine Id">
            <value>NSDAVRTLTNG0311-AU</value>
          </Data>
          <Data name="Model">
            <value>Touch N Go</value>
          </Data>
          <Data name="Latitude">
            <value>-33.8377079</value>
          </Data>
          <Data name="Longitude">
            <value>151.2062653575459000</value>
          </Data>
        </ExtendedData>
        <Point>
          <coordinates>
            151.206265357546,-33.8377079,0
          </coordinates>
        </Point>
      </Placemark>
      <Placemark>
        <name>Pacific Highway</name>
        <description><![CDATA[Machine Id: NSDAVRTLTNG0312-AU<br>Model: Touch N Go<br>Latitude: -33.83653248<br>Longitude: 151.2056065451514000]]></description>
        <styleUrl>#icon-1899-0288D1</styleUrl>
        <ExtendedData>
          <Data name="Machine Id">
            <value>NSDAVRTLTNG0312-AU</value>
          </Data>
          <Data name="Model">
            <value>Touch N Go</value>
          </Data>
          <Data name="Latitude">
            <value>-33.83653248</value>
          </Data>
          <Data name="Longitude">
            <value>151.2056065451514000</value>
          </Data>
        </ExtendedData>
        <Point>
          <coordinates>
            151.205606545151,-33.83653248,0
          </coordinates>
        </Point>
      </Placemark>
      <Placemark>
        <name>Doohat Avenue</name>
        <description><![CDATA[Machine Id: NSDAVRTLTNG0313-AU<br>Model: Touch N Go<br>Latitude: -33.83595265<br>Longitude: 151.2050946614711000]]></description>
        <styleUrl>#icon-1899-0288D1</styleUrl>
        <ExtendedData>
          <Data name="Machine Id">
            <value>NSDAVRTLTNG0313-AU</value>
          </Data>
          <Data name="Model">
            <value>Touch N Go</value>
          </Data>
          <Data name="Latitude">
            <value>-33.83595265</value>
          </Data>
          <Data name="Longitude">
            <value>151.2050946614711000</value>
          </Data>
        </ExtendedData>
        <Point>
          <coordinates>
            151.205094661471,-33.83595265,0
          </coordinates>
        </Point>
      </Placemark>
      <Placemark>
        <name>Bay Road</name>
        <description><![CDATA[Machine Id: NSDAVRTLTNG0314-AU<br>Model: Touch N Go<br>Latitude: -33.83517591<br>Longitude: 151.2047460579138000]]></description>
        <styleUrl>#icon-1899-0288D1</styleUrl>
        <ExtendedData>
          <Data name="Machine Id">
            <value>NSDAVRTLTNG0314-AU</value>
          </Data>
          <Data name="Model">
            <value>Touch N Go</value>
          </Data>
          <Data name="Latitude">
            <value>-33.83517591</value>
          </Data>
          <Data name="Longitude">
            <value>151.2047460579138000</value>
          </Data>
        </ExtendedData>
        <Point>
          <coordinates>
            151.204746057914,-33.83517591,0
          </coordinates>
        </Point>
      </Placemark>
      <Placemark>
        <name>Edward Street</name>
        <description><![CDATA[Machine Id: NSDAVRTLTNG0315-AU<br>Model: Touch N Go<br>Latitude: -33.83597793<br>Longitude: 151.2035796347980200]]></description>
        <styleUrl>#icon-1899-0288D1</styleUrl>
        <ExtendedData>
          <Data name="Machine Id">
            <value>NSDAVRTLTNG0315-AU</value>
          </Data>
          <Data name="Model">
            <value>Touch N Go</value>
          </Data>
          <Data name="Latitude">
            <value>-33.83597793</value>
          </Data>
          <Data name="Longitude">
            <value>151.2035796347980200</value>
          </Data>
        </ExtendedData>
        <Point>
          <coordinates>
            151.203579634798,-33.83597793,0
          </coordinates>
        </Point>
      </Placemark>
      <Placemark>
        <name>Berry Street</name>
        <description><![CDATA[Machine Id: NSDAVRTLTNG0316-AU<br>Model: Touch N Go<br>Latitude: -33.83691537<br>Longitude: 151.2041701154450000]]></description>
        <styleUrl>#icon-1899-0288D1</styleUrl>
        <ExtendedData>
          <Data name="Machine Id">
            <value>NSDAVRTLTNG0316-AU</value>
          </Data>
          <Data name="Model">
            <value>Touch N Go</value>
          </Data>
          <Data name="Latitude">
            <value>-33.83691537</value>
          </Data>
          <Data name="Longitude">
            <value>151.2041701154450000</value>
          </Data>
        </ExtendedData>
        <Point>
          <coordinates>
            151.204170115445,-33.83691537,0
          </coordinates>
        </Point>
      </Placemark>
      <Placemark>
        <name>Berry Street</name>
        <description><![CDATA[Machine Id: NSDAVRTLTNG0317-AU<br>Model: Touch N Go<br>Latitude: -33.83689435<br>Longitude: 151.2048340045250300]]></description>
        <styleUrl>#icon-1899-0288D1</styleUrl>
        <ExtendedData>
          <Data name="Machine Id">
            <value>NSDAVRTLTNG0317-AU</value>
          </Data>
          <Data name="Model">
            <value>Touch N Go</value>
          </Data>
          <Data name="Latitude">
            <value>-33.83689435</value>
          </Data>
          <Data name="Longitude">
            <value>151.2048340045250300</value>
          </Data>
        </ExtendedData>
        <Point>
          <coordinates>
            151.204834004525,-33.83689435,0
          </coordinates>
        </Point>
      </Placemark>
      <Placemark>
        <name>Napier Street</name>
        <description><![CDATA[Machine Id: NSDAVRTLTNG0318-AU<br>Model: Touch N Go<br>Latitude: -33.83716575<br>Longitude: 151.2053107495973700]]></description>
        <styleUrl>#icon-1899-0288D1</styleUrl>
        <ExtendedData>
          <Data name="Machine Id">
            <value>NSDAVRTLTNG0318-AU</value>
          </Data>
          <Data name="Model">
            <value>Touch N Go</value>
          </Data>
          <Data name="Latitude">
            <value>-33.83716575</value>
          </Data>
          <Data name="Longitude">
            <value>151.2053107495973700</value>
          </Data>
        </ExtendedData>
        <Point>
          <coordinates>
            151.205310749597,-33.83716575,0
          </coordinates>
        </Point>
      </Placemark>
      <Placemark>
        <name>Pacific Highway</name>
        <description><![CDATA[Machine Id: NSDAVRTLTNG0319-AU<br>Model: Touch N Go<br>Latitude: -33.83789131<br>Longitude: 151.2061450867953200]]></description>
        <styleUrl>#icon-1899-0288D1</styleUrl>
        <ExtendedData>
          <Data name="Machine Id">
            <value>NSDAVRTLTNG0319-AU</value>
          </Data>
          <Data name="Model">
            <value>Touch N Go</value>
          </Data>
          <Data name="Latitude">
            <value>-33.83789131</value>
          </Data>
          <Data name="Longitude">
            <value>151.2061450867953200</value>
          </Data>
        </ExtendedData>
        <Point>
          <coordinates>
            151.206145086795,-33.83789131,0
          </coordinates>
        </Point>
      </Placemark>
      <Placemark>
        <name>Pacific Highway</name>
        <description><![CDATA[Machine Id: NSDAVRTLTNG0320-AU<br>Model: Touch N Go<br>Latitude: -33.83851501<br>Longitude: 151.2065655173675800]]></description>
        <styleUrl>#icon-1899-0288D1</styleUrl>
        <ExtendedData>
          <Data name="Machine Id">
            <value>NSDAVRTLTNG0320-AU</value>
          </Data>
          <Data name="Model">
            <value>Touch N Go</value>
          </Data>
          <Data name="Latitude">
            <value>-33.83851501</value>
          </Data>
          <Data name="Longitude">
            <value>151.2065655173675800</value>
          </Data>
        </ExtendedData>
        <Point>
          <coordinates>
            151.206565517368,-33.83851501,0
          </coordinates>
        </Point>
      </Placemark>
      <Placemark>
        <name>William Street</name>
        <description><![CDATA[Machine Id: NSDAVRTLTNG0321-AU<br>Model: Touch N Go<br>Latitude: -33.83808055<br>Longitude: 151.2061879118579700]]></description>
        <styleUrl>#icon-1899-0288D1</styleUrl>
        <ExtendedData>
          <Data name="Machine Id">
            <value>NSDAVRTLTNG0321-AU</value>
          </Data>
          <Data name="Model">
            <value>Touch N Go</value>
          </Data>
          <Data name="Latitude">
            <value>-33.83808055</value>
          </Data>
          <Data name="Longitude">
            <value>151.2061879118579700</value>
          </Data>
        </ExtendedData>
        <Point>
          <coordinates>
            151.206187911858,-33.83808055,0
          </coordinates>
        </Point>
      </Placemark>
      <Placemark>
        <name>Mount Street</name>
        <description><![CDATA[Machine Id: NSDAVRTLTNG0322-AU<br>Model: Touch N Go<br>Latitude: -33.83855109<br>Longitude: 151.2052433547599400]]></description>
        <styleUrl>#icon-1899-0288D1</styleUrl>
        <ExtendedData>
          <Data name="Machine Id">
            <value>NSDAVRTLTNG0322-AU</value>
          </Data>
          <Data name="Model">
            <value>Touch N Go</value>
          </Data>
          <Data name="Latitude">
            <value>-33.83855109</value>
          </Data>
          <Data name="Longitude">
            <value>151.2052433547599400</value>
          </Data>
        </ExtendedData>
        <Point>
          <coordinates>
            151.20524335476,-33.83855109,0
          </coordinates>
        </Point>
      </Placemark>
      <Placemark>
        <name>Oak Street</name>
        <description><![CDATA[Machine Id: NSDAVRTLTNG0323-AU<br>Model: Touch N Go<br>Latitude: -33.83772517<br>Longitude: 151.2046076683345700]]></description>
        <styleUrl>#icon-1899-0288D1</styleUrl>
        <ExtendedData>
          <Data name="Machine Id">
            <value>NSDAVRTLTNG0323-AU</value>
          </Data>
          <Data name="Model">
            <value>Touch N Go</value>
          </Data>
          <Data name="Latitude">
            <value>-33.83772517</value>
          </Data>
          <Data name="Longitude">
            <value>151.2046076683345700</value>
          </Data>
        </ExtendedData>
        <Point>
          <coordinates>
            151.204607668335,-33.83772517,0
          </coordinates>
        </Point>
      </Placemark>
      <Placemark>
        <name>Mount Street</name>
        <description><![CDATA[Machine Id: NSDAVRTLTNG0324-AU<br>Model: Touch N Go<br>Latitude: -33.83854586<br>Longitude: 151.2046198445667000]]></description>
        <styleUrl>#icon-1899-0288D1</styleUrl>
        <ExtendedData>
          <Data name="Machine Id">
            <value>NSDAVRTLTNG0324-AU</value>
          </Data>
          <Data name="Model">
            <value>Touch N Go</value>
          </Data>
          <Data name="Latitude">
            <value>-33.83854586</value>
          </Data>
          <Data name="Longitude">
            <value>151.2046198445667000</value>
          </Data>
        </ExtendedData>
        <Point>
          <coordinates>
            151.204619844567,-33.83854586,0
          </coordinates>
        </Point>
      </Placemark>
      <Placemark>
        <name>Lord Street</name>
        <description><![CDATA[Machine Id: NSDAVRTLTNG0325-AU<br>Model: Touch N Go<br>Latitude: -33.83899621<br>Longitude: 151.2036907718797600]]></description>
        <styleUrl>#icon-1899-0288D1</styleUrl>
        <ExtendedData>
          <Data name="Machine Id">
            <value>NSDAVRTLTNG0325-AU</value>
          </Data>
          <Data name="Model">
            <value>Touch N Go</value>
          </Data>
          <Data name="Latitude">
            <value>-33.83899621</value>
          </Data>
          <Data name="Longitude">
            <value>151.2036907718797600</value>
          </Data>
        </ExtendedData>
        <Point>
          <coordinates>
            151.20369077188,-33.83899621,0
          </coordinates>
        </Point>
      </Placemark>
      <Placemark>
        <name>Short Street</name>
        <description><![CDATA[Machine Id: NSDAVRTLTNG0326-AU<br>Model: Touch N Go<br>Latitude: -33.83883845<br>Longitude: 151.2030371301095000]]></description>
        <styleUrl>#icon-1899-0288D1</styleUrl>
        <ExtendedData>
          <Data name="Machine Id">
            <value>NSDAVRTLTNG0326-AU</value>
          </Data>
          <Data name="Model">
            <value>Touch N Go</value>
          </Data>
          <Data name="Latitude">
            <value>-33.83883845</value>
          </Data>
          <Data name="Longitude">
            <value>151.2030371301095000</value>
          </Data>
        </ExtendedData>
        <Point>
          <coordinates>
            151.203037130109,-33.83883845,0
          </coordinates>
        </Point>
      </Placemark>
      <Placemark>
        <name>Ward Street</name>
        <description><![CDATA[Machine Id: NSDAVRTLTNG0327-AU<br>Model: Touch N Go<br>Latitude: -33.83649169<br>Longitude: 151.2084824548761600]]></description>
        <styleUrl>#icon-1899-0288D1</styleUrl>
        <ExtendedData>
          <Data name="Machine Id">
            <value>NSDAVRTLTNG0327-AU</value>
          </Data>
          <Data name="Model">
            <value>Touch N Go</value>
          </Data>
          <Data name="Latitude">
            <value>-33.83649169</value>
          </Data>
          <Data name="Longitude">
            <value>151.2084824548761600</value>
          </Data>
        </ExtendedData>
        <Point>
          <coordinates>
            151.208482454876,-33.83649169,0
          </coordinates>
        </Point>
      </Placemark>
      <Placemark>
        <name>Little Spring Street</name>
        <description><![CDATA[Machine Id: NSDAVRTLTNG0328-AU<br>Model: Touch N Go<br>Latitude: -33.83724701<br>Longitude: 151.2085964686585600]]></description>
        <styleUrl>#icon-1899-0288D1</styleUrl>
        <ExtendedData>
          <Data name="Machine Id">
            <value>NSDAVRTLTNG0328-AU</value>
          </Data>
          <Data name="Model">
            <value>Touch N Go</value>
          </Data>
          <Data name="Latitude">
            <value>-33.83724701</value>
          </Data>
          <Data name="Longitude">
            <value>151.2085964686585600</value>
          </Data>
        </ExtendedData>
        <Point>
          <coordinates>
            151.208596468659,-33.83724701,0
          </coordinates>
        </Point>
      </Placemark>
      <Placemark>
        <name>Denison Street</name>
        <description><![CDATA[Machine Id: NSDAVRTLTNG0329-AU<br>Model: Touch N Go<br>Latitude: -33.83731846<br>Longitude: 151.2081734979995000]]></description>
        <styleUrl>#icon-1899-0288D1</styleUrl>
        <ExtendedData>
          <Data name="Machine Id">
            <value>NSDAVRTLTNG0329-AU</value>
          </Data>
          <Data name="Model">
            <value>Touch N Go</value>
          </Data>
          <Data name="Latitude">
            <value>-33.83731846</value>
          </Data>
          <Data name="Longitude">
            <value>151.2081734979995000</value>
          </Data>
        </ExtendedData>
        <Point>
          <coordinates>
            151.208173497999,-33.83731846,0
          </coordinates>
        </Point>
      </Placemark>
      <Placemark>
        <name>Alfred Street South</name>
        <description><![CDATA[Machine Id: NSDAVRTLTNG0330-AU<br>Model: Touch N Go<br>Latitude: -33.84900686<br>Longitude: 151.2119187838965200]]></description>
        <styleUrl>#icon-1899-0288D1</styleUrl>
        <ExtendedData>
          <Data name="Machine Id">
            <value>NSDAVRTLTNG0330-AU</value>
          </Data>
          <Data name="Model">
            <value>Touch N Go</value>
          </Data>
          <Data name="Latitude">
            <value>-33.84900686</value>
          </Data>
          <Data name="Longitude">
            <value>151.2119187838965200</value>
          </Data>
        </ExtendedData>
        <Point>
          <coordinates>
            151.211918783897,-33.84900686,0
          </coordinates>
        </Point>
      </Placemark>
      <Placemark>
        <name>Alfred Street South</name>
        <description><![CDATA[Machine Id: NSDAVRTLTNG0331-AU<br>Model: Touch N Go<br>Latitude: -33.84783622<br>Longitude: 151.2116847632467000]]></description>
        <styleUrl>#icon-1899-0288D1</styleUrl>
        <ExtendedData>
          <Data name="Machine Id">
            <value>NSDAVRTLTNG0331-AU</value>
          </Data>
          <Data name="Model">
            <value>Touch N Go</value>
          </Data>
          <Data name="Latitude">
            <value>-33.84783622</value>
          </Data>
          <Data name="Longitude">
            <value>151.2116847632467000</value>
          </Data>
        </ExtendedData>
        <Point>
          <coordinates>
            151.211684763247,-33.84783622,0
          </coordinates>
        </Point>
      </Placemark>
      <Placemark>
        <name>Whaling Road</name>
        <description><![CDATA[Machine Id: NSDAVRTLTNG0332-AU<br>Model: Touch N Go<br>Latitude: -33.84065368<br>Longitude: 151.2113037197128200]]></description>
        <styleUrl>#icon-1899-0288D1</styleUrl>
        <ExtendedData>
          <Data name="Machine Id">
            <value>NSDAVRTLTNG0332-AU</value>
          </Data>
          <Data name="Model">
            <value>Touch N Go</value>
          </Data>
          <Data name="Latitude">
            <value>-33.84065368</value>
          </Data>
          <Data name="Longitude">
            <value>151.2113037197128200</value>
          </Data>
        </ExtendedData>
        <Point>
          <coordinates>
            151.211303719713,-33.84065368,0
          </coordinates>
        </Point>
      </Placemark>
      <Placemark>
        <name>Alfred Street South</name>
        <description><![CDATA[Machine Id: NSDAVRTLTNG0333-AU<br>Model: Touch N Go<br>Latitude: -33.84539422<br>Longitude: 151.2113154345346000]]></description>
        <styleUrl>#icon-1899-0288D1</styleUrl>
        <ExtendedData>
          <Data name="Machine Id">
            <value>NSDAVRTLTNG0333-AU</value>
          </Data>
          <Data name="Model">
            <value>Touch N Go</value>
          </Data>
          <Data name="Latitude">
            <value>-33.84539422</value>
          </Data>
          <Data name="Longitude">
            <value>151.2113154345346000</value>
          </Data>
        </ExtendedData>
        <Point>
          <coordinates>
            151.211315434535,-33.84539422,0
          </coordinates>
        </Point>
      </Placemark>
      <Placemark>
        <name>Alfred Street South</name>
        <description><![CDATA[Machine Id: NSDAVRTLTNG0334-AU<br>Model: Touch N Go<br>Latitude: -33.84504021<br>Longitude: 151.2110755724541000]]></description>
        <styleUrl>#icon-1899-0288D1</styleUrl>
        <ExtendedData>
          <Data name="Machine Id">
            <value>NSDAVRTLTNG0334-AU</value>
          </Data>
          <Data name="Model">
            <value>Touch N Go</value>
          </Data>
          <Data name="Latitude">
            <value>-33.84504021</value>
          </Data>
          <Data name="Longitude">
            <value>151.2110755724541000</value>
          </Data>
        </ExtendedData>
        <Point>
          <coordinates>
            151.211075572454,-33.84504021,0
          </coordinates>
        </Point>
      </Placemark>
      <Placemark>
        <name>Alfred Street South</name>
        <description><![CDATA[Machine Id: NSDAVRTLTNG0335-AU<br>Model: Touch N Go<br>Latitude: -33.84663514<br>Longitude: 151.2113998619365700]]></description>
        <styleUrl>#icon-1899-0288D1</styleUrl>
        <ExtendedData>
          <Data name="Machine Id">
            <value>NSDAVRTLTNG0335-AU</value>
          </Data>
          <Data name="Model">
            <value>Touch N Go</value>
          </Data>
          <Data name="Latitude">
            <value>-33.84663514</value>
          </Data>
          <Data name="Longitude">
            <value>151.2113998619365700</value>
          </Data>
        </ExtendedData>
        <Point>
          <coordinates>
            151.211399861937,-33.84663514,0
          </coordinates>
        </Point>
      </Placemark>
      <Placemark>
        <name>Alfred Street South</name>
        <description><![CDATA[Machine Id: NSDAVRTLTNG0336-AU<br>Model: Touch N Go<br>Latitude: -33.84659469<br>Longitude: 151.2114728653745000]]></description>
        <styleUrl>#icon-1899-0288D1</styleUrl>
        <ExtendedData>
          <Data name="Machine Id">
            <value>NSDAVRTLTNG0336-AU</value>
          </Data>
          <Data name="Model">
            <value>Touch N Go</value>
          </Data>
          <Data name="Latitude">
            <value>-33.84659469</value>
          </Data>
          <Data name="Longitude">
            <value>151.2114728653745000</value>
          </Data>
        </ExtendedData>
        <Point>
          <coordinates>
            151.211472865375,-33.84659469,0
          </coordinates>
        </Point>
      </Placemark>
      <Placemark>
        <name>Alfred Street South</name>
        <description><![CDATA[Machine Id: NSDAVRTLTNG0337-AU<br>Model: Touch N Go<br>Latitude: -33.84845017<br>Longitude: 151.2116721966483500]]></description>
        <styleUrl>#icon-1899-0288D1</styleUrl>
        <ExtendedData>
          <Data name="Machine Id">
            <value>NSDAVRTLTNG0337-AU</value>
          </Data>
          <Data name="Model">
            <value>Touch N Go</value>
          </Data>
          <Data name="Latitude">
            <value>-33.84845017</value>
          </Data>
          <Data name="Longitude">
            <value>151.2116721966483500</value>
          </Data>
        </ExtendedData>
        <Point>
          <coordinates>
            151.211672196648,-33.84845017,0
          </coordinates>
        </Point>
      </Placemark>
      <Placemark>
        <name>Middlemiss Street</name>
        <description><![CDATA[Machine Id: NSDAVRTLTNG0338-AU<br>Model: Touch N Go<br>Latitude: -33.84309798<br>Longitude: 151.2104144052948400]]></description>
        <styleUrl>#icon-1899-0288D1</styleUrl>
        <ExtendedData>
          <Data name="Machine Id">
            <value>NSDAVRTLTNG0338-AU</value>
          </Data>
          <Data name="Model">
            <value>Touch N Go</value>
          </Data>
          <Data name="Latitude">
            <value>-33.84309798</value>
          </Data>
          <Data name="Longitude">
            <value>151.2104144052948400</value>
          </Data>
        </ExtendedData>
        <Point>
          <coordinates>
            151.210414405295,-33.84309798,0
          </coordinates>
        </Point>
      </Placemark>
      <Placemark>
        <name>Middlemiss Street</name>
        <description><![CDATA[Machine Id: NSDAVRTLTNG0339-AU<br>Model: Touch N Go<br>Latitude: -33.84211063<br>Longitude: 151.2094903842471000]]></description>
        <styleUrl>#icon-1899-0288D1</styleUrl>
        <ExtendedData>
          <Data name="Machine Id">
            <value>NSDAVRTLTNG0339-AU</value>
          </Data>
          <Data name="Model">
            <value>Touch N Go</value>
          </Data>
          <Data name="Latitude">
            <value>-33.84211063</value>
          </Data>
          <Data name="Longitude">
            <value>151.2094903842471000</value>
          </Data>
        </ExtendedData>
        <Point>
          <coordinates>
            151.209490384247,-33.84211063,0
          </coordinates>
        </Point>
      </Placemark>
      <Placemark>
        <name>Lavender Street</name>
        <description><![CDATA[Machine Id: NSDAVRTLTNG0340-AU<br>Model: Touch N Go<br>Latitude: -33.84349487<br>Longitude: 151.2098419228220500]]></description>
        <styleUrl>#icon-1899-0288D1</styleUrl>
        <ExtendedData>
          <Data name="Machine Id">
            <value>NSDAVRTLTNG0340-AU</value>
          </Data>
          <Data name="Model">
            <value>Touch N Go</value>
          </Data>
          <Data name="Latitude">
            <value>-33.84349487</value>
          </Data>
          <Data name="Longitude">
            <value>151.2098419228220500</value>
          </Data>
        </ExtendedData>
        <Point>
          <coordinates>
            151.209841922822,-33.84349487,0
          </coordinates>
        </Point>
      </Placemark>
      <Placemark>
        <name>Harbourview Crescent</name>
        <description><![CDATA[Machine Id: NSDAVRTLTNG0341-AU<br>Model: Touch N Go<br>Latitude: -33.84407832<br>Longitude: 151.2094247514658300]]></description>
        <styleUrl>#icon-1899-0288D1</styleUrl>
        <ExtendedData>
          <Data name="Machine Id">
            <value>NSDAVRTLTNG0341-AU</value>
          </Data>
          <Data name="Model">
            <value>Touch N Go</value>
          </Data>
          <Data name="Latitude">
            <value>-33.84407832</value>
          </Data>
          <Data name="Longitude">
            <value>151.2094247514658300</value>
          </Data>
        </ExtendedData>
        <Point>
          <coordinates>
            151.209424751466,-33.84407832,0
          </coordinates>
        </Point>
      </Placemark>
      <Placemark>
        <name>Cliff Street</name>
        <description><![CDATA[Machine Id: NSDAVRTLTNG0342-AU<br>Model: Touch N Go<br>Latitude: -33.84424758<br>Longitude: 151.2102466836688000]]></description>
        <styleUrl>#icon-1899-0288D1</styleUrl>
        <ExtendedData>
          <Data name="Machine Id">
            <value>NSDAVRTLTNG0342-AU</value>
          </Data>
          <Data name="Model">
            <value>Touch N Go</value>
          </Data>
          <Data name="Latitude">
            <value>-33.84424758</value>
          </Data>
          <Data name="Longitude">
            <value>151.2102466836688000</value>
          </Data>
        </ExtendedData>
        <Point>
          <coordinates>
            151.210246683669,-33.84424758,0
          </coordinates>
        </Point>
      </Placemark>
      <Placemark>
        <name>Cliff Street</name>
        <description><![CDATA[Machine Id: NSDAVRTLTNG0343-AU<br>Model: Touch N Go<br>Latitude: -33.84567489<br>Longitude: 151.2108325736862000]]></description>
        <styleUrl>#icon-1899-0288D1</styleUrl>
        <ExtendedData>
          <Data name="Machine Id">
            <value>NSDAVRTLTNG0343-AU</value>
          </Data>
          <Data name="Model">
            <value>Touch N Go</value>
          </Data>
          <Data name="Latitude">
            <value>-33.84567489</value>
          </Data>
          <Data name="Longitude">
            <value>151.2108325736862000</value>
          </Data>
        </ExtendedData>
        <Point>
          <coordinates>
            151.210832573686,-33.84567489,0
          </coordinates>
        </Point>
      </Placemark>
      <Placemark>
        <name>Glen Street</name>
        <description><![CDATA[Machine Id: NSDAVRTLTNG0344-AU<br>Model: Touch N Go<br>Latitude: -33.84605319<br>Longitude: 151.2109037377328800]]></description>
        <styleUrl>#icon-1899-0288D1</styleUrl>
        <ExtendedData>
          <Data name="Machine Id">
            <value>NSDAVRTLTNG0344-AU</value>
          </Data>
          <Data name="Model">
            <value>Touch N Go</value>
          </Data>
          <Data name="Latitude">
            <value>-33.84605319</value>
          </Data>
          <Data name="Longitude">
            <value>151.2109037377328800</value>
          </Data>
        </ExtendedData>
        <Point>
          <coordinates>
            151.210903737733,-33.84605319,0
          </coordinates>
        </Point>
      </Placemark>
      <Placemark>
        <name>Glen Street</name>
        <description><![CDATA[Machine Id: NSDAVRTLTNG0345-AU<br>Model: Touch N Go<br>Latitude: -33.84742927<br>Longitude: 151.2106758581804500]]></description>
        <styleUrl>#icon-1899-0288D1</styleUrl>
        <ExtendedData>
          <Data name="Machine Id">
            <value>NSDAVRTLTNG0345-AU</value>
          </Data>
          <Data name="Model">
            <value>Touch N Go</value>
          </Data>
          <Data name="Latitude">
            <value>-33.84742927</value>
          </Data>
          <Data name="Longitude">
            <value>151.2106758581804500</value>
          </Data>
        </ExtendedData>
        <Point>
          <coordinates>
            151.21067585818,-33.84742927,0
          </coordinates>
        </Point>
      </Placemark>
      <Placemark>
        <name>Glen Street</name>
        <description><![CDATA[Machine Id: NSDAVRTLTNG0346-AU<br>Model: Touch N Go<br>Latitude: -33.84781137<br>Longitude: 151.2106377779258500]]></description>
        <styleUrl>#icon-1899-0288D1</styleUrl>
        <ExtendedData>
          <Data name="Machine Id">
            <value>NSDAVRTLTNG0346-AU</value>
          </Data>
          <Data name="Model">
            <value>Touch N Go</value>
          </Data>
          <Data name="Latitude">
            <value>-33.84781137</value>
          </Data>
          <Data name="Longitude">
            <value>151.2106377779258500</value>
          </Data>
        </ExtendedData>
        <Point>
          <coordinates>
            151.210637777926,-33.84781137,0
          </coordinates>
        </Point>
      </Placemark>
      <Placemark>
        <name>Northcliff Street</name>
        <description><![CDATA[Machine Id: NSDAVRTLTNG0347-AU<br>Model: Touch N Go<br>Latitude: -33.84832501<br>Longitude: 151.2110041543325600]]></description>
        <styleUrl>#icon-1899-0288D1</styleUrl>
        <ExtendedData>
          <Data name="Machine Id">
            <value>NSDAVRTLTNG0347-AU</value>
          </Data>
          <Data name="Model">
            <value>Touch N Go</value>
          </Data>
          <Data name="Latitude">
            <value>-33.84832501</value>
          </Data>
          <Data name="Longitude">
            <value>151.2110041543325600</value>
          </Data>
        </ExtendedData>
        <Point>
          <coordinates>
            151.211004154333,-33.84832501,0
          </coordinates>
        </Point>
      </Placemark>
      <Placemark>
        <name>Dind Street</name>
        <description><![CDATA[Machine Id: NSDAVRTLTNG0348-AU<br>Model: Touch N Go<br>Latitude: -33.8479043<br>Longitude: 151.2113427790659000]]></description>
        <styleUrl>#icon-1899-0288D1</styleUrl>
        <ExtendedData>
          <Data name="Machine Id">
            <value>NSDAVRTLTNG0348-AU</value>
          </Data>
          <Data name="Model">
            <value>Touch N Go</value>
          </Data>
          <Data name="Latitude">
            <value>-33.8479043</value>
          </Data>
          <Data name="Longitude">
            <value>151.2113427790659000</value>
          </Data>
        </ExtendedData>
        <Point>
          <coordinates>
            151.211342779066,-33.8479043,0
          </coordinates>
        </Point>
      </Placemark>
      <Placemark>
        <name>Olympic Drive</name>
        <description><![CDATA[Machine Id: NSDAVRTLTNG0349-AU<br>Model: Touch N Go<br>Latitude: -33.84915484<br>Longitude: 151.2137609578330700]]></description>
        <styleUrl>#icon-1899-0288D1</styleUrl>
        <ExtendedData>
          <Data name="Machine Id">
            <value>NSDAVRTLTNG0349-AU</value>
          </Data>
          <Data name="Model">
            <value>Touch N Go</value>
          </Data>
          <Data name="Latitude">
            <value>-33.84915484</value>
          </Data>
          <Data name="Longitude">
            <value>151.2137609578330700</value>
          </Data>
        </ExtendedData>
        <Point>
          <coordinates>
            151.213760957833,-33.84915484,0
          </coordinates>
        </Point>
      </Placemark>
      <Placemark>
        <name>Olympic Drive</name>
        <description><![CDATA[Machine Id: NSDAVRTLTNG0350-AU<br>Model: Touch N Go<br>Latitude: -33.84949214<br>Longitude: 151.2139224791966000]]></description>
        <styleUrl>#icon-1899-0288D1</styleUrl>
        <ExtendedData>
          <Data name="Machine Id">
            <value>NSDAVRTLTNG0350-AU</value>
          </Data>
          <Data name="Model">
            <value>Touch N Go</value>
          </Data>
          <Data name="Latitude">
            <value>-33.84949214</value>
          </Data>
          <Data name="Longitude">
            <value>151.2139224791966000</value>
          </Data>
        </ExtendedData>
        <Point>
          <coordinates>
            151.213922479197,-33.84949214,0
          </coordinates>
        </Point>
      </Placemark>
      <Placemark>
        <name>Olympic Drive</name>
        <description><![CDATA[Machine Id: NSDAVRTLTNG0351-AU<br>Model: Touch N Go<br>Latitude: -33.84950247<br>Longitude: 151.2132010530176800]]></description>
        <styleUrl>#icon-1899-0288D1</styleUrl>
        <ExtendedData>
          <Data name="Machine Id">
            <value>NSDAVRTLTNG0351-AU</value>
          </Data>
          <Data name="Model">
            <value>Touch N Go</value>
          </Data>
          <Data name="Latitude">
            <value>-33.84950247</value>
          </Data>
          <Data name="Longitude">
            <value>151.2132010530176800</value>
          </Data>
        </ExtendedData>
        <Point>
          <coordinates>
            151.213201053018,-33.84950247,0
          </coordinates>
        </Point>
      </Placemark>
      <Placemark>
        <name>Broughton Street</name>
        <description><![CDATA[Machine Id: NSDAVRTLTNG0352-AU<br>Model: Touch N Go<br>Latitude: -33.84371515<br>Longitude: 151.2128078598564000]]></description>
        <styleUrl>#icon-1899-0288D1</styleUrl>
        <ExtendedData>
          <Data name="Machine Id">
            <value>NSDAVRTLTNG0352-AU</value>
          </Data>
          <Data name="Model">
            <value>Touch N Go</value>
          </Data>
          <Data name="Latitude">
            <value>-33.84371515</value>
          </Data>
          <Data name="Longitude">
            <value>151.2128078598564000</value>
          </Data>
        </ExtendedData>
        <Point>
          <coordinates>
            151.212807859856,-33.84371515,0
          </coordinates>
        </Point>
      </Placemark>
      <Placemark>
        <name>Broughton Street</name>
        <description><![CDATA[Machine Id: NSDAVRTLTNG0353-AU<br>Model: Touch N Go<br>Latitude: -33.8452719<br>Longitude: 151.2125075323118300]]></description>
        <styleUrl>#icon-1899-0288D1</styleUrl>
        <ExtendedData>
          <Data name="Machine Id">
            <value>NSDAVRTLTNG0353-AU</value>
          </Data>
          <Data name="Model">
            <value>Touch N Go</value>
          </Data>
          <Data name="Latitude">
            <value>-33.8452719</value>
          </Data>
          <Data name="Longitude">
            <value>151.2125075323118300</value>
          </Data>
        </ExtendedData>
        <Point>
          <coordinates>
            151.212507532312,-33.8452719,0
          </coordinates>
        </Point>
      </Placemark>
      <Placemark>
        <name>Ennis Road</name>
        <description><![CDATA[Machine Id: NSDAVRTLTNG0354-AU<br>Model: Touch N Go<br>Latitude: -33.84515161<br>Longitude: 151.2123347120714000]]></description>
        <styleUrl>#icon-1899-0288D1</styleUrl>
        <ExtendedData>
          <Data name="Machine Id">
            <value>NSDAVRTLTNG0354-AU</value>
          </Data>
          <Data name="Model">
            <value>Touch N Go</value>
          </Data>
          <Data name="Latitude">
            <value>-33.84515161</value>
          </Data>
          <Data name="Longitude">
            <value>151.2123347120714000</value>
          </Data>
        </ExtendedData>
        <Point>
          <coordinates>
            151.212334712071,-33.84515161,0
          </coordinates>
        </Point>
      </Placemark>
      <Placemark>
        <name>Ennis Road</name>
        <description><![CDATA[Machine Id: NSDAVRTLTNG0355-AU<br>Model: Touch N Go<br>Latitude: -33.84385568<br>Longitude: 151.2117525382104200]]></description>
        <styleUrl>#icon-1899-0288D1</styleUrl>
        <ExtendedData>
          <Data name="Machine Id">
            <value>NSDAVRTLTNG0355-AU</value>
          </Data>
          <Data name="Model">
            <value>Touch N Go</value>
          </Data>
          <Data name="Latitude">
            <value>-33.84385568</value>
          </Data>
          <Data name="Longitude">
            <value>151.2117525382104200</value>
          </Data>
        </ExtendedData>
        <Point>
          <coordinates>
            151.21175253821,-33.84385568,0
          </coordinates>
        </Point>
      </Placemark>
      <Placemark>
        <name>Ennis Road</name>
        <description><![CDATA[Machine Id: NSDAVRTLTNG0356-AU<br>Model: Touch N Go<br>Latitude: -33.84378982<br>Longitude: 151.2117984618065500]]></description>
        <styleUrl>#icon-1899-0288D1</styleUrl>
        <ExtendedData>
          <Data name="Machine Id">
            <value>NSDAVRTLTNG0356-AU</value>
          </Data>
          <Data name="Model">
            <value>Touch N Go</value>
          </Data>
          <Data name="Latitude">
            <value>-33.84378982</value>
          </Data>
          <Data name="Longitude">
            <value>151.2117984618065500</value>
          </Data>
        </ExtendedData>
        <Point>
          <coordinates>
            151.211798461807,-33.84378982,0
          </coordinates>
        </Point>
      </Placemark>
      <Placemark>
        <name>Ennis Road</name>
        <description><![CDATA[Machine Id: NSDAVRTLTNG0357-AU<br>Model: Touch N Go<br>Latitude: -33.84491741<br>Longitude: 151.2121765051382000]]></description>
        <styleUrl>#icon-1899-0288D1</styleUrl>
        <ExtendedData>
          <Data name="Machine Id">
            <value>NSDAVRTLTNG0357-AU</value>
          </Data>
          <Data name="Model">
            <value>Touch N Go</value>
          </Data>
          <Data name="Latitude">
            <value>-33.84491741</value>
          </Data>
          <Data name="Longitude">
            <value>151.2121765051382000</value>
          </Data>
        </ExtendedData>
        <Point>
          <coordinates>
            151.212176505138,-33.84491741,0
          </coordinates>
        </Point>
      </Placemark>
      <Placemark>
        <name>Fitzroy Street</name>
        <description><![CDATA[Machine Id: NSDAVRTLTNG0358-AU<br>Model: Touch N Go<br>Latitude: -33.84745504<br>Longitude: 151.2124731344994000]]></description>
        <styleUrl>#icon-1899-0288D1</styleUrl>
        <ExtendedData>
          <Data name="Machine Id">
            <value>NSDAVRTLTNG0358-AU</value>
          </Data>
          <Data name="Model">
            <value>Touch N Go</value>
          </Data>
          <Data name="Latitude">
            <value>-33.84745504</value>
          </Data>
          <Data name="Longitude">
            <value>151.2124731344994000</value>
          </Data>
        </ExtendedData>
        <Point>
          <coordinates>
            151.212473134499,-33.84745504,0
          </coordinates>
        </Point>
      </Placemark>
      <Placemark>
        <name>Fitzroy Street</name>
        <description><![CDATA[Machine Id: NSDAVRTLTNG0359-AU<br>Model: Touch N Go<br>Latitude: -33.84740936<br>Longitude: 151.2119671512294300]]></description>
        <styleUrl>#icon-1899-0288D1</styleUrl>
        <ExtendedData>
          <Data name="Machine Id">
            <value>NSDAVRTLTNG0359-AU</value>
          </Data>
          <Data name="Model">
            <value>Touch N Go</value>
          </Data>
          <Data name="Latitude">
            <value>-33.84740936</value>
          </Data>
          <Data name="Longitude">
            <value>151.2119671512294300</value>
          </Data>
        </ExtendedData>
        <Point>
          <coordinates>
            151.211967151229,-33.84740936,0
          </coordinates>
        </Point>
      </Placemark>
      <Placemark>
        <name>Burton Street</name>
        <description><![CDATA[Machine Id: NSDAVRTLTNG0360-AU<br>Model: Touch N Go<br>Latitude: -33.84639626<br>Longitude: 151.2115810352650300]]></description>
        <styleUrl>#icon-1899-0288D1</styleUrl>
        <ExtendedData>
          <Data name="Machine Id">
            <value>NSDAVRTLTNG0360-AU</value>
          </Data>
          <Data name="Model">
            <value>Touch N Go</value>
          </Data>
          <Data name="Latitude">
            <value>-33.84639626</value>
          </Data>
          <Data name="Longitude">
            <value>151.2115810352650300</value>
          </Data>
        </ExtendedData>
        <Point>
          <coordinates>
            151.211581035265,-33.84639626,0
          </coordinates>
        </Point>
      </Placemark>
      <Placemark>
        <name>Burton Street</name>
        <description><![CDATA[Machine Id: NSDAVRTLTNG0361-AU<br>Model: Touch N Go<br>Latitude: -33.84639631<br>Longitude: 151.2115346418640300]]></description>
        <styleUrl>#icon-1899-0288D1</styleUrl>
        <ExtendedData>
          <Data name="Machine Id">
            <value>NSDAVRTLTNG0361-AU</value>
          </Data>
          <Data name="Model">
            <value>Touch N Go</value>
          </Data>
          <Data name="Latitude">
            <value>-33.84639631</value>
          </Data>
          <Data name="Longitude">
            <value>151.2115346418640300</value>
          </Data>
        </ExtendedData>
        <Point>
          <coordinates>
            151.211534641864,-33.84639631,0
          </coordinates>
        </Point>
      </Placemark>
      <Placemark>
        <name>Union Street</name>
        <description><![CDATA[Machine Id: NSDAVRTLTNG0362-AU<br>Model: Touch N Go<br>Latitude: -33.84184499<br>Longitude: 151.2030418492278700]]></description>
        <styleUrl>#icon-1899-0288D1</styleUrl>
        <ExtendedData>
          <Data name="Machine Id">
            <value>NSDAVRTLTNG0362-AU</value>
          </Data>
          <Data name="Model">
            <value>Touch N Go</value>
          </Data>
          <Data name="Latitude">
            <value>-33.84184499</value>
          </Data>
          <Data name="Longitude">
            <value>151.2030418492278700</value>
          </Data>
        </ExtendedData>
        <Point>
          <coordinates>
            151.203041849228,-33.84184499,0
          </coordinates>
        </Point>
      </Placemark>
      <Placemark>
        <name>Broughton Street</name>
        <description><![CDATA[Machine Id: NSDAVRTLTNG0363-AU<br>Model: Touch N Go<br>Latitude: -33.84735277<br>Longitude: 151.2130702928835000]]></description>
        <styleUrl>#icon-1899-0288D1</styleUrl>
        <ExtendedData>
          <Data name="Machine Id">
            <value>NSDAVRTLTNG0363-AU</value>
          </Data>
          <Data name="Model">
            <value>Touch N Go</value>
          </Data>
          <Data name="Latitude">
            <value>-33.84735277</value>
          </Data>
          <Data name="Longitude">
            <value>151.2130702928835000</value>
          </Data>
        </ExtendedData>
        <Point>
          <coordinates>
            151.213070292883,-33.84735277,0
          </coordinates>
        </Point>
      </Placemark>
      <Placemark>
        <name>Grosvenor Street</name>
        <description><![CDATA[Machine Id: NSDAVRTLTNG0364-AU<br>Model: Touch N Go<br>Latitude: -33.83011309<br>Longitude: 151.2223357755360000]]></description>
        <styleUrl>#icon-1899-0288D1</styleUrl>
        <ExtendedData>
          <Data name="Machine Id">
            <value>NSDAVRTLTNG0364-AU</value>
          </Data>
          <Data name="Model">
            <value>Touch N Go</value>
          </Data>
          <Data name="Latitude">
            <value>-33.83011309</value>
          </Data>
          <Data name="Longitude">
            <value>151.2223357755360000</value>
          </Data>
        </ExtendedData>
        <Point>
          <coordinates>
            151.222335775536,-33.83011309,0
          </coordinates>
        </Point>
      </Placemark>
      <Placemark>
        <name>Grosvenor Street</name>
        <description><![CDATA[Machine Id: NSDAVRTLTNG0365-AU<br>Model: Touch N Go<br>Latitude: -33.82976179<br>Longitude: 151.2208653344509000]]></description>
        <styleUrl>#icon-1899-0288D1</styleUrl>
        <ExtendedData>
          <Data name="Machine Id">
            <value>NSDAVRTLTNG0365-AU</value>
          </Data>
          <Data name="Model">
            <value>Touch N Go</value>
          </Data>
          <Data name="Latitude">
            <value>-33.82976179</value>
          </Data>
          <Data name="Longitude">
            <value>151.2208653344509000</value>
          </Data>
        </ExtendedData>
        <Point>
          <coordinates>
            151.220865334451,-33.82976179,0
          </coordinates>
        </Point>
      </Placemark>
      <Placemark>
        <name>Grosvenor Street</name>
        <description><![CDATA[Machine Id: NSDAVRTLTNG0366-AU<br>Model: Touch N Go<br>Latitude: -33.82970121<br>Longitude: 151.2209514575329800]]></description>
        <styleUrl>#icon-1899-0288D1</styleUrl>
        <ExtendedData>
          <Data name="Machine Id">
            <value>NSDAVRTLTNG0366-AU</value>
          </Data>
          <Data name="Model">
            <value>Touch N Go</value>
          </Data>
          <Data name="Latitude">
            <value>-33.82970121</value>
          </Data>
          <Data name="Longitude">
            <value>151.2209514575329800</value>
          </Data>
        </ExtendedData>
        <Point>
          <coordinates>
            151.220951457533,-33.82970121,0
          </coordinates>
        </Point>
      </Placemark>
      <Placemark>
        <name>Barry Street</name>
        <description><![CDATA[Machine Id: NSDAVRTLTNG0368-AU<br>Model: Touch N Go<br>Latitude: -33.83207354<br>Longitude: 151.2210515435648700]]></description>
        <styleUrl>#icon-1899-0288D1</styleUrl>
        <ExtendedData>
          <Data name="Machine Id">
            <value>NSDAVRTLTNG0368-AU</value>
          </Data>
          <Data name="Model">
            <value>Touch N Go</value>
          </Data>
          <Data name="Latitude">
            <value>-33.83207354</value>
          </Data>
          <Data name="Longitude">
            <value>151.2210515435648700</value>
          </Data>
        </ExtendedData>
        <Point>
          <coordinates>
            151.221051543565,-33.83207354,0
          </coordinates>
        </Point>
      </Placemark>
      <Placemark>
        <name>Yeo Street</name>
        <description><![CDATA[Machine Id: NSDAVRTLTNG0371-AU<br>Model: Touch N Go<br>Latitude: -33.83231318<br>Longitude: 151.2225201309328000]]></description>
        <styleUrl>#icon-1899-0288D1</styleUrl>
        <ExtendedData>
          <Data name="Machine Id">
            <value>NSDAVRTLTNG0371-AU</value>
          </Data>
          <Data name="Model">
            <value>Touch N Go</value>
          </Data>
          <Data name="Latitude">
            <value>-33.83231318</value>
          </Data>
          <Data name="Longitude">
            <value>151.2225201309328000</value>
          </Data>
        </ExtendedData>
        <Point>
          <coordinates>
            151.222520130933,-33.83231318,0
          </coordinates>
        </Point>
      </Placemark>
      <Placemark>
        <name>Yeo Street</name>
        <description><![CDATA[Machine Id: NSDAVRTLTNG0372-AU<br>Model: Touch N Go<br>Latitude: -33.83236828<br>Longitude: 151.2229172693601800]]></description>
        <styleUrl>#icon-1899-0288D1</styleUrl>
        <ExtendedData>
          <Data name="Machine Id">
            <value>NSDAVRTLTNG0372-AU</value>
          </Data>
          <Data name="Model">
            <value>Touch N Go</value>
          </Data>
          <Data name="Latitude">
            <value>-33.83236828</value>
          </Data>
          <Data name="Longitude">
            <value>151.2229172693601800</value>
          </Data>
        </ExtendedData>
        <Point>
          <coordinates>
            151.22291726936,-33.83236828,0
          </coordinates>
        </Point>
      </Placemark>
      <Placemark>
        <name>Parraween Street</name>
        <description><![CDATA[Machine Id: NSDAVRTLTNG0373-AU<br>Model: Touch N Go<br>Latitude: -33.82912637<br>Longitude: 151.2270447561975300]]></description>
        <styleUrl>#icon-1899-0288D1</styleUrl>
        <ExtendedData>
          <Data name="Machine Id">
            <value>NSDAVRTLTNG0373-AU</value>
          </Data>
          <Data name="Model">
            <value>Touch N Go</value>
          </Data>
          <Data name="Latitude">
            <value>-33.82912637</value>
          </Data>
          <Data name="Longitude">
            <value>151.2270447561975300</value>
          </Data>
        </ExtendedData>
        <Point>
          <coordinates>
            151.227044756198,-33.82912637,0
          </coordinates>
        </Point>
      </Placemark>
      <Placemark>
        <name>Parraween Street</name>
        <description><![CDATA[Machine Id: NSDAVRTLTNG0374-AU<br>Model: Touch N Go<br>Latitude: -33.82766404<br>Longitude: 151.2300500075055000]]></description>
        <styleUrl>#icon-1899-0288D1</styleUrl>
        <ExtendedData>
          <Data name="Machine Id">
            <value>NSDAVRTLTNG0374-AU</value>
          </Data>
          <Data name="Model">
            <value>Touch N Go</value>
          </Data>
          <Data name="Latitude">
            <value>-33.82766404</value>
          </Data>
          <Data name="Longitude">
            <value>151.2300500075055000</value>
          </Data>
        </ExtendedData>
        <Point>
          <coordinates>
            151.230050007505,-33.82766404,0
          </coordinates>
        </Point>
      </Placemark>
      <Placemark>
        <name>Parraween Street</name>
        <description><![CDATA[Machine Id: NSDAVRTLTNG0375-AU<br>Model: Touch N Go<br>Latitude: -33.82728208<br>Longitude: 151.2307020417391000]]></description>
        <styleUrl>#icon-1899-0288D1</styleUrl>
        <ExtendedData>
          <Data name="Machine Id">
            <value>NSDAVRTLTNG0375-AU</value>
          </Data>
          <Data name="Model">
            <value>Touch N Go</value>
          </Data>
          <Data name="Latitude">
            <value>-33.82728208</value>
          </Data>
          <Data name="Longitude">
            <value>151.2307020417391000</value>
          </Data>
        </ExtendedData>
        <Point>
          <coordinates>
            151.230702041739,-33.82728208,0
          </coordinates>
        </Point>
      </Placemark>
      <Placemark>
        <name>Parraween Street</name>
        <description><![CDATA[Machine Id: NSDAVRTLTNG0376-AU<br>Model: Touch N Go<br>Latitude: -33.82783779<br>Longitude: 151.2294697810357600]]></description>
        <styleUrl>#icon-1899-0288D1</styleUrl>
        <ExtendedData>
          <Data name="Machine Id">
            <value>NSDAVRTLTNG0376-AU</value>
          </Data>
          <Data name="Model">
            <value>Touch N Go</value>
          </Data>
          <Data name="Latitude">
            <value>-33.82783779</value>
          </Data>
          <Data name="Longitude">
            <value>151.2294697810357600</value>
          </Data>
        </ExtendedData>
        <Point>
          <coordinates>
            151.229469781036,-33.82783779,0
          </coordinates>
        </Point>
      </Placemark>
      <Placemark>
        <name>Parraween Street</name>
        <description><![CDATA[Machine Id: NSDAVRTLTNG0377-AU<br>Model: Touch N Go<br>Latitude: -33.828319<br>Longitude: 151.2285162682069000]]></description>
        <styleUrl>#icon-1899-0288D1</styleUrl>
        <ExtendedData>
          <Data name="Machine Id">
            <value>NSDAVRTLTNG0377-AU</value>
          </Data>
          <Data name="Model">
            <value>Touch N Go</value>
          </Data>
          <Data name="Latitude">
            <value>-33.828319</value>
          </Data>
          <Data name="Longitude">
            <value>151.2285162682069000</value>
          </Data>
        </ExtendedData>
        <Point>
          <coordinates>
            151.228516268207,-33.828319,0
          </coordinates>
        </Point>
      </Placemark>
      <Placemark>
        <name>Parraween Street</name>
        <description><![CDATA[Machine Id: NSDAVRTLTNG0378-AU<br>Model: Touch N Go<br>Latitude: -33.82892233<br>Longitude: 151.2271314201695400]]></description>
        <styleUrl>#icon-1899-0288D1</styleUrl>
        <ExtendedData>
          <Data name="Machine Id">
            <value>NSDAVRTLTNG0378-AU</value>
          </Data>
          <Data name="Model">
            <value>Touch N Go</value>
          </Data>
          <Data name="Latitude">
            <value>-33.82892233</value>
          </Data>
          <Data name="Longitude">
            <value>151.2271314201695400</value>
          </Data>
        </ExtendedData>
        <Point>
          <coordinates>
            151.22713142017,-33.82892233,0
          </coordinates>
        </Point>
      </Placemark>
      <Placemark>
        <name>Waters Road</name>
        <description><![CDATA[Machine Id: NSDAVRTLTNG0379-AU<br>Model: Touch N Go<br>Latitude: -33.83109852<br>Longitude: 151.2234630190230000]]></description>
        <styleUrl>#icon-1899-0288D1</styleUrl>
        <ExtendedData>
          <Data name="Machine Id">
            <value>NSDAVRTLTNG0379-AU</value>
          </Data>
          <Data name="Model">
            <value>Touch N Go</value>
          </Data>
          <Data name="Latitude">
            <value>-33.83109852</value>
          </Data>
          <Data name="Longitude">
            <value>151.2234630190230000</value>
          </Data>
        </ExtendedData>
        <Point>
          <coordinates>
            151.223463019023,-33.83109852,0
          </coordinates>
        </Point>
      </Placemark>
      <Placemark>
        <name/>
        <description><![CDATA[Machine Id: NSDAVRTLTNG0382-AU<br>Model: Touch N Go<br>Latitude: -33.82848966<br>Longitude: 151.2016943967957000]]></description>
        <styleUrl>#icon-1899-0288D1</styleUrl>
        <ExtendedData>
          <Data name="Machine Id">
            <value>NSDAVRTLTNG0382-AU</value>
          </Data>
          <Data name="Model">
            <value>Touch N Go</value>
          </Data>
          <Data name="Latitude">
            <value>-33.82848966</value>
          </Data>
          <Data name="Longitude">
            <value>151.2016943967957000</value>
          </Data>
        </ExtendedData>
        <Point>
          <coordinates>
            151.201694396796,-33.82848966,0
          </coordinates>
        </Point>
      </Placemark>
      <Placemark>
        <name>Oxley Street</name>
        <description><![CDATA[Machine Id: NSDAVRTLTNG0402-AU<br>Model: Touch N Go<br>Latitude: -33.8230444<br>Longitude: 151.1991201326136700]]></description>
        <styleUrl>#icon-1899-0288D1</styleUrl>
        <ExtendedData>
          <Data name="Machine Id">
            <value>NSDAVRTLTNG0402-AU</value>
          </Data>
          <Data name="Model">
            <value>Touch N Go</value>
          </Data>
          <Data name="Latitude">
            <value>-33.8230444</value>
          </Data>
          <Data name="Longitude">
            <value>151.1991201326136700</value>
          </Data>
        </ExtendedData>
        <Point>
          <coordinates>
            151.199120132614,-33.8230444,0
          </coordinates>
        </Point>
      </Placemark>
      <Placemark>
        <name>Holtermann Street</name>
        <description><![CDATA[Machine Id: NSDAVRTLTNG0403-AU<br>Model: Touch N Go<br>Latitude: -33.82494577<br>Longitude: 151.2027918959793500]]></description>
        <styleUrl>#icon-1899-0288D1</styleUrl>
        <ExtendedData>
          <Data name="Machine Id">
            <value>NSDAVRTLTNG0403-AU</value>
          </Data>
          <Data name="Model">
            <value>Touch N Go</value>
          </Data>
          <Data name="Latitude">
            <value>-33.82494577</value>
          </Data>
          <Data name="Longitude">
            <value>151.2027918959793500</value>
          </Data>
        </ExtendedData>
        <Point>
          <coordinates>
            151.202791895979,-33.82494577,0
          </coordinates>
        </Point>
      </Placemark>
      <Placemark>
        <name>Holtermann Street</name>
        <description><![CDATA[Machine Id: NSDAVRTLTNG0404-AU<br>Model: Touch N Go<br>Latitude: -33.82501797<br>Longitude: 151.2032360637104200]]></description>
        <styleUrl>#icon-1899-0288D1</styleUrl>
        <ExtendedData>
          <Data name="Machine Id">
            <value>NSDAVRTLTNG0404-AU</value>
          </Data>
          <Data name="Model">
            <value>Touch N Go</value>
          </Data>
          <Data name="Latitude">
            <value>-33.82501797</value>
          </Data>
          <Data name="Longitude">
            <value>151.2032360637104200</value>
          </Data>
        </ExtendedData>
        <Point>
          <coordinates>
            151.20323606371,-33.82501797,0
          </coordinates>
        </Point>
      </Placemark>
      <Placemark>
        <name>Devonshire Street</name>
        <description><![CDATA[Machine Id: NSDAVRTLTNG0405-AU<br>Model: Touch N Go<br>Latitude: -33.82402028<br>Longitude: 151.2038921918545500]]></description>
        <styleUrl>#icon-1899-0288D1</styleUrl>
        <ExtendedData>
          <Data name="Machine Id">
            <value>NSDAVRTLTNG0405-AU</value>
          </Data>
          <Data name="Model">
            <value>Touch N Go</value>
          </Data>
          <Data name="Latitude">
            <value>-33.82402028</value>
          </Data>
          <Data name="Longitude">
            <value>151.2038921918545500</value>
          </Data>
        </ExtendedData>
        <Point>
          <coordinates>
            151.203892191855,-33.82402028,0
          </coordinates>
        </Point>
      </Placemark>
      <Placemark>
        <name>West Street</name>
        <description><![CDATA[Machine Id: NSDAVRTLTNG0406-AU<br>Model: Touch N Go<br>Latitude: -33.82607324<br>Longitude: 151.2069033358872300]]></description>
        <styleUrl>#icon-1899-0288D1</styleUrl>
        <ExtendedData>
          <Data name="Machine Id">
            <value>NSDAVRTLTNG0406-AU</value>
          </Data>
          <Data name="Model">
            <value>Touch N Go</value>
          </Data>
          <Data name="Latitude">
            <value>-33.82607324</value>
          </Data>
          <Data name="Longitude">
            <value>151.2069033358872300</value>
          </Data>
        </ExtendedData>
        <Point>
          <coordinates>
            151.206903335887,-33.82607324,0
          </coordinates>
        </Point>
      </Placemark>
      <Placemark>
        <name>Pacific Highway</name>
        <description><![CDATA[Machine Id: NSDAVRTLTNG0410-AU<br>Model: Touch N Go<br>Latitude: -33.8301518<br>Longitude: 151.2024330705545200]]></description>
        <styleUrl>#icon-1899-0288D1</styleUrl>
        <ExtendedData>
          <Data name="Machine Id">
            <value>NSDAVRTLTNG0410-AU</value>
          </Data>
          <Data name="Model">
            <value>Touch N Go</value>
          </Data>
          <Data name="Latitude">
            <value>-33.8301518</value>
          </Data>
          <Data name="Longitude">
            <value>151.2024330705545200</value>
          </Data>
        </ExtendedData>
        <Point>
          <coordinates>
            151.202433070555,-33.8301518,0
          </coordinates>
        </Point>
      </Placemark>
      <Placemark>
        <name>Bruce Street</name>
        <description><![CDATA[Machine Id: NSDAVRTLTNG0411-AU<br>Model: Touch N Go<br>Latitude: -33.82934785<br>Longitude: 151.2014076011374000]]></description>
        <styleUrl>#icon-1899-0288D1</styleUrl>
        <ExtendedData>
          <Data name="Machine Id">
            <value>NSDAVRTLTNG0411-AU</value>
          </Data>
          <Data name="Model">
            <value>Touch N Go</value>
          </Data>
          <Data name="Latitude">
            <value>-33.82934785</value>
          </Data>
          <Data name="Longitude">
            <value>151.2014076011374000</value>
          </Data>
        </ExtendedData>
        <Point>
          <coordinates>
            151.201407601137,-33.82934785,0
          </coordinates>
        </Point>
      </Placemark>
      <Placemark>
        <name>Rocklands Street</name>
        <description><![CDATA[Machine Id: NSDAVRTLTNG0413-AU<br>Model: Touch N Go<br>Latitude: -33.83072004<br>Longitude: 151.2021433065629300]]></description>
        <styleUrl>#icon-1899-0288D1</styleUrl>
        <ExtendedData>
          <Data name="Machine Id">
            <value>NSDAVRTLTNG0413-AU</value>
          </Data>
          <Data name="Model">
            <value>Touch N Go</value>
          </Data>
          <Data name="Latitude">
            <value>-33.83072004</value>
          </Data>
          <Data name="Longitude">
            <value>151.2021433065629300</value>
          </Data>
        </ExtendedData>
        <Point>
          <coordinates>
            151.202143306563,-33.83072004,0
          </coordinates>
        </Point>
      </Placemark>
      <Placemark>
        <name>David Street</name>
        <description><![CDATA[Machine Id: NSDAVRTLTNG0414-AU<br>Model: Touch N Go<br>Latitude: -33.82969894<br>Longitude: 151.2027856808472600]]></description>
        <styleUrl>#icon-1899-0288D1</styleUrl>
        <ExtendedData>
          <Data name="Machine Id">
            <value>NSDAVRTLTNG0414-AU</value>
          </Data>
          <Data name="Model">
            <value>Touch N Go</value>
          </Data>
          <Data name="Latitude">
            <value>-33.82969894</value>
          </Data>
          <Data name="Longitude">
            <value>151.2027856808472600</value>
          </Data>
        </ExtendedData>
        <Point>
          <coordinates>
            151.202785680847,-33.82969894,0
          </coordinates>
        </Point>
      </Placemark>
      <Placemark>
        <name>Browns Lane</name>
        <description><![CDATA[Machine Id: NSDAVRTLTNG0415-AU<br>Model: Touch N Go<br>Latitude: -33.83555079<br>Longitude: 151.2047930766887600]]></description>
        <styleUrl>#icon-1899-0288D1</styleUrl>
        <ExtendedData>
          <Data name="Machine Id">
            <value>NSDAVRTLTNG0415-AU</value>
          </Data>
          <Data name="Model">
            <value>Touch N Go</value>
          </Data>
          <Data name="Latitude">
            <value>-33.83555079</value>
          </Data>
          <Data name="Longitude">
            <value>151.2047930766887600</value>
          </Data>
        </ExtendedData>
        <Point>
          <coordinates>
            151.204793076689,-33.83555079,0
          </coordinates>
        </Point>
      </Placemark>
      <Placemark>
        <name>Berry Street</name>
        <description><![CDATA[Machine Id: NSDAVRTLTNG0416-AU<br>Model: Touch N Go<br>Latitude: -33.83676446<br>Longitude: 151.2054829510125600]]></description>
        <styleUrl>#icon-1899-0288D1</styleUrl>
        <ExtendedData>
          <Data name="Machine Id">
            <value>NSDAVRTLTNG0416-AU</value>
          </Data>
          <Data name="Model">
            <value>Touch N Go</value>
          </Data>
          <Data name="Latitude">
            <value>-33.83676446</value>
          </Data>
          <Data name="Longitude">
            <value>151.2054829510125600</value>
          </Data>
        </ExtendedData>
        <Point>
          <coordinates>
            151.205482951013,-33.83676446,0
          </coordinates>
        </Point>
      </Placemark>
      <Placemark>
        <name>Berry Street</name>
        <description><![CDATA[Machine Id: NSDAVRTLTNG0417-AU<br>Model: Touch N Go<br>Latitude: -33.8370664<br>Longitude: 151.2041259114347400]]></description>
        <styleUrl>#icon-1899-0288D1</styleUrl>
        <ExtendedData>
          <Data name="Machine Id">
            <value>NSDAVRTLTNG0417-AU</value>
          </Data>
          <Data name="Model">
            <value>Touch N Go</value>
          </Data>
          <Data name="Latitude">
            <value>-33.8370664</value>
          </Data>
          <Data name="Longitude">
            <value>151.2041259114347400</value>
          </Data>
        </ExtendedData>
        <Point>
          <coordinates>
            151.204125911435,-33.8370664,0
          </coordinates>
        </Point>
      </Placemark>
      <Placemark>
        <name>Berry Street</name>
        <description><![CDATA[Machine Id: NSDAVRTLTNG0418-AU<br>Model: Touch N Go<br>Latitude: -33.83662132<br>Longitude: 151.2065051985101100]]></description>
        <styleUrl>#icon-1899-0288D1</styleUrl>
        <ExtendedData>
          <Data name="Machine Id">
            <value>NSDAVRTLTNG0418-AU</value>
          </Data>
          <Data name="Model">
            <value>Touch N Go</value>
          </Data>
          <Data name="Latitude">
            <value>-33.83662132</value>
          </Data>
          <Data name="Longitude">
            <value>151.2065051985101100</value>
          </Data>
        </ExtendedData>
        <Point>
          <coordinates>
            151.20650519851,-33.83662132,0
          </coordinates>
        </Point>
      </Placemark>
      <Placemark>
        <name>Berry Street</name>
        <description><![CDATA[Machine Id: NSDAVRTLTNG0419-AU<br>Model: Touch N Go<br>Latitude: -33.836982<br>Longitude: 151.2080451870909000]]></description>
        <styleUrl>#icon-1899-0288D1</styleUrl>
        <ExtendedData>
          <Data name="Machine Id">
            <value>NSDAVRTLTNG0419-AU</value>
          </Data>
          <Data name="Model">
            <value>Touch N Go</value>
          </Data>
          <Data name="Latitude">
            <value>-33.836982</value>
          </Data>
          <Data name="Longitude">
            <value>151.2080451870909000</value>
          </Data>
        </ExtendedData>
        <Point>
          <coordinates>
            151.208045187091,-33.836982,0
          </coordinates>
        </Point>
      </Placemark>
      <Placemark>
        <name>Berry Street</name>
        <description><![CDATA[Machine Id: NSDAVRTLTNG0420-AU<br>Model: Touch N Go<br>Latitude: -33.83698412<br>Longitude: 151.2088465074603200]]></description>
        <styleUrl>#icon-1899-0288D1</styleUrl>
        <ExtendedData>
          <Data name="Machine Id">
            <value>NSDAVRTLTNG0420-AU</value>
          </Data>
          <Data name="Model">
            <value>Touch N Go</value>
          </Data>
          <Data name="Latitude">
            <value>-33.83698412</value>
          </Data>
          <Data name="Longitude">
            <value>151.2088465074603200</value>
          </Data>
        </ExtendedData>
        <Point>
          <coordinates>
            151.20884650746,-33.83698412,0
          </coordinates>
        </Point>
      </Placemark>
      <Placemark>
        <name>Pacific Highway</name>
        <description><![CDATA[Machine Id: NSDAVRTLTNG0421-AU<br>Model: Touch N Go<br>Latitude: -33.8372114<br>Longitude: 151.2058806692689600]]></description>
        <styleUrl>#icon-1899-0288D1</styleUrl>
        <ExtendedData>
          <Data name="Machine Id">
            <value>NSDAVRTLTNG0421-AU</value>
          </Data>
          <Data name="Model">
            <value>Touch N Go</value>
          </Data>
          <Data name="Latitude">
            <value>-33.8372114</value>
          </Data>
          <Data name="Longitude">
            <value>151.2058806692689600</value>
          </Data>
        </ExtendedData>
        <Point>
          <coordinates>
            151.205880669269,-33.8372114,0
          </coordinates>
        </Point>
      </Placemark>
      <Placemark>
        <name>Napier Street</name>
        <description><![CDATA[Machine Id: NSDAVRTLTNG0422-AU<br>Model: Touch N Go<br>Latitude: -33.83753186<br>Longitude: 151.2054207999474600]]></description>
        <styleUrl>#icon-1899-0288D1</styleUrl>
        <ExtendedData>
          <Data name="Machine Id">
            <value>NSDAVRTLTNG0422-AU</value>
          </Data>
          <Data name="Model">
            <value>Touch N Go</value>
          </Data>
          <Data name="Latitude">
            <value>-33.83753186</value>
          </Data>
          <Data name="Longitude">
            <value>151.2054207999474600</value>
          </Data>
        </ExtendedData>
        <Point>
          <coordinates>
            151.205420799947,-33.83753186,0
          </coordinates>
        </Point>
      </Placemark>
      <Placemark>
        <name>Edward Street</name>
        <description><![CDATA[Machine Id: NSDAVRTLTNG0423-AU<br>Model: Touch N Go<br>Latitude: -33.83828638<br>Longitude: 151.2042518650618800]]></description>
        <styleUrl>#icon-1899-0288D1</styleUrl>
        <ExtendedData>
          <Data name="Machine Id">
            <value>NSDAVRTLTNG0423-AU</value>
          </Data>
          <Data name="Model">
            <value>Touch N Go</value>
          </Data>
          <Data name="Latitude">
            <value>-33.83828638</value>
          </Data>
          <Data name="Longitude">
            <value>151.2042518650618800</value>
          </Data>
        </ExtendedData>
        <Point>
          <coordinates>
            151.204251865062,-33.83828638,0
          </coordinates>
        </Point>
      </Placemark>
      <Placemark>
        <name>Little Walker Street</name>
        <description><![CDATA[Machine Id: NSDAVRTLTNG0424-AU<br>Model: Touch N Go<br>Latitude: -33.83789539<br>Longitude: 151.2097619455690000]]></description>
        <styleUrl>#icon-1899-0288D1</styleUrl>
        <ExtendedData>
          <Data name="Machine Id">
            <value>NSDAVRTLTNG0424-AU</value>
          </Data>
          <Data name="Model">
            <value>Touch N Go</value>
          </Data>
          <Data name="Latitude">
            <value>-33.83789539</value>
          </Data>
          <Data name="Longitude">
            <value>151.2097619455690000</value>
          </Data>
        </ExtendedData>
        <Point>
          <coordinates>
            151.209761945569,-33.83789539,0
          </coordinates>
        </Point>
      </Placemark>
      <Placemark>
        <name>Little Walker Street</name>
        <description><![CDATA[Machine Id: NSDAVRTLTNG0425-AU<br>Model: Touch N Go<br>Latitude: -33.838707<br>Longitude: 151.2096430000000000]]></description>
        <styleUrl>#icon-1899-0288D1</styleUrl>
        <ExtendedData>
          <Data name="Machine Id">
            <value>NSDAVRTLTNG0425-AU</value>
          </Data>
          <Data name="Model">
            <value>Touch N Go</value>
          </Data>
          <Data name="Latitude">
            <value>-33.838707</value>
          </Data>
          <Data name="Longitude">
            <value>151.2096430000000000</value>
          </Data>
        </ExtendedData>
        <Point>
          <coordinates>
            151.209643,-33.838707,0
          </coordinates>
        </Point>
      </Placemark>
      <Placemark>
        <name>Arthur Street</name>
        <description><![CDATA[Machine Id: NSDAVRTLTNG0426-AU<br>Model: Touch N Go<br>Latitude: -33.83857237<br>Longitude: 151.2100266695224200]]></description>
        <styleUrl>#icon-1899-0288D1</styleUrl>
        <ExtendedData>
          <Data name="Machine Id">
            <value>NSDAVRTLTNG0426-AU</value>
          </Data>
          <Data name="Model">
            <value>Touch N Go</value>
          </Data>
          <Data name="Latitude">
            <value>-33.83857237</value>
          </Data>
          <Data name="Longitude">
            <value>151.2100266695224200</value>
          </Data>
        </ExtendedData>
        <Point>
          <coordinates>
            151.210026669522,-33.83857237,0
          </coordinates>
        </Point>
      </Placemark>
      <Placemark>
        <name>Mount Street</name>
        <description><![CDATA[Machine Id: NSDAVRTLTNG0427-AU<br>Model: Touch N Go<br>Latitude: -33.83913522<br>Longitude: 151.2093519340677700]]></description>
        <styleUrl>#icon-1899-0288D1</styleUrl>
        <ExtendedData>
          <Data name="Machine Id">
            <value>NSDAVRTLTNG0427-AU</value>
          </Data>
          <Data name="Model">
            <value>Touch N Go</value>
          </Data>
          <Data name="Latitude">
            <value>-33.83913522</value>
          </Data>
          <Data name="Longitude">
            <value>151.2093519340677700</value>
          </Data>
        </ExtendedData>
        <Point>
          <coordinates>
            151.209351934068,-33.83913522,0
          </coordinates>
        </Point>
      </Placemark>
      <Placemark>
        <name>Mount Street</name>
        <description><![CDATA[Machine Id: NSDAVRTLTNG0428-AU<br>Model: Touch N Go<br>Latitude: -33.83926887<br>Longitude: 151.2095217616220300]]></description>
        <styleUrl>#icon-1899-0288D1</styleUrl>
        <ExtendedData>
          <Data name="Machine Id">
            <value>NSDAVRTLTNG0428-AU</value>
          </Data>
          <Data name="Model">
            <value>Touch N Go</value>
          </Data>
          <Data name="Latitude">
            <value>-33.83926887</value>
          </Data>
          <Data name="Longitude">
            <value>151.2095217616220300</value>
          </Data>
        </ExtendedData>
        <Point>
          <coordinates>
            151.209521761622,-33.83926887,0
          </coordinates>
        </Point>
      </Placemark>
      <Placemark>
        <name>Walker Street</name>
        <description><![CDATA[Machine Id: NSDAVRTLTNG0429-AU<br>Model: Touch N Go<br>Latitude: -33.8393258<br>Longitude: 151.2087213498071200]]></description>
        <styleUrl>#icon-1899-0288D1</styleUrl>
        <ExtendedData>
          <Data name="Machine Id">
            <value>NSDAVRTLTNG0429-AU</value>
          </Data>
          <Data name="Model">
            <value>Touch N Go</value>
          </Data>
          <Data name="Latitude">
            <value>-33.8393258</value>
          </Data>
          <Data name="Longitude">
            <value>151.2087213498071200</value>
          </Data>
        </ExtendedData>
        <Point>
          <coordinates>
            151.208721349807,-33.8393258,0
          </coordinates>
        </Point>
      </Placemark>
      <Placemark>
        <name>Gas Lane</name>
        <description><![CDATA[Machine Id: NSDAVRTLTNG0430-AU<br>Model: Touch N Go<br>Latitude: -33.84025661<br>Longitude: 151.2066731220207000]]></description>
        <styleUrl>#icon-1899-0288D1</styleUrl>
        <ExtendedData>
          <Data name="Machine Id">
            <value>NSDAVRTLTNG0430-AU</value>
          </Data>
          <Data name="Model">
            <value>Touch N Go</value>
          </Data>
          <Data name="Latitude">
            <value>-33.84025661</value>
          </Data>
          <Data name="Longitude">
            <value>151.2066731220207000</value>
          </Data>
        </ExtendedData>
        <Point>
          <coordinates>
            151.206673122021,-33.84025661,0
          </coordinates>
        </Point>
      </Placemark>
      <Placemark>
        <name>Blues Point Road</name>
        <description><![CDATA[Machine Id: NSDAVRTLTNG0431-AU<br>Model: Touch N Go<br>Latitude: -33.84143265<br>Longitude: 151.2059524883455300]]></description>
        <styleUrl>#icon-1899-0288D1</styleUrl>
        <ExtendedData>
          <Data name="Machine Id">
            <value>NSDAVRTLTNG0431-AU</value>
          </Data>
          <Data name="Model">
            <value>Touch N Go</value>
          </Data>
          <Data name="Latitude">
            <value>-33.84143265</value>
          </Data>
          <Data name="Longitude">
            <value>151.2059524883455300</value>
          </Data>
        </ExtendedData>
        <Point>
          <coordinates>
            151.205952488346,-33.84143265,0
          </coordinates>
        </Point>
      </Placemark>
      <Placemark>
        <name>Bradly Avenue</name>
        <description><![CDATA[Machine Id: NSDAVRTLTNG0432-AU<br>Model: Touch N Go<br>Latitude: -33.8441087<br>Longitude: 151.2155193036415000]]></description>
        <styleUrl>#icon-1899-0288D1</styleUrl>
        <ExtendedData>
          <Data name="Machine Id">
            <value>NSDAVRTLTNG0432-AU</value>
          </Data>
          <Data name="Model">
            <value>Touch N Go</value>
          </Data>
          <Data name="Latitude">
            <value>-33.8441087</value>
          </Data>
          <Data name="Longitude">
            <value>151.2155193036415000</value>
          </Data>
        </ExtendedData>
        <Point>
          <coordinates>
            151.215519303642,-33.8441087,0
          </coordinates>
        </Point>
      </Placemark>
      <Placemark>
        <name>Whaling Road</name>
        <description><![CDATA[Machine Id: NSDAVRTLTNG0434-AU<br>Model: Touch N Go<br>Latitude: -33.84064447<br>Longitude: 151.2116437542900000]]></description>
        <styleUrl>#icon-1899-0288D1</styleUrl>
        <ExtendedData>
          <Data name="Machine Id">
            <value>NSDAVRTLTNG0434-AU</value>
          </Data>
          <Data name="Model">
            <value>Touch N Go</value>
          </Data>
          <Data name="Latitude">
            <value>-33.84064447</value>
          </Data>
          <Data name="Longitude">
            <value>151.2116437542900000</value>
          </Data>
        </ExtendedData>
        <Point>
          <coordinates>
            151.21164375429,-33.84064447,0
          </coordinates>
        </Point>
      </Placemark>
      <Placemark>
        <name>Burton Street</name>
        <description><![CDATA[Machine Id: NSDAVRTLTNG0435-AU<br>Model: Touch N Go<br>Latitude: -33.84633648<br>Longitude: 151.2115077383478200]]></description>
        <styleUrl>#icon-1899-0288D1</styleUrl>
        <ExtendedData>
          <Data name="Machine Id">
            <value>NSDAVRTLTNG0435-AU</value>
          </Data>
          <Data name="Model">
            <value>Touch N Go</value>
          </Data>
          <Data name="Latitude">
            <value>-33.84633648</value>
          </Data>
          <Data name="Longitude">
            <value>151.2115077383478200</value>
          </Data>
        </ExtendedData>
        <Point>
          <coordinates>
            151.211507738348,-33.84633648,0
          </coordinates>
        </Point>
      </Placemark>
      <Placemark>
        <name>Willoughby Road</name>
        <description><![CDATA[Machine Id: NSDAVRTLTNG0446-AU<br>Model: Touch N Go<br>Latitude: -33.82552643<br>Longitude: 151.2018305411068300]]></description>
        <styleUrl>#icon-1899-0288D1</styleUrl>
        <ExtendedData>
          <Data name="Machine Id">
            <value>NSDAVRTLTNG0446-AU</value>
          </Data>
          <Data name="Model">
            <value>Touch N Go</value>
          </Data>
          <Data name="Latitude">
            <value>-33.82552643</value>
          </Data>
          <Data name="Longitude">
            <value>151.2018305411068300</value>
          </Data>
        </ExtendedData>
        <Point>
          <coordinates>
            151.201830541107,-33.82552643,0
          </coordinates>
        </Point>
      </Placemark>
      <Placemark>
        <name>Waters Road</name>
        <description><![CDATA[Machine Id: NSDAVRTLTNG0447-AU<br>Model: Touch N Go<br>Latitude: -33.83095675<br>Longitude: 151.2235183280335800]]></description>
        <styleUrl>#icon-1899-0288D1</styleUrl>
        <ExtendedData>
          <Data name="Machine Id">
            <value>NSDAVRTLTNG0447-AU</value>
          </Data>
          <Data name="Model">
            <value>Touch N Go</value>
          </Data>
          <Data name="Latitude">
            <value>-33.83095675</value>
          </Data>
          <Data name="Longitude">
            <value>151.2235183280335800</value>
          </Data>
        </ExtendedData>
        <Point>
          <coordinates>
            151.223518328034,-33.83095675,0
          </coordinates>
        </Point>
      </Placemark>
      <Placemark>
        <name>Willoughby Road</name>
        <description><![CDATA[Machine Id: NSDAVRTLTNG0450-AU<br>Model: Touch N Go<br>Latitude: -33.82743246<br>Longitude: 151.2007999867727500]]></description>
        <styleUrl>#icon-1899-0288D1</styleUrl>
        <ExtendedData>
          <Data name="Machine Id">
            <value>NSDAVRTLTNG0450-AU</value>
          </Data>
          <Data name="Model">
            <value>Touch N Go</value>
          </Data>
          <Data name="Latitude">
            <value>-33.82743246</value>
          </Data>
          <Data name="Longitude">
            <value>151.2007999867727500</value>
          </Data>
        </ExtendedData>
        <Point>
          <coordinates>
            151.200799986773,-33.82743246,0
          </coordinates>
        </Point>
      </Placemark>
      <Placemark>
        <name>McLaren Street</name>
        <description><![CDATA[Machine Id: NSDAVRTLTNG0452-AU<br>Model: Touch N Go<br>Latitude: -33.83478747<br>Longitude: 151.2087702675452200]]></description>
        <styleUrl>#icon-1899-0288D1</styleUrl>
        <ExtendedData>
          <Data name="Machine Id">
            <value>NSDAVRTLTNG0452-AU</value>
          </Data>
          <Data name="Model">
            <value>Touch N Go</value>
          </Data>
          <Data name="Latitude">
            <value>-33.83478747</value>
          </Data>
          <Data name="Longitude">
            <value>151.2087702675452200</value>
          </Data>
        </ExtendedData>
        <Point>
          <coordinates>
            151.208770267545,-33.83478747,0
          </coordinates>
        </Point>
      </Placemark>
      <Placemark>
        <name>Bradly Avenue</name>
        <description><![CDATA[Machine Id: NSDAVRTLTNG0454-AU<br>Model: Touch N Go<br>Latitude: -33.84365677<br>Longitude: 151.2142647533110300]]></description>
        <styleUrl>#icon-1899-0288D1</styleUrl>
        <ExtendedData>
          <Data name="Machine Id">
            <value>NSDAVRTLTNG0454-AU</value>
          </Data>
          <Data name="Model">
            <value>Touch N Go</value>
          </Data>
          <Data name="Latitude">
            <value>-33.84365677</value>
          </Data>
          <Data name="Longitude">
            <value>151.2142647533110300</value>
          </Data>
        </ExtendedData>
        <Point>
          <coordinates>
            151.214264753311,-33.84365677,0
          </coordinates>
        </Point>
      </Placemark>
      <Placemark>
        <name>Ridge Street</name>
        <description><![CDATA[Machine Id: NSDAVRTLTNG0455-AU<br>Model: Touch N Go<br>Latitude: -33.83327831<br>Longitude: 151.2104059935229800]]></description>
        <styleUrl>#icon-1899-0288D1</styleUrl>
        <ExtendedData>
          <Data name="Machine Id">
            <value>NSDAVRTLTNG0455-AU</value>
          </Data>
          <Data name="Model">
            <value>Touch N Go</value>
          </Data>
          <Data name="Latitude">
            <value>-33.83327831</value>
          </Data>
          <Data name="Longitude">
            <value>151.2104059935229800</value>
          </Data>
        </ExtendedData>
        <Point>
          <coordinates>
            151.210405993523,-33.83327831,0
          </coordinates>
        </Point>
      </Placemark>
    </Folder>
    <Folder>
      <name>Parking Meters</name>
      <Placemark>
        <name>Chandos Street</name>
        <description><![CDATA[Machine Id: NSD_1101-AU<br>Model: Parking Meter<br>Latitude: -33.82213642<br>Longitude: 151.1950158386043800]]></description>
        <styleUrl>#icon-1899-FF5252</styleUrl>
        <ExtendedData>
          <Data name="Machine Id">
            <value>NSD_1101-AU</value>
          </Data>
          <Data name="Model">
            <value>Parking Meter</value>
          </Data>
          <Data name="Latitude">
            <value>-33.82213642</value>
          </Data>
          <Data name="Longitude">
            <value>151.1950158386043800</value>
          </Data>
        </ExtendedData>
        <Point>
          <coordinates>
            151.195015838604,-33.82213642,0
          </coordinates>
        </Point>
      </Placemark>
      <Placemark>
        <name>Chandos Street</name>
        <description><![CDATA[Machine Id: NSD_1102-AU<br>Model: Parking Meter<br>Latitude: -33.82210385<br>Longitude: 151.1967524072387300]]></description>
        <styleUrl>#icon-1899-FF5252</styleUrl>
        <ExtendedData>
          <Data name="Machine Id">
            <value>NSD_1102-AU</value>
          </Data>
          <Data name="Model">
            <value>Parking Meter</value>
          </Data>
          <Data name="Latitude">
            <value>-33.82210385</value>
          </Data>
          <Data name="Longitude">
            <value>151.1967524072387300</value>
          </Data>
        </ExtendedData>
        <Point>
          <coordinates>
            151.196752407239,-33.82210385,0
          </coordinates>
        </Point>
      </Placemark>
      <Placemark>
        <name>Chandos Street</name>
        <description><![CDATA[Machine Id: NSD_1103-AU<br>Model: Parking Meter<br>Latitude: -33.82212161<br>Longitude: 151.1981652566938400]]></description>
        <styleUrl>#icon-1899-FF5252</styleUrl>
        <ExtendedData>
          <Data name="Machine Id">
            <value>NSD_1103-AU</value>
          </Data>
          <Data name="Model">
            <value>Parking Meter</value>
          </Data>
          <Data name="Latitude">
            <value>-33.82212161</value>
          </Data>
          <Data name="Longitude">
            <value>151.1981652566938400</value>
          </Data>
        </ExtendedData>
        <Point>
          <coordinates>
            151.198165256694,-33.82212161,0
          </coordinates>
        </Point>
      </Placemark>
      <Placemark>
        <name>Chandos Street</name>
        <description><![CDATA[Machine Id: NSD_1104-AU<br>Model: Parking Meter<br>Latitude: -33.82209636<br>Longitude: 151.1997452487592600]]></description>
        <styleUrl>#icon-1899-FF5252</styleUrl>
        <ExtendedData>
          <Data name="Machine Id">
            <value>NSD_1104-AU</value>
          </Data>
          <Data name="Model">
            <value>Parking Meter</value>
          </Data>
          <Data name="Latitude">
            <value>-33.82209636</value>
          </Data>
          <Data name="Longitude">
            <value>151.1997452487592600</value>
          </Data>
        </ExtendedData>
        <Point>
          <coordinates>
            151.199745248759,-33.82209636,0
          </coordinates>
        </Point>
      </Placemark>
      <Placemark>
        <name>Atchison Street</name>
        <description><![CDATA[Machine Id: NSD_1105-AU<br>Model: Parking Meter<br>Latitude: -33.82283938<br>Longitude: 151.1963388644423700]]></description>
        <styleUrl>#icon-1899-FF5252</styleUrl>
        <ExtendedData>
          <Data name="Machine Id">
            <value>NSD_1105-AU</value>
          </Data>
          <Data name="Model">
            <value>Parking Meter</value>
          </Data>
          <Data name="Latitude">
            <value>-33.82283938</value>
          </Data>
          <Data name="Longitude">
            <value>151.1963388644423700</value>
          </Data>
        </ExtendedData>
        <Point>
          <coordinates>
            151.196338864442,-33.82283938,0
          </coordinates>
        </Point>
      </Placemark>
      <Placemark>
        <name>Atchison Street</name>
        <description><![CDATA[Machine Id: NSD_1107-AU<br>Model: Parking Meter<br>Latitude: -33.82298008<br>Longitude: 151.1977353534324200]]></description>
        <styleUrl>#icon-1899-FF5252</styleUrl>
        <ExtendedData>
          <Data name="Machine Id">
            <value>NSD_1107-AU</value>
          </Data>
          <Data name="Model">
            <value>Parking Meter</value>
          </Data>
          <Data name="Latitude">
            <value>-33.82298008</value>
          </Data>
          <Data name="Longitude">
            <value>151.1977353534324200</value>
          </Data>
        </ExtendedData>
        <Point>
          <coordinates>
            151.197735353432,-33.82298008,0
          </coordinates>
        </Point>
      </Placemark>
      <Placemark>
        <name>Oxley Street</name>
        <description><![CDATA[Machine Id: NSD_1108-AU<br>Model: Parking Meter<br>Latitude: -33.8231452<br>Longitude: 151.1989991784026600]]></description>
        <styleUrl>#icon-1899-FF5252</styleUrl>
        <ExtendedData>
          <Data name="Machine Id">
            <value>NSD_1108-AU</value>
          </Data>
          <Data name="Model">
            <value>Parking Meter</value>
          </Data>
          <Data name="Latitude">
            <value>-33.8231452</value>
          </Data>
          <Data name="Longitude">
            <value>151.1989991784026600</value>
          </Data>
        </ExtendedData>
        <Point>
          <coordinates>
            151.198999178403,-33.8231452,0
          </coordinates>
        </Point>
      </Placemark>
      <Placemark>
        <name>Albany Street</name>
        <description><![CDATA[Machine Id: NSD_1109-AU<br>Model: Parking Meter<br>Latitude: -33.82377176<br>Longitude: 151.1981301380113500]]></description>
        <styleUrl>#icon-1899-FF5252</styleUrl>
        <ExtendedData>
          <Data name="Machine Id">
            <value>NSD_1109-AU</value>
          </Data>
          <Data name="Model">
            <value>Parking Meter</value>
          </Data>
          <Data name="Latitude">
            <value>-33.82377176</value>
          </Data>
          <Data name="Longitude">
            <value>151.1981301380113500</value>
          </Data>
        </ExtendedData>
        <Point>
          <coordinates>
            151.198130138011,-33.82377176,0
          </coordinates>
        </Point>
      </Placemark>
      <Placemark>
        <name>Albany Street</name>
        <description><![CDATA[Machine Id: NSD_1110-AU<br>Model: Parking Meter<br>Latitude: -33.82376892<br>Longitude: 151.1997841355312000]]></description>
        <styleUrl>#icon-1899-FF5252</styleUrl>
        <ExtendedData>
          <Data name="Machine Id">
            <value>NSD_1110-AU</value>
          </Data>
          <Data name="Model">
            <value>Parking Meter</value>
          </Data>
          <Data name="Latitude">
            <value>-33.82376892</value>
          </Data>
          <Data name="Longitude">
            <value>151.1997841355312000</value>
          </Data>
        </ExtendedData>
        <Point>
          <coordinates>
            151.199784135531,-33.82376892,0
          </coordinates>
        </Point>
      </Placemark>
      <Placemark>
        <name>Clarke Street</name>
        <description><![CDATA[Machine Id: NSD_1111-AU<br>Model: Parking Meter<br>Latitude: -33.82488157<br>Longitude: 151.1992845788868200]]></description>
        <styleUrl>#icon-1899-FF5252</styleUrl>
        <ExtendedData>
          <Data name="Machine Id">
            <value>NSD_1111-AU</value>
          </Data>
          <Data name="Model">
            <value>Parking Meter</value>
          </Data>
          <Data name="Latitude">
            <value>-33.82488157</value>
          </Data>
          <Data name="Longitude">
            <value>151.1992845788868200</value>
          </Data>
        </ExtendedData>
        <Point>
          <coordinates>
            151.199284578887,-33.82488157,0
          </coordinates>
        </Point>
      </Placemark>
      <Placemark>
        <name>Clarke Street</name>
        <description><![CDATA[Machine Id: NSD_1112-AU<br>Model: Parking Meter<br>Latitude: -33.82594965<br>Longitude: 151.2002604857295000]]></description>
        <styleUrl>#icon-1899-FF5252</styleUrl>
        <ExtendedData>
          <Data name="Machine Id">
            <value>NSD_1112-AU</value>
          </Data>
          <Data name="Model">
            <value>Parking Meter</value>
          </Data>
          <Data name="Latitude">
            <value>-33.82594965</value>
          </Data>
          <Data name="Longitude">
            <value>151.2002604857295000</value>
          </Data>
        </ExtendedData>
        <Point>
          <coordinates>
            151.20026048573,-33.82594965,0
          </coordinates>
        </Point>
      </Placemark>
      <Placemark>
        <name>Willoughby Road</name>
        <description><![CDATA[Machine Id: NSD_1113-AU<br>Model: Parking Meter<br>Latitude: -33.82669634<br>Longitude: 151.2007844396534000]]></description>
        <styleUrl>#icon-1899-FF5252</styleUrl>
        <ExtendedData>
          <Data name="Machine Id">
            <value>NSD_1113-AU</value>
          </Data>
          <Data name="Model">
            <value>Parking Meter</value>
          </Data>
          <Data name="Latitude">
            <value>-33.82669634</value>
          </Data>
          <Data name="Longitude">
            <value>151.2007844396534000</value>
          </Data>
        </ExtendedData>
        <Point>
          <coordinates>
            151.200784439653,-33.82669634,0
          </coordinates>
        </Point>
      </Placemark>
      <Placemark>
        <name>Willoughby Road</name>
        <description><![CDATA[Machine Id: NSD_1114-AU<br>Model: Parking Meter<br>Latitude: -33.82557734<br>Longitude: 151.2007786474591200]]></description>
        <styleUrl>#icon-1899-FF5252</styleUrl>
        <ExtendedData>
          <Data name="Machine Id">
            <value>NSD_1114-AU</value>
          </Data>
          <Data name="Model">
            <value>Parking Meter</value>
          </Data>
          <Data name="Latitude">
            <value>-33.82557734</value>
          </Data>
          <Data name="Longitude">
            <value>151.2007786474591200</value>
          </Data>
        </ExtendedData>
        <Point>
          <coordinates>
            151.200778647459,-33.82557734,0
          </coordinates>
        </Point>
      </Placemark>
      <Placemark>
        <name>Willoughby Road</name>
        <description><![CDATA[Machine Id: NSD_1115-AU<br>Model: Parking Meter<br>Latitude: -33.8239775<br>Longitude: 151.2009465419118600]]></description>
        <styleUrl>#icon-1899-FF5252</styleUrl>
        <ExtendedData>
          <Data name="Machine Id">
            <value>NSD_1115-AU</value>
          </Data>
          <Data name="Model">
            <value>Parking Meter</value>
          </Data>
          <Data name="Latitude">
            <value>-33.8239775</value>
          </Data>
          <Data name="Longitude">
            <value>151.2009465419118600</value>
          </Data>
        </ExtendedData>
        <Point>
          <coordinates>
            151.200946541912,-33.8239775,0
          </coordinates>
        </Point>
      </Placemark>
      <Placemark>
        <name>Alexander Street</name>
        <description><![CDATA[Machine Id: NSD_1116-AU<br>Model: Parking Meter<br>Latitude: -33.82712747<br>Longitude: 151.2021012276426600]]></description>
        <styleUrl>#icon-1899-FF5252</styleUrl>
        <ExtendedData>
          <Data name="Machine Id">
            <value>NSD_1116-AU</value>
          </Data>
          <Data name="Model">
            <value>Parking Meter</value>
          </Data>
          <Data name="Latitude">
            <value>-33.82712747</value>
          </Data>
          <Data name="Longitude">
            <value>151.2021012276426600</value>
          </Data>
        </ExtendedData>
        <Point>
          <coordinates>
            151.202101227643,-33.82712747,0
          </coordinates>
        </Point>
      </Placemark>
      <Placemark>
        <name>Alexander Street</name>
        <description><![CDATA[Machine Id: NSD_1117-AU<br>Model: Parking Meter<br>Latitude: -33.82646802<br>Longitude: 151.2022538628554300]]></description>
        <styleUrl>#icon-1899-FF5252</styleUrl>
        <ExtendedData>
          <Data name="Machine Id">
            <value>NSD_1117-AU</value>
          </Data>
          <Data name="Model">
            <value>Parking Meter</value>
          </Data>
          <Data name="Latitude">
            <value>-33.82646802</value>
          </Data>
          <Data name="Longitude">
            <value>151.2022538628554300</value>
          </Data>
        </ExtendedData>
        <Point>
          <coordinates>
            151.202253862855,-33.82646802,0
          </coordinates>
        </Point>
      </Placemark>
      <Placemark>
        <name>Alexander Street</name>
        <description><![CDATA[Machine Id: NSD_1120-AU<br>Model: Parking Meter<br>Latitude: -33.82459252<br>Longitude: 151.2026971881870200]]></description>
        <styleUrl>#icon-1899-FF5252</styleUrl>
        <ExtendedData>
          <Data name="Machine Id">
            <value>NSD_1120-AU</value>
          </Data>
          <Data name="Model">
            <value>Parking Meter</value>
          </Data>
          <Data name="Latitude">
            <value>-33.82459252</value>
          </Data>
          <Data name="Longitude">
            <value>151.2026971881870200</value>
          </Data>
        </ExtendedData>
        <Point>
          <coordinates>
            151.202697188187,-33.82459252,0
          </coordinates>
        </Point>
      </Placemark>
      <Placemark>
        <name>Albany Street</name>
        <description><![CDATA[Machine Id: NSD_1121-AU<br>Model: Parking Meter<br>Latitude: -33.82402595<br>Longitude: 151.2020177437703000]]></description>
        <styleUrl>#icon-1899-FF5252</styleUrl>
        <ExtendedData>
          <Data name="Machine Id">
            <value>NSD_1121-AU</value>
          </Data>
          <Data name="Model">
            <value>Parking Meter</value>
          </Data>
          <Data name="Latitude">
            <value>-33.82402595</value>
          </Data>
          <Data name="Longitude">
            <value>151.2020177437703000</value>
          </Data>
        </ExtendedData>
        <Point>
          <coordinates>
            151.20201774377,-33.82402595,0
          </coordinates>
        </Point>
      </Placemark>
      <Placemark>
        <name>Holtermann Street</name>
        <description><![CDATA[Machine Id: NSD_1122-AU<br>Model: Parking Meter<br>Latitude: -33.82505609<br>Longitude: 151.2033034500807400]]></description>
        <styleUrl>#icon-1899-FF5252</styleUrl>
        <ExtendedData>
          <Data name="Machine Id">
            <value>NSD_1122-AU</value>
          </Data>
          <Data name="Model">
            <value>Parking Meter</value>
          </Data>
          <Data name="Latitude">
            <value>-33.82505609</value>
          </Data>
          <Data name="Longitude">
            <value>151.2033034500807400</value>
          </Data>
        </ExtendedData>
        <Point>
          <coordinates>
            151.203303450081,-33.82505609,0
          </coordinates>
        </Point>
      </Placemark>
      <Placemark>
        <name>Alexander Street</name>
        <description><![CDATA[Machine Id: NSD_1123-AU<br>Model: Parking Meter<br>Latitude: -33.8254728<br>Longitude: 151.2023889793336000]]></description>
        <styleUrl>#icon-1899-FF5252</styleUrl>
        <ExtendedData>
          <Data name="Machine Id">
            <value>NSD_1123-AU</value>
          </Data>
          <Data name="Model">
            <value>Parking Meter</value>
          </Data>
          <Data name="Latitude">
            <value>-33.8254728</value>
          </Data>
          <Data name="Longitude">
            <value>151.2023889793336000</value>
          </Data>
        </ExtendedData>
        <Point>
          <coordinates>
            151.202388979334,-33.8254728,0
          </coordinates>
        </Point>
      </Placemark>
      <Placemark>
        <name>Holtermann Street</name>
        <description><![CDATA[Machine Id: NSD_1124-AU<br>Model: Parking Meter<br>Latitude: -33.82478344<br>Longitude: 151.2016074517816800]]></description>
        <styleUrl>#icon-1899-FF5252</styleUrl>
        <ExtendedData>
          <Data name="Machine Id">
            <value>NSD_1124-AU</value>
          </Data>
          <Data name="Model">
            <value>Parking Meter</value>
          </Data>
          <Data name="Latitude">
            <value>-33.82478344</value>
          </Data>
          <Data name="Longitude">
            <value>151.2016074517816800</value>
          </Data>
        </ExtendedData>
        <Point>
          <coordinates>
            151.201607451782,-33.82478344,0
          </coordinates>
        </Point>
      </Placemark>
      <Placemark>
        <name>Pacific Highway</name>
        <description><![CDATA[Machine Id: NSD_1125-AU<br>Model: Parking Meter<br>Latitude: -33.82446412<br>Longitude: 151.1979004707261000]]></description>
        <styleUrl>#icon-1899-FF5252</styleUrl>
        <ExtendedData>
          <Data name="Machine Id">
            <value>NSD_1125-AU</value>
          </Data>
          <Data name="Model">
            <value>Parking Meter</value>
          </Data>
          <Data name="Latitude">
            <value>-33.82446412</value>
          </Data>
          <Data name="Longitude">
            <value>151.1979004707261000</value>
          </Data>
        </ExtendedData>
        <Point>
          <coordinates>
            151.197900470726,-33.82446412,0
          </coordinates>
        </Point>
      </Placemark>
      <Placemark>
        <name>Hume Street</name>
        <description><![CDATA[Machine Id: NSD_1126-AU<br>Model: Parking Meter<br>Latitude: -33.82477447<br>Longitude: 151.2000125453000400]]></description>
        <styleUrl>#icon-1899-FF5252</styleUrl>
        <ExtendedData>
          <Data name="Machine Id">
            <value>NSD_1126-AU</value>
          </Data>
          <Data name="Model">
            <value>Parking Meter</value>
          </Data>
          <Data name="Latitude">
            <value>-33.82477447</value>
          </Data>
          <Data name="Longitude">
            <value>151.2000125453000400</value>
          </Data>
        </ExtendedData>
        <Point>
          <coordinates>
            151.2000125453,-33.82477447,0
          </coordinates>
        </Point>
      </Placemark>
      <Placemark>
        <name>Oxley Street</name>
        <description><![CDATA[Machine Id: NSD_1128-AU<br>Model: Parking Meter<br>Latitude: -33.82594234<br>Longitude: 151.1970295974470000]]></description>
        <styleUrl>#icon-1899-FF5252</styleUrl>
        <ExtendedData>
          <Data name="Machine Id">
            <value>NSD_1128-AU</value>
          </Data>
          <Data name="Model">
            <value>Parking Meter</value>
          </Data>
          <Data name="Latitude">
            <value>-33.82594234</value>
          </Data>
          <Data name="Longitude">
            <value>151.1970295974470000</value>
          </Data>
        </ExtendedData>
        <Point>
          <coordinates>
            151.197029597447,-33.82594234,0
          </coordinates>
        </Point>
      </Placemark>
      <Placemark>
        <name>Pacific Highway</name>
        <description><![CDATA[Machine Id: NSD_1129-AU<br>Model: Parking Meter<br>Latitude: -33.82684162<br>Longitude: 151.1997706418529200]]></description>
        <styleUrl>#icon-1899-FF5252</styleUrl>
        <ExtendedData>
          <Data name="Machine Id">
            <value>NSD_1129-AU</value>
          </Data>
          <Data name="Model">
            <value>Parking Meter</value>
          </Data>
          <Data name="Latitude">
            <value>-33.82684162</value>
          </Data>
          <Data name="Longitude">
            <value>151.1997706418529200</value>
          </Data>
        </ExtendedData>
        <Point>
          <coordinates>
            151.199770641853,-33.82684162,0
          </coordinates>
        </Point>
      </Placemark>
      <Placemark>
        <name>Eden Street</name>
        <description><![CDATA[Machine Id: NSD_2111-AU<br>Model: Parking Meter<br>Latitude: -33.83135105<br>Longitude: 151.2048230005912000]]></description>
        <styleUrl>#icon-1899-FF5252</styleUrl>
        <ExtendedData>
          <Data name="Machine Id">
            <value>NSD_2111-AU</value>
          </Data>
          <Data name="Model">
            <value>Parking Meter</value>
          </Data>
          <Data name="Latitude">
            <value>-33.83135105</value>
          </Data>
          <Data name="Longitude">
            <value>151.2048230005912000</value>
          </Data>
        </ExtendedData>
        <Point>
          <coordinates>
            151.204823000591,-33.83135105,0
          </coordinates>
        </Point>
      </Placemark>
      <Placemark>
        <name>Miller Street</name>
        <description><![CDATA[Machine Id: NSD_2101-AU<br>Model: Parking Meter<br>Latitude: -33.8320218<br>Longitude: 151.2081349429015500]]></description>
        <styleUrl>#icon-1899-FF5252</styleUrl>
        <ExtendedData>
          <Data name="Machine Id">
            <value>NSD_2101-AU</value>
          </Data>
          <Data name="Model">
            <value>Parking Meter</value>
          </Data>
          <Data name="Latitude">
            <value>-33.8320218</value>
          </Data>
          <Data name="Longitude">
            <value>151.2081349429015500</value>
          </Data>
        </ExtendedData>
        <Point>
          <coordinates>
            151.208134942902,-33.8320218,0
          </coordinates>
        </Point>
      </Placemark>
      <Placemark>
        <name>Miller Street</name>
        <description><![CDATA[Machine Id: NSD_2102-AU<br>Model: Parking Meter<br>Latitude: -33.82977781<br>Longitude: 151.2088401446353300]]></description>
        <styleUrl>#icon-1899-FF5252</styleUrl>
        <ExtendedData>
          <Data name="Machine Id">
            <value>NSD_2102-AU</value>
          </Data>
          <Data name="Model">
            <value>Parking Meter</value>
          </Data>
          <Data name="Latitude">
            <value>-33.82977781</value>
          </Data>
          <Data name="Longitude">
            <value>151.2088401446353300</value>
          </Data>
        </ExtendedData>
        <Point>
          <coordinates>
            151.208840144635,-33.82977781,0
          </coordinates>
        </Point>
      </Placemark>
      <Placemark>
        <name>Miller Street</name>
        <description><![CDATA[Machine Id: NSD_2103-AU<br>Model: Parking Meter<br>Latitude: -33.83208005<br>Longitude: 151.2082691625363700]]></description>
        <styleUrl>#icon-1899-FF5252</styleUrl>
        <ExtendedData>
          <Data name="Machine Id">
            <value>NSD_2103-AU</value>
          </Data>
          <Data name="Model">
            <value>Parking Meter</value>
          </Data>
          <Data name="Latitude">
            <value>-33.83208005</value>
          </Data>
          <Data name="Longitude">
            <value>151.2082691625363700</value>
          </Data>
        </ExtendedData>
        <Point>
          <coordinates>
            151.208269162536,-33.83208005,0
          </coordinates>
        </Point>
      </Placemark>
      <Placemark>
        <name>Ridge Street</name>
        <description><![CDATA[Machine Id: NSD_2104-AU<br>Model: Parking Meter<br>Latitude: -33.83327636<br>Longitude: 151.2109777531452200]]></description>
        <styleUrl>#icon-1899-FF5252</styleUrl>
        <ExtendedData>
          <Data name="Machine Id">
            <value>NSD_2104-AU</value>
          </Data>
          <Data name="Model">
            <value>Parking Meter</value>
          </Data>
          <Data name="Latitude">
            <value>-33.83327636</value>
          </Data>
          <Data name="Longitude">
            <value>151.2109777531452200</value>
          </Data>
        </ExtendedData>
        <Point>
          <coordinates>
            151.210977753145,-33.83327636,0
          </coordinates>
        </Point>
      </Placemark>
      <Placemark>
        <name>Ridge Street</name>
        <description><![CDATA[Machine Id: NSD_2105-AU<br>Model: Parking Meter<br>Latitude: -33.83319166<br>Longitude: 151.2103971323926100]]></description>
        <styleUrl>#icon-1899-FF5252</styleUrl>
        <ExtendedData>
          <Data name="Machine Id">
            <value>NSD_2105-AU</value>
          </Data>
          <Data name="Model">
            <value>Parking Meter</value>
          </Data>
          <Data name="Latitude">
            <value>-33.83319166</value>
          </Data>
          <Data name="Longitude">
            <value>151.2103971323926100</value>
          </Data>
        </ExtendedData>
        <Point>
          <coordinates>
            151.210397132393,-33.83319166,0
          </coordinates>
        </Point>
      </Placemark>
      <Placemark>
        <name>Elliott Street</name>
        <description><![CDATA[Machine Id: NSD_2106-AU<br>Model: Parking Meter<br>Latitude: -33.83332884<br>Longitude: 151.2087652682580800]]></description>
        <styleUrl>#icon-1899-FF5252</styleUrl>
        <ExtendedData>
          <Data name="Machine Id">
            <value>NSD_2106-AU</value>
          </Data>
          <Data name="Model">
            <value>Parking Meter</value>
          </Data>
          <Data name="Latitude">
            <value>-33.83332884</value>
          </Data>
          <Data name="Longitude">
            <value>151.2087652682580800</value>
          </Data>
        </ExtendedData>
        <Point>
          <coordinates>
            151.208765268258,-33.83332884,0
          </coordinates>
        </Point>
      </Placemark>
      <Placemark>
        <name>David Street</name>
        <description><![CDATA[Machine Id: NSD_2107-AU<br>Model: Parking Meter<br>Latitude: -33.82963147<br>Longitude: 151.2029966720407000]]></description>
        <styleUrl>#icon-1899-FF5252</styleUrl>
        <ExtendedData>
          <Data name="Machine Id">
            <value>NSD_2107-AU</value>
          </Data>
          <Data name="Model">
            <value>Parking Meter</value>
          </Data>
          <Data name="Latitude">
            <value>-33.82963147</value>
          </Data>
          <Data name="Longitude">
            <value>151.2029966720407000</value>
          </Data>
        </ExtendedData>
        <Point>
          <coordinates>
            151.202996672041,-33.82963147,0
          </coordinates>
        </Point>
      </Placemark>
      <Placemark>
        <name>Bruce Street</name>
        <description><![CDATA[Machine Id: NSD_2108-AU<br>Model: Parking Meter<br>Latitude: -33.82939593<br>Longitude: 151.2011460297196400]]></description>
        <styleUrl>#icon-1899-FF5252</styleUrl>
        <ExtendedData>
          <Data name="Machine Id">
            <value>NSD_2108-AU</value>
          </Data>
          <Data name="Model">
            <value>Parking Meter</value>
          </Data>
          <Data name="Latitude">
            <value>-33.82939593</value>
          </Data>
          <Data name="Longitude">
            <value>151.2011460297196400</value>
          </Data>
        </ExtendedData>
        <Point>
          <coordinates>
            151.20114602972,-33.82939593,0
          </coordinates>
        </Point>
      </Placemark>
      <Placemark>
        <name>Pacific Highway</name>
        <description><![CDATA[Machine Id: NSD_2109-AU<br>Model: Parking Meter<br>Latitude: -33.83002684<br>Longitude: 151.2022936814011300]]></description>
        <styleUrl>#icon-1899-FF5252</styleUrl>
        <ExtendedData>
          <Data name="Machine Id">
            <value>NSD_2109-AU</value>
          </Data>
          <Data name="Model">
            <value>Parking Meter</value>
          </Data>
          <Data name="Latitude">
            <value>-33.83002684</value>
          </Data>
          <Data name="Longitude">
            <value>151.2022936814011300</value>
          </Data>
        </ExtendedData>
        <Point>
          <coordinates>
            151.202293681401,-33.83002684,0
          </coordinates>
        </Point>
      </Placemark>
      <Placemark>
        <name>Myrtle Street</name>
        <description><![CDATA[Machine Id: NSD_2110-AU<br>Model: Parking Meter<br>Latitude: -33.83097172<br>Longitude: 151.2037226705522800]]></description>
        <styleUrl>#icon-1899-FF5252</styleUrl>
        <ExtendedData>
          <Data name="Machine Id">
            <value>NSD_2110-AU</value>
          </Data>
          <Data name="Model">
            <value>Parking Meter</value>
          </Data>
          <Data name="Latitude">
            <value>-33.83097172</value>
          </Data>
          <Data name="Longitude">
            <value>151.2037226705522800</value>
          </Data>
        </ExtendedData>
        <Point>
          <coordinates>
            151.203722670552,-33.83097172,0
          </coordinates>
        </Point>
      </Placemark>
      <Placemark>
        <name>Ridge Street</name>
        <description><![CDATA[Machine Id: NSD_3101-AU<br>Model: Parking Meter<br>Latitude: -33.83271311<br>Longitude: 151.2068876390080700]]></description>
        <styleUrl>#icon-1899-FF5252</styleUrl>
        <ExtendedData>
          <Data name="Machine Id">
            <value>NSD_3101-AU</value>
          </Data>
          <Data name="Model">
            <value>Parking Meter</value>
          </Data>
          <Data name="Latitude">
            <value>-33.83271311</value>
          </Data>
          <Data name="Longitude">
            <value>151.2068876390080700</value>
          </Data>
        </ExtendedData>
        <Point>
          <coordinates>
            151.206887639008,-33.83271311,0
          </coordinates>
        </Point>
      </Placemark>
      <Placemark>
        <name>Ridge Street</name>
        <description><![CDATA[Machine Id: NSD_3102-AU<br>Model: Parking Meter<br>Latitude: -33.83258063<br>Longitude: 151.2064779270170000]]></description>
        <styleUrl>#icon-1899-FF5252</styleUrl>
        <ExtendedData>
          <Data name="Machine Id">
            <value>NSD_3102-AU</value>
          </Data>
          <Data name="Model">
            <value>Parking Meter</value>
          </Data>
          <Data name="Latitude">
            <value>-33.83258063</value>
          </Data>
          <Data name="Longitude">
            <value>151.2064779270170000</value>
          </Data>
        </ExtendedData>
        <Point>
          <coordinates>
            151.206477927017,-33.83258063,0
          </coordinates>
        </Point>
      </Placemark>
      <Placemark>
        <name>Miller Street</name>
        <description><![CDATA[Machine Id: NSD_3103-AU<br>Model: Parking Meter<br>Latitude: -33.83407977<br>Longitude: 151.2077616956366600]]></description>
        <styleUrl>#icon-1899-FF5252</styleUrl>
        <ExtendedData>
          <Data name="Machine Id">
            <value>NSD_3103-AU</value>
          </Data>
          <Data name="Model">
            <value>Parking Meter</value>
          </Data>
          <Data name="Latitude">
            <value>-33.83407977</value>
          </Data>
          <Data name="Longitude">
            <value>151.2077616956366600</value>
          </Data>
        </ExtendedData>
        <Point>
          <coordinates>
            151.207761695637,-33.83407977,0
          </coordinates>
        </Point>
      </Placemark>
      <Placemark>
        <name>Miller Street</name>
        <description><![CDATA[Machine Id: NSD_3104-AU<br>Model: Parking Meter<br>Latitude: -33.83628034<br>Longitude: 151.2073374057589500]]></description>
        <styleUrl>#icon-1899-FF5252</styleUrl>
        <ExtendedData>
          <Data name="Machine Id">
            <value>NSD_3104-AU</value>
          </Data>
          <Data name="Model">
            <value>Parking Meter</value>
          </Data>
          <Data name="Latitude">
            <value>-33.83628034</value>
          </Data>
          <Data name="Longitude">
            <value>151.2073374057589500</value>
          </Data>
        </ExtendedData>
        <Point>
          <coordinates>
            151.207337405759,-33.83628034,0
          </coordinates>
        </Point>
      </Placemark>
      <Placemark>
        <name>Miller Street</name>
        <description><![CDATA[Machine Id: NSD_3105-AU<br>Model: Parking Meter<br>Latitude: -33.83605084<br>Longitude: 151.2075094851833000]]></description>
        <styleUrl>#icon-1899-FF5252</styleUrl>
        <ExtendedData>
          <Data name="Machine Id">
            <value>NSD_3105-AU</value>
          </Data>
          <Data name="Model">
            <value>Parking Meter</value>
          </Data>
          <Data name="Latitude">
            <value>-33.83605084</value>
          </Data>
          <Data name="Longitude">
            <value>151.2075094851833000</value>
          </Data>
        </ExtendedData>
        <Point>
          <coordinates>
            151.207509485183,-33.83605084,0
          </coordinates>
        </Point>
      </Placemark>
      <Placemark>
        <name>Miller Street</name>
        <description><![CDATA[Machine Id: NSD_3106-AU<br>Model: Parking Meter<br>Latitude: -33.8332127<br>Longitude: 151.2080968071819300]]></description>
        <styleUrl>#icon-1899-FF5252</styleUrl>
        <ExtendedData>
          <Data name="Machine Id">
            <value>NSD_3106-AU</value>
          </Data>
          <Data name="Model">
            <value>Parking Meter</value>
          </Data>
          <Data name="Latitude">
            <value>-33.8332127</value>
          </Data>
          <Data name="Longitude">
            <value>151.2080968071819300</value>
          </Data>
        </ExtendedData>
        <Point>
          <coordinates>
            151.208096807182,-33.8332127,0
          </coordinates>
        </Point>
      </Placemark>
      <Placemark>
        <name>Walker Street</name>
        <description><![CDATA[Machine Id: NSD_3107-AU<br>Model: Parking Meter<br>Latitude: -33.83496928<br>Longitude: 151.2096897869642200]]></description>
        <styleUrl>#icon-1899-FF5252</styleUrl>
        <ExtendedData>
          <Data name="Machine Id">
            <value>NSD_3107-AU</value>
          </Data>
          <Data name="Model">
            <value>Parking Meter</value>
          </Data>
          <Data name="Latitude">
            <value>-33.83496928</value>
          </Data>
          <Data name="Longitude">
            <value>151.2096897869642200</value>
          </Data>
        </ExtendedData>
        <Point>
          <coordinates>
            151.209689786964,-33.83496928,0
          </coordinates>
        </Point>
      </Placemark>
      <Placemark>
        <name>Walker Street</name>
        <description><![CDATA[Machine Id: NSD_3109-AU<br>Model: Parking Meter<br>Latitude: -33.83575818<br>Longitude: 151.2094229094564400]]></description>
        <styleUrl>#icon-1899-FF5252</styleUrl>
        <ExtendedData>
          <Data name="Machine Id">
            <value>NSD_3109-AU</value>
          </Data>
          <Data name="Model">
            <value>Parking Meter</value>
          </Data>
          <Data name="Latitude">
            <value>-33.83575818</value>
          </Data>
          <Data name="Longitude">
            <value>151.2094229094564400</value>
          </Data>
        </ExtendedData>
        <Point>
          <coordinates>
            151.209422909456,-33.83575818,0
          </coordinates>
        </Point>
      </Placemark>
      <Placemark>
        <name>McLaren Street</name>
        <description><![CDATA[Machine Id: NSD_3110-AU<br>Model: Parking Meter<br>Latitude: -33.83499494<br>Longitude: 151.2084907523846800]]></description>
        <styleUrl>#icon-1899-FF5252</styleUrl>
        <ExtendedData>
          <Data name="Machine Id">
            <value>NSD_3110-AU</value>
          </Data>
          <Data name="Model">
            <value>Parking Meter</value>
          </Data>
          <Data name="Latitude">
            <value>-33.83499494</value>
          </Data>
          <Data name="Longitude">
            <value>151.2084907523846800</value>
          </Data>
        </ExtendedData>
        <Point>
          <coordinates>
            151.208490752385,-33.83499494,0
          </coordinates>
        </Point>
      </Placemark>
      <Placemark>
        <name>McLaren Street</name>
        <description><![CDATA[Machine Id: NSD_3111-AU<br>Model: Parking Meter<br>Latitude: -33.83458782<br>Longitude: 151.2058704860916000]]></description>
        <styleUrl>#icon-1899-FF5252</styleUrl>
        <ExtendedData>
          <Data name="Machine Id">
            <value>NSD_3111-AU</value>
          </Data>
          <Data name="Model">
            <value>Parking Meter</value>
          </Data>
          <Data name="Latitude">
            <value>-33.83458782</value>
          </Data>
          <Data name="Longitude">
            <value>151.2058704860916000</value>
          </Data>
        </ExtendedData>
        <Point>
          <coordinates>
            151.205870486092,-33.83458782,0
          </coordinates>
        </Point>
      </Placemark>
      <Placemark>
        <name>Church Street</name>
        <description><![CDATA[Machine Id: NSD_3112-AU<br>Model: Parking Meter<br>Latitude: -33.83399827<br>Longitude: 151.2055970773302500]]></description>
        <styleUrl>#icon-1899-FF5252</styleUrl>
        <ExtendedData>
          <Data name="Machine Id">
            <value>NSD_3112-AU</value>
          </Data>
          <Data name="Model">
            <value>Parking Meter</value>
          </Data>
          <Data name="Latitude">
            <value>-33.83399827</value>
          </Data>
          <Data name="Longitude">
            <value>151.2055970773302500</value>
          </Data>
        </ExtendedData>
        <Point>
          <coordinates>
            151.20559707733,-33.83399827,0
          </coordinates>
        </Point>
      </Placemark>
      <Placemark>
        <name>Walker Street</name>
        <description><![CDATA[Machine Id: NSD_4101-AU<br>Model: Parking Meter<br>Latitude: -33.83790795<br>Longitude: 151.2090205790377700]]></description>
        <styleUrl>#icon-1899-FF5252</styleUrl>
        <ExtendedData>
          <Data name="Machine Id">
            <value>NSD_4101-AU</value>
          </Data>
          <Data name="Model">
            <value>Parking Meter</value>
          </Data>
          <Data name="Latitude">
            <value>-33.83790795</value>
          </Data>
          <Data name="Longitude">
            <value>151.2090205790377700</value>
          </Data>
        </ExtendedData>
        <Point>
          <coordinates>
            151.209020579038,-33.83790795,0
          </coordinates>
        </Point>
      </Placemark>
      <Placemark>
        <name>Mount Street</name>
        <description><![CDATA[Machine Id: NSD_4102-AU<br>Model: Parking Meter<br>Latitude: -33.83901615<br>Longitude: 151.2084838032541300]]></description>
        <styleUrl>#icon-1899-FF5252</styleUrl>
        <ExtendedData>
          <Data name="Machine Id">
            <value>NSD_4102-AU</value>
          </Data>
          <Data name="Model">
            <value>Parking Meter</value>
          </Data>
          <Data name="Latitude">
            <value>-33.83901615</value>
          </Data>
          <Data name="Longitude">
            <value>151.2084838032541300</value>
          </Data>
        </ExtendedData>
        <Point>
          <coordinates>
            151.208483803254,-33.83901615,0
          </coordinates>
        </Point>
      </Placemark>
      <Placemark>
        <name>Walker Street</name>
        <description><![CDATA[Machine Id: NSD_4103-AU<br>Model: Parking Meter<br>Latitude: -33.8400132<br>Longitude: 151.2086030744934800]]></description>
        <styleUrl>#icon-1899-FF5252</styleUrl>
        <ExtendedData>
          <Data name="Machine Id">
            <value>NSD_4103-AU</value>
          </Data>
          <Data name="Model">
            <value>Parking Meter</value>
          </Data>
          <Data name="Latitude">
            <value>-33.8400132</value>
          </Data>
          <Data name="Longitude">
            <value>151.2086030744934800</value>
          </Data>
        </ExtendedData>
        <Point>
          <coordinates>
            151.208603074493,-33.8400132,0
          </coordinates>
        </Point>
      </Placemark>
      <Placemark>
        <name>Walker Street</name>
        <description><![CDATA[Machine Id: NSD_4104-AU<br>Model: Parking Meter<br>Latitude: -33.83936864<br>Longitude: 151.2088051604768000]]></description>
        <styleUrl>#icon-1899-FF5252</styleUrl>
        <ExtendedData>
          <Data name="Machine Id">
            <value>NSD_4104-AU</value>
          </Data>
          <Data name="Model">
            <value>Parking Meter</value>
          </Data>
          <Data name="Latitude">
            <value>-33.83936864</value>
          </Data>
          <Data name="Longitude">
            <value>151.2088051604768000</value>
          </Data>
        </ExtendedData>
        <Point>
          <coordinates>
            151.208805160477,-33.83936864,0
          </coordinates>
        </Point>
      </Placemark>
      <Placemark>
        <name>Mount Street</name>
        <description><![CDATA[Machine Id: NSD_4105-AU<br>Model: Parking Meter<br>Latitude: -33.83917825<br>Longitude: 151.2092154551980300]]></description>
        <styleUrl>#icon-1899-FF5252</styleUrl>
        <ExtendedData>
          <Data name="Machine Id">
            <value>NSD_4105-AU</value>
          </Data>
          <Data name="Model">
            <value>Parking Meter</value>
          </Data>
          <Data name="Latitude">
            <value>-33.83917825</value>
          </Data>
          <Data name="Longitude">
            <value>151.2092154551980300</value>
          </Data>
        </ExtendedData>
        <Point>
          <coordinates>
            151.209215455198,-33.83917825,0
          </coordinates>
        </Point>
      </Placemark>
      <Placemark>
        <name>Little Walker Street</name>
        <description><![CDATA[Machine Id: NSD_4106-AU<br>Model: Parking Meter<br>Latitude: -33.8378728<br>Longitude: 151.2097223953629200]]></description>
        <styleUrl>#icon-1899-FF5252</styleUrl>
        <ExtendedData>
          <Data name="Machine Id">
            <value>NSD_4106-AU</value>
          </Data>
          <Data name="Model">
            <value>Parking Meter</value>
          </Data>
          <Data name="Latitude">
            <value>-33.8378728</value>
          </Data>
          <Data name="Longitude">
            <value>151.2097223953629200</value>
          </Data>
        </ExtendedData>
        <Point>
          <coordinates>
            151.209722395363,-33.8378728,0
          </coordinates>
        </Point>
      </Placemark>
      <Placemark>
        <name>Walker Street</name>
        <description><![CDATA[Machine Id: NSD_4107-AU<br>Model: Parking Meter<br>Latitude: -33.83872506<br>Longitude: 151.2089728881228700]]></description>
        <styleUrl>#icon-1899-FF5252</styleUrl>
        <ExtendedData>
          <Data name="Machine Id">
            <value>NSD_4107-AU</value>
          </Data>
          <Data name="Model">
            <value>Parking Meter</value>
          </Data>
          <Data name="Latitude">
            <value>-33.83872506</value>
          </Data>
          <Data name="Longitude">
            <value>151.2089728881228700</value>
          </Data>
        </ExtendedData>
        <Point>
          <coordinates>
            151.208972888123,-33.83872506,0
          </coordinates>
        </Point>
      </Placemark>
      <Placemark>
        <name>William Street</name>
        <description><![CDATA[Machine Id: NSD_4108-AU<br>Model: Parking Meter<br>Latitude: -33.83970695<br>Longitude: 151.2057378064587300]]></description>
        <styleUrl>#icon-1899-FF5252</styleUrl>
        <ExtendedData>
          <Data name="Machine Id">
            <value>NSD_4108-AU</value>
          </Data>
          <Data name="Model">
            <value>Parking Meter</value>
          </Data>
          <Data name="Latitude">
            <value>-33.83970695</value>
          </Data>
          <Data name="Longitude">
            <value>151.2057378064587300</value>
          </Data>
        </ExtendedData>
        <Point>
          <coordinates>
            151.205737806459,-33.83970695,0
          </coordinates>
        </Point>
      </Placemark>
      <Placemark>
        <name>William Street</name>
        <description><![CDATA[Machine Id: NSD_4109-AU<br>Model: Parking Meter<br>Latitude: -33.84123016<br>Longitude: 151.2054762851138600]]></description>
        <styleUrl>#icon-1899-FF5252</styleUrl>
        <ExtendedData>
          <Data name="Machine Id">
            <value>NSD_4109-AU</value>
          </Data>
          <Data name="Model">
            <value>Parking Meter</value>
          </Data>
          <Data name="Latitude">
            <value>-33.84123016</value>
          </Data>
          <Data name="Longitude">
            <value>151.2054762851138600</value>
          </Data>
        </ExtendedData>
        <Point>
          <coordinates>
            151.205476285114,-33.84123016,0
          </coordinates>
        </Point>
      </Placemark>
      <Placemark>
        <name>Blues Point Road</name>
        <description><![CDATA[Machine Id: NSD_4110-AU<br>Model: Parking Meter<br>Latitude: -33.84195119<br>Longitude: 151.2057347918003500]]></description>
        <styleUrl>#icon-1899-FF5252</styleUrl>
        <ExtendedData>
          <Data name="Machine Id">
            <value>NSD_4110-AU</value>
          </Data>
          <Data name="Model">
            <value>Parking Meter</value>
          </Data>
          <Data name="Latitude">
            <value>-33.84195119</value>
          </Data>
          <Data name="Longitude">
            <value>151.2057347918003500</value>
          </Data>
        </ExtendedData>
        <Point>
          <coordinates>
            151.2057347918,-33.84195119,0
          </coordinates>
        </Point>
      </Placemark>
      <Placemark>
        <name>Blues Point Road</name>
        <description><![CDATA[Machine Id: NSD_4111-AU<br>Model: Parking Meter<br>Latitude: -33.84126572<br>Longitude: 151.2061033445035300]]></description>
        <styleUrl>#icon-1899-FF5252</styleUrl>
        <ExtendedData>
          <Data name="Machine Id">
            <value>NSD_4111-AU</value>
          </Data>
          <Data name="Model">
            <value>Parking Meter</value>
          </Data>
          <Data name="Latitude">
            <value>-33.84126572</value>
          </Data>
          <Data name="Longitude">
            <value>151.2061033445035300</value>
          </Data>
        </ExtendedData>
        <Point>
          <coordinates>
            151.206103344504,-33.84126572,0
          </coordinates>
        </Point>
      </Placemark>
      <Placemark>
        <name>Blue Street</name>
        <description><![CDATA[Machine Id: NSD_4112-AU<br>Model: Parking Meter<br>Latitude: -33.84081667<br>Longitude: 151.2061694718611000]]></description>
        <styleUrl>#icon-1899-FF5252</styleUrl>
        <ExtendedData>
          <Data name="Machine Id">
            <value>NSD_4112-AU</value>
          </Data>
          <Data name="Model">
            <value>Parking Meter</value>
          </Data>
          <Data name="Latitude">
            <value>-33.84081667</value>
          </Data>
          <Data name="Longitude">
            <value>151.2061694718611000</value>
          </Data>
        </ExtendedData>
        <Point>
          <coordinates>
            151.206169471861,-33.84081667,0
          </coordinates>
        </Point>
      </Placemark>
      <Placemark>
        <name>Miller Street</name>
        <description><![CDATA[Machine Id: NSD_4113-AU<br>Model: Parking Meter<br>Latitude: -33.83946759<br>Longitude: 151.2068224207826000]]></description>
        <styleUrl>#icon-1899-FF5252</styleUrl>
        <ExtendedData>
          <Data name="Machine Id">
            <value>NSD_4113-AU</value>
          </Data>
          <Data name="Model">
            <value>Parking Meter</value>
          </Data>
          <Data name="Latitude">
            <value>-33.83946759</value>
          </Data>
          <Data name="Longitude">
            <value>151.2068224207826000</value>
          </Data>
        </ExtendedData>
        <Point>
          <coordinates>
            151.206822420783,-33.83946759,0
          </coordinates>
        </Point>
      </Placemark>
      <Placemark>
        <name>Pacific Highway</name>
        <description><![CDATA[Machine Id: NSD_4114-AU<br>Model: Parking Meter<br>Latitude: -33.83797725<br>Longitude: 151.2064186634497700]]></description>
        <styleUrl>#icon-1899-FF5252</styleUrl>
        <ExtendedData>
          <Data name="Machine Id">
            <value>NSD_4114-AU</value>
          </Data>
          <Data name="Model">
            <value>Parking Meter</value>
          </Data>
          <Data name="Latitude">
            <value>-33.83797725</value>
          </Data>
          <Data name="Longitude">
            <value>151.2064186634497700</value>
          </Data>
        </ExtendedData>
        <Point>
          <coordinates>
            151.20641866345,-33.83797725,0
          </coordinates>
        </Point>
      </Placemark>
      <Placemark>
        <name>Pacific Highway</name>
        <description><![CDATA[Machine Id: NSD_4115-AU<br>Model: Parking Meter<br>Latitude: -33.8371574<br>Longitude: 151.2060520389041500]]></description>
        <styleUrl>#icon-1899-FF5252</styleUrl>
        <ExtendedData>
          <Data name="Machine Id">
            <value>NSD_4115-AU</value>
          </Data>
          <Data name="Model">
            <value>Parking Meter</value>
          </Data>
          <Data name="Latitude">
            <value>-33.8371574</value>
          </Data>
          <Data name="Longitude">
            <value>151.2060520389041500</value>
          </Data>
        </ExtendedData>
        <Point>
          <coordinates>
            151.206052038904,-33.8371574,0
          </coordinates>
        </Point>
      </Placemark>
      <Placemark>
        <name>Doohat Avenue</name>
        <description><![CDATA[Machine Id: NSD_4116-AU<br>Model: Parking Meter<br>Latitude: -33.8358589<br>Longitude: 151.2049483097622700]]></description>
        <styleUrl>#icon-1899-FF5252</styleUrl>
        <ExtendedData>
          <Data name="Machine Id">
            <value>NSD_4116-AU</value>
          </Data>
          <Data name="Model">
            <value>Parking Meter</value>
          </Data>
          <Data name="Latitude">
            <value>-33.8358589</value>
          </Data>
          <Data name="Longitude">
            <value>151.2049483097622700</value>
          </Data>
        </ExtendedData>
        <Point>
          <coordinates>
            151.204948309762,-33.8358589,0
          </coordinates>
        </Point>
      </Placemark>
      <Placemark>
        <name>Edward Street</name>
        <description><![CDATA[Machine Id: NSD_4117-AU<br>Model: Parking Meter<br>Latitude: -33.83640964<br>Longitude: 151.2037339464487200]]></description>
        <styleUrl>#icon-1899-FF5252</styleUrl>
        <ExtendedData>
          <Data name="Machine Id">
            <value>NSD_4117-AU</value>
          </Data>
          <Data name="Model">
            <value>Parking Meter</value>
          </Data>
          <Data name="Latitude">
            <value>-33.83640964</value>
          </Data>
          <Data name="Longitude">
            <value>151.2037339464487200</value>
          </Data>
        </ExtendedData>
        <Point>
          <coordinates>
            151.203733946449,-33.83640964,0
          </coordinates>
        </Point>
      </Placemark>
      <Placemark>
        <name>Berry Street</name>
        <description><![CDATA[Machine Id: NSD_4118-AU<br>Model: Parking Meter<br>Latitude: -33.83675361<br>Longitude: 151.2051634777575700]]></description>
        <styleUrl>#icon-1899-FF5252</styleUrl>
        <ExtendedData>
          <Data name="Machine Id">
            <value>NSD_4118-AU</value>
          </Data>
          <Data name="Model">
            <value>Parking Meter</value>
          </Data>
          <Data name="Latitude">
            <value>-33.83675361</value>
          </Data>
          <Data name="Longitude">
            <value>151.2051634777575700</value>
          </Data>
        </ExtendedData>
        <Point>
          <coordinates>
            151.205163477758,-33.83675361,0
          </coordinates>
        </Point>
      </Placemark>
      <Placemark>
        <name>Mount Street</name>
        <description><![CDATA[Machine Id: NSD_4120-AU<br>Model: Parking Meter<br>Latitude: -33.83865444<br>Longitude: 151.2061576583506300]]></description>
        <styleUrl>#icon-1899-FF5252</styleUrl>
        <ExtendedData>
          <Data name="Machine Id">
            <value>NSD_4120-AU</value>
          </Data>
          <Data name="Model">
            <value>Parking Meter</value>
          </Data>
          <Data name="Latitude">
            <value>-33.83865444</value>
          </Data>
          <Data name="Longitude">
            <value>151.2061576583506300</value>
          </Data>
        </ExtendedData>
        <Point>
          <coordinates>
            151.206157658351,-33.83865444,0
          </coordinates>
        </Point>
      </Placemark>
      <Placemark>
        <name>Mount Street</name>
        <description><![CDATA[Machine Id: NSD_4121-AU<br>Model: Parking Meter<br>Latitude: -33.83847062<br>Longitude: 151.2046965244006700]]></description>
        <styleUrl>#icon-1899-FF5252</styleUrl>
        <ExtendedData>
          <Data name="Machine Id">
            <value>NSD_4121-AU</value>
          </Data>
          <Data name="Model">
            <value>Parking Meter</value>
          </Data>
          <Data name="Latitude">
            <value>-33.83847062</value>
          </Data>
          <Data name="Longitude">
            <value>151.2046965244006700</value>
          </Data>
        </ExtendedData>
        <Point>
          <coordinates>
            151.204696524401,-33.83847062,0
          </coordinates>
        </Point>
      </Placemark>
      <Placemark>
        <name>Edward Street</name>
        <description><![CDATA[Machine Id: NSD_4122-AU<br>Model: Parking Meter<br>Latitude: -33.83743951<br>Longitude: 151.2040036745282000]]></description>
        <styleUrl>#icon-1899-FF5252</styleUrl>
        <ExtendedData>
          <Data name="Machine Id">
            <value>NSD_4122-AU</value>
          </Data>
          <Data name="Model">
            <value>Parking Meter</value>
          </Data>
          <Data name="Latitude">
            <value>-33.83743951</value>
          </Data>
          <Data name="Longitude">
            <value>151.2040036745282000</value>
          </Data>
        </ExtendedData>
        <Point>
          <coordinates>
            151.204003674528,-33.83743951,0
          </coordinates>
        </Point>
      </Placemark>
      <Placemark>
        <name>Mount Street</name>
        <description><![CDATA[Machine Id: NSD_4124-AU<br>Model: Parking Meter<br>Latitude: -33.83865545<br>Longitude: 151.2054897054283600]]></description>
        <styleUrl>#icon-1899-FF5252</styleUrl>
        <ExtendedData>
          <Data name="Machine Id">
            <value>NSD_4124-AU</value>
          </Data>
          <Data name="Model">
            <value>Parking Meter</value>
          </Data>
          <Data name="Latitude">
            <value>-33.83865545</value>
          </Data>
          <Data name="Longitude">
            <value>151.2054897054283600</value>
          </Data>
        </ExtendedData>
        <Point>
          <coordinates>
            151.205489705428,-33.83865545,0
          </coordinates>
        </Point>
      </Placemark>
      <Placemark>
        <name>Lord Street</name>
        <description><![CDATA[Machine Id: NSD_4125-AU<br>Model: Parking Meter<br>Latitude: -33.83897025<br>Longitude: 151.2032944756413700]]></description>
        <styleUrl>#icon-1899-FF5252</styleUrl>
        <ExtendedData>
          <Data name="Machine Id">
            <value>NSD_4125-AU</value>
          </Data>
          <Data name="Model">
            <value>Parking Meter</value>
          </Data>
          <Data name="Latitude">
            <value>-33.83897025</value>
          </Data>
          <Data name="Longitude">
            <value>151.2032944756413700</value>
          </Data>
        </ExtendedData>
        <Point>
          <coordinates>
            151.203294475641,-33.83897025,0
          </coordinates>
        </Point>
      </Placemark>
      <Placemark>
        <name>Alfred Street South</name>
        <description><![CDATA[Machine Id: NSD_5101-AU<br>Model: Parking Meter<br>Latitude: -33.84847999<br>Longitude: 151.2118016132541000]]></description>
        <styleUrl>#icon-1899-FF5252</styleUrl>
        <ExtendedData>
          <Data name="Machine Id">
            <value>NSD_5101-AU</value>
          </Data>
          <Data name="Model">
            <value>Parking Meter</value>
          </Data>
          <Data name="Latitude">
            <value>-33.84847999</value>
          </Data>
          <Data name="Longitude">
            <value>151.2118016132541000</value>
          </Data>
        </ExtendedData>
        <Point>
          <coordinates>
            151.211801613254,-33.84847999,0
          </coordinates>
        </Point>
      </Placemark>
      <Placemark>
        <name>Alfred Street South</name>
        <description><![CDATA[Machine Id: NSD_5102-AU<br>Model: Parking Meter<br>Latitude: -33.84812337<br>Longitude: 151.2117374870430800]]></description>
        <styleUrl>#icon-1899-FF5252</styleUrl>
        <ExtendedData>
          <Data name="Machine Id">
            <value>NSD_5102-AU</value>
          </Data>
          <Data name="Model">
            <value>Parking Meter</value>
          </Data>
          <Data name="Latitude">
            <value>-33.84812337</value>
          </Data>
          <Data name="Longitude">
            <value>151.2117374870430800</value>
          </Data>
        </ExtendedData>
        <Point>
          <coordinates>
            151.211737487043,-33.84812337,0
          </coordinates>
        </Point>
      </Placemark>
      <Placemark>
        <name>Alfred Street South</name>
        <description><![CDATA[Machine Id: NSD_5103-AU<br>Model: Parking Meter<br>Latitude: -33.84702963<br>Longitude: 151.2115529214611000]]></description>
        <styleUrl>#icon-1899-FF5252</styleUrl>
        <ExtendedData>
          <Data name="Machine Id">
            <value>NSD_5103-AU</value>
          </Data>
          <Data name="Model">
            <value>Parking Meter</value>
          </Data>
          <Data name="Latitude">
            <value>-33.84702963</value>
          </Data>
          <Data name="Longitude">
            <value>151.2115529214611000</value>
          </Data>
        </ExtendedData>
        <Point>
          <coordinates>
            151.211552921461,-33.84702963,0
          </coordinates>
        </Point>
      </Placemark>
      <Placemark>
        <name>Alfred Street South</name>
        <description><![CDATA[Machine Id: NSD_5105-AU<br>Model: Parking Meter<br>Latitude: -33.84448645<br>Longitude: 151.2107601589376000]]></description>
        <styleUrl>#icon-1899-FF5252</styleUrl>
        <ExtendedData>
          <Data name="Machine Id">
            <value>NSD_5105-AU</value>
          </Data>
          <Data name="Model">
            <value>Parking Meter</value>
          </Data>
          <Data name="Latitude">
            <value>-33.84448645</value>
          </Data>
          <Data name="Longitude">
            <value>151.2107601589376000</value>
          </Data>
        </ExtendedData>
        <Point>
          <coordinates>
            151.210760158938,-33.84448645,0
          </coordinates>
        </Point>
      </Placemark>
      <Placemark>
        <name>Alfred Street South</name>
        <description><![CDATA[Machine Id: NSD_5106-AU<br>Model: Parking Meter<br>Latitude: -33.84816886<br>Longitude: 151.2116098268648200]]></description>
        <styleUrl>#icon-1899-FF5252</styleUrl>
        <ExtendedData>
          <Data name="Machine Id">
            <value>NSD_5106-AU</value>
          </Data>
          <Data name="Model">
            <value>Parking Meter</value>
          </Data>
          <Data name="Latitude">
            <value>-33.84816886</value>
          </Data>
          <Data name="Longitude">
            <value>151.2116098268648200</value>
          </Data>
        </ExtendedData>
        <Point>
          <coordinates>
            151.211609826865,-33.84816886,0
          </coordinates>
        </Point>
      </Placemark>
      <Placemark>
        <name>Middlemiss Street</name>
        <description><![CDATA[Machine Id: NSD_5107-AU<br>Model: Parking Meter<br>Latitude: -33.84255797<br>Longitude: 151.2099202049282000]]></description>
        <styleUrl>#icon-1899-FF5252</styleUrl>
        <ExtendedData>
          <Data name="Machine Id">
            <value>NSD_5107-AU</value>
          </Data>
          <Data name="Model">
            <value>Parking Meter</value>
          </Data>
          <Data name="Latitude">
            <value>-33.84255797</value>
          </Data>
          <Data name="Longitude">
            <value>151.2099202049282000</value>
          </Data>
        </ExtendedData>
        <Point>
          <coordinates>
            151.209920204928,-33.84255797,0
          </coordinates>
        </Point>
      </Placemark>
      <Placemark>
        <name>Lavender Street</name>
        <description><![CDATA[Machine Id: NSD_5108-AU<br>Model: Parking Meter<br>Latitude: -33.84337678<br>Longitude: 151.2097627158878500]]></description>
        <styleUrl>#icon-1899-FF5252</styleUrl>
        <ExtendedData>
          <Data name="Machine Id">
            <value>NSD_5108-AU</value>
          </Data>
          <Data name="Model">
            <value>Parking Meter</value>
          </Data>
          <Data name="Latitude">
            <value>-33.84337678</value>
          </Data>
          <Data name="Longitude">
            <value>151.2097627158878500</value>
          </Data>
        </ExtendedData>
        <Point>
          <coordinates>
            151.209762715888,-33.84337678,0
          </coordinates>
        </Point>
      </Placemark>
      <Placemark>
        <name>Harbourview Crescent</name>
        <description><![CDATA[Machine Id: NSD_5109-AU<br>Model: Parking Meter<br>Latitude: -33.84402821<br>Longitude: 151.2094977614611000]]></description>
        <styleUrl>#icon-1899-FF5252</styleUrl>
        <ExtendedData>
          <Data name="Machine Id">
            <value>NSD_5109-AU</value>
          </Data>
          <Data name="Model">
            <value>Parking Meter</value>
          </Data>
          <Data name="Latitude">
            <value>-33.84402821</value>
          </Data>
          <Data name="Longitude">
            <value>151.2094977614611000</value>
          </Data>
        </ExtendedData>
        <Point>
          <coordinates>
            151.209497761461,-33.84402821,0
          </coordinates>
        </Point>
      </Placemark>
      <Placemark>
        <name>Cliff Street</name>
        <description><![CDATA[Machine Id: NSD_5110-AU<br>Model: Parking Meter<br>Latitude: -33.84474363<br>Longitude: 151.2104261408073300]]></description>
        <styleUrl>#icon-1899-FF5252</styleUrl>
        <ExtendedData>
          <Data name="Machine Id">
            <value>NSD_5110-AU</value>
          </Data>
          <Data name="Model">
            <value>Parking Meter</value>
          </Data>
          <Data name="Latitude">
            <value>-33.84474363</value>
          </Data>
          <Data name="Longitude">
            <value>151.2104261408073300</value>
          </Data>
        </ExtendedData>
        <Point>
          <coordinates>
            151.210426140807,-33.84474363,0
          </coordinates>
        </Point>
      </Placemark>
      <Placemark>
        <name>Glen Street</name>
        <description><![CDATA[Machine Id: NSD_5111-AU<br>Model: Parking Meter<br>Latitude: -33.84732092<br>Longitude: 151.2105476730410800]]></description>
        <styleUrl>#icon-1899-FF5252</styleUrl>
        <ExtendedData>
          <Data name="Machine Id">
            <value>NSD_5111-AU</value>
          </Data>
          <Data name="Model">
            <value>Parking Meter</value>
          </Data>
          <Data name="Latitude">
            <value>-33.84732092</value>
          </Data>
          <Data name="Longitude">
            <value>151.2105476730410800</value>
          </Data>
        </ExtendedData>
        <Point>
          <coordinates>
            151.210547673041,-33.84732092,0
          </coordinates>
        </Point>
      </Placemark>
      <Placemark>
        <name>Northcliff Street</name>
        <description><![CDATA[Machine Id: NSD_5112-AU<br>Model: Parking Meter<br>Latitude: -33.84837361<br>Longitude: 151.2109138828033400]]></description>
        <styleUrl>#icon-1899-FF5252</styleUrl>
        <ExtendedData>
          <Data name="Machine Id">
            <value>NSD_5112-AU</value>
          </Data>
          <Data name="Model">
            <value>Parking Meter</value>
          </Data>
          <Data name="Latitude">
            <value>-33.84837361</value>
          </Data>
          <Data name="Longitude">
            <value>151.2109138828033400</value>
          </Data>
        </ExtendedData>
        <Point>
          <coordinates>
            151.210913882803,-33.84837361,0
          </coordinates>
        </Point>
      </Placemark>
      <Placemark>
        <name>Dind Street</name>
        <description><![CDATA[Machine Id: NSD_5113-AU<br>Model: Parking Meter<br>Latitude: -33.84787752<br>Longitude: 151.2110745600000000]]></description>
        <styleUrl>#icon-1899-FF5252</styleUrl>
        <ExtendedData>
          <Data name="Machine Id">
            <value>NSD_5113-AU</value>
          </Data>
          <Data name="Model">
            <value>Parking Meter</value>
          </Data>
          <Data name="Latitude">
            <value>-33.84787752</value>
          </Data>
          <Data name="Longitude">
            <value>151.2110745600000000</value>
          </Data>
        </ExtendedData>
        <Point>
          <coordinates>
            151.21107456,-33.84787752,0
          </coordinates>
        </Point>
      </Placemark>
      <Placemark>
        <name>Olympic Drive</name>
        <description><![CDATA[Machine Id: NSD_5114-AU<br>Model: Parking Meter<br>Latitude: -33.84922984<br>Longitude: 151.2136240846818400]]></description>
        <styleUrl>#icon-1899-FF5252</styleUrl>
        <ExtendedData>
          <Data name="Machine Id">
            <value>NSD_5114-AU</value>
          </Data>
          <Data name="Model">
            <value>Parking Meter</value>
          </Data>
          <Data name="Latitude">
            <value>-33.84922984</value>
          </Data>
          <Data name="Longitude">
            <value>151.2136240846818400</value>
          </Data>
        </ExtendedData>
        <Point>
          <coordinates>
            151.213624084682,-33.84922984,0
          </coordinates>
        </Point>
      </Placemark>
      <Placemark>
        <name>Olympic Drive</name>
        <description><![CDATA[Machine Id: NSD_5115-AU<br>Model: Parking Meter<br>Latitude: -33.84981458<br>Longitude: 151.2127517836033200]]></description>
        <styleUrl>#icon-1899-FF5252</styleUrl>
        <ExtendedData>
          <Data name="Machine Id">
            <value>NSD_5115-AU</value>
          </Data>
          <Data name="Model">
            <value>Parking Meter</value>
          </Data>
          <Data name="Latitude">
            <value>-33.84981458</value>
          </Data>
          <Data name="Longitude">
            <value>151.2127517836033200</value>
          </Data>
        </ExtendedData>
        <Point>
          <coordinates>
            151.212751783603,-33.84981458,0
          </coordinates>
        </Point>
      </Placemark>
      <Placemark>
        <name>Broughton Street</name>
        <description><![CDATA[Machine Id: NSD_5118-AU<br>Model: Parking Meter<br>Latitude: -33.84422574<br>Longitude: 151.2126914516257700]]></description>
        <styleUrl>#icon-1899-FF5252</styleUrl>
        <ExtendedData>
          <Data name="Machine Id">
            <value>NSD_5118-AU</value>
          </Data>
          <Data name="Model">
            <value>Parking Meter</value>
          </Data>
          <Data name="Latitude">
            <value>-33.84422574</value>
          </Data>
          <Data name="Longitude">
            <value>151.2126914516257700</value>
          </Data>
        </ExtendedData>
        <Point>
          <coordinates>
            151.212691451626,-33.84422574,0
          </coordinates>
        </Point>
      </Placemark>
      <Placemark>
        <name>Ennis Road</name>
        <description><![CDATA[Machine Id: NSD_5119-AU<br>Model: Parking Meter<br>Latitude: -33.84470778<br>Longitude: 151.2121713329990000]]></description>
        <styleUrl>#icon-1899-FF5252</styleUrl>
        <ExtendedData>
          <Data name="Machine Id">
            <value>NSD_5119-AU</value>
          </Data>
          <Data name="Model">
            <value>Parking Meter</value>
          </Data>
          <Data name="Latitude">
            <value>-33.84470778</value>
          </Data>
          <Data name="Longitude">
            <value>151.2121713329990000</value>
          </Data>
        </ExtendedData>
        <Point>
          <coordinates>
            151.212171332999,-33.84470778,0
          </coordinates>
        </Point>
      </Placemark>
      <Placemark>
        <name>Grosvenor Street</name>
        <description><![CDATA[Machine Id: NSD_6101-AU<br>Model: Parking Meter<br>Latitude: -33.83018464<br>Longitude: 151.2226684955472800]]></description>
        <styleUrl>#icon-1899-FF5252</styleUrl>
        <ExtendedData>
          <Data name="Machine Id">
            <value>NSD_6101-AU</value>
          </Data>
          <Data name="Model">
            <value>Parking Meter</value>
          </Data>
          <Data name="Latitude">
            <value>-33.83018464</value>
          </Data>
          <Data name="Longitude">
            <value>151.2226684955472800</value>
          </Data>
        </ExtendedData>
        <Point>
          <coordinates>
            151.222668495547,-33.83018464,0
          </coordinates>
        </Point>
      </Placemark>
      <Placemark>
        <name>Grosvenor Street</name>
        <description><![CDATA[Machine Id: NSD_6102-AU<br>Model: Parking Meter<br>Latitude: -33.82979992<br>Longitude: 151.2211294955906500]]></description>
        <styleUrl>#icon-1899-FF5252</styleUrl>
        <ExtendedData>
          <Data name="Machine Id">
            <value>NSD_6102-AU</value>
          </Data>
          <Data name="Model">
            <value>Parking Meter</value>
          </Data>
          <Data name="Latitude">
            <value>-33.82979992</value>
          </Data>
          <Data name="Longitude">
            <value>151.2211294955906500</value>
          </Data>
        </ExtendedData>
        <Point>
          <coordinates>
            151.221129495591,-33.82979992,0
          </coordinates>
        </Point>
      </Placemark>
      <Placemark>
        <name>Grosvenor Street</name>
        <description><![CDATA[Machine Id: NSD_6103-AU<br>Model: Parking Meter<br>Latitude: -33.82963787<br>Longitude: 151.2205162770431000]]></description>
        <styleUrl>#icon-1899-FF5252</styleUrl>
        <ExtendedData>
          <Data name="Machine Id">
            <value>NSD_6103-AU</value>
          </Data>
          <Data name="Model">
            <value>Parking Meter</value>
          </Data>
          <Data name="Latitude">
            <value>-33.82963787</value>
          </Data>
          <Data name="Longitude">
            <value>151.2205162770431000</value>
          </Data>
        </ExtendedData>
        <Point>
          <coordinates>
            151.220516277043,-33.82963787,0
          </coordinates>
        </Point>
      </Placemark>
      <Placemark>
        <name>Barry Street</name>
        <description><![CDATA[Machine Id: NSD_6104-AU<br>Model: Parking Meter<br>Latitude: -33.83188841<br>Longitude: 151.2211520369836800]]></description>
        <styleUrl>#icon-1899-FF5252</styleUrl>
        <ExtendedData>
          <Data name="Machine Id">
            <value>NSD_6104-AU</value>
          </Data>
          <Data name="Model">
            <value>Parking Meter</value>
          </Data>
          <Data name="Latitude">
            <value>-33.83188841</value>
          </Data>
          <Data name="Longitude">
            <value>151.2211520369836800</value>
          </Data>
        </ExtendedData>
        <Point>
          <coordinates>
            151.221152036984,-33.83188841,0
          </coordinates>
        </Point>
      </Placemark>
      <Placemark>
        <name>Yeo Street</name>
        <description><![CDATA[Machine Id: NSD_6105-AU<br>Model: Parking Meter<br>Latitude: -33.83248713<br>Longitude: 151.2240638335091800]]></description>
        <styleUrl>#icon-1899-FF5252</styleUrl>
        <ExtendedData>
          <Data name="Machine Id">
            <value>NSD_6105-AU</value>
          </Data>
          <Data name="Model">
            <value>Parking Meter</value>
          </Data>
          <Data name="Latitude">
            <value>-33.83248713</value>
          </Data>
          <Data name="Longitude">
            <value>151.2240638335091800</value>
          </Data>
        </ExtendedData>
        <Point>
          <coordinates>
            151.224063833509,-33.83248713,0
          </coordinates>
        </Point>
      </Placemark>
      <Placemark>
        <name>Rangers Road</name>
        <description><![CDATA[Machine Id: NSD_6106-AU<br>Model: Parking Meter<br>Latitude: -33.83197951<br>Longitude: 151.2240581336453700]]></description>
        <styleUrl>#icon-1899-FF5252</styleUrl>
        <ExtendedData>
          <Data name="Machine Id">
            <value>NSD_6106-AU</value>
          </Data>
          <Data name="Model">
            <value>Parking Meter</value>
          </Data>
          <Data name="Latitude">
            <value>-33.83197951</value>
          </Data>
          <Data name="Longitude">
            <value>151.2240581336453700</value>
          </Data>
        </ExtendedData>
        <Point>
          <coordinates>
            151.224058133645,-33.83197951,0
          </coordinates>
        </Point>
      </Placemark>
      <Placemark>
        <name>Parraween Street</name>
        <description><![CDATA[Machine Id: NSD_6107-AU<br>Model: Parking Meter<br>Latitude: -33.82916529<br>Longitude: 151.2268646448253800]]></description>
        <styleUrl>#icon-1899-FF5252</styleUrl>
        <ExtendedData>
          <Data name="Machine Id">
            <value>NSD_6107-AU</value>
          </Data>
          <Data name="Model">
            <value>Parking Meter</value>
          </Data>
          <Data name="Latitude">
            <value>-33.82916529</value>
          </Data>
          <Data name="Longitude">
            <value>151.2268646448253800</value>
          </Data>
        </ExtendedData>
        <Point>
          <coordinates>
            151.226864644825,-33.82916529,0
          </coordinates>
        </Point>
      </Placemark>
      <Placemark>
        <name>Parraween Street</name>
        <description><![CDATA[Machine Id: NSD_6108-AU<br>Model: Parking Meter<br>Latitude: -33.82818223<br>Longitude: 151.2289664098304000]]></description>
        <styleUrl>#icon-1899-FF5252</styleUrl>
        <ExtendedData>
          <Data name="Machine Id">
            <value>NSD_6108-AU</value>
          </Data>
          <Data name="Model">
            <value>Parking Meter</value>
          </Data>
          <Data name="Latitude">
            <value>-33.82818223</value>
          </Data>
          <Data name="Longitude">
            <value>151.2289664098304000</value>
          </Data>
        </ExtendedData>
        <Point>
          <coordinates>
            151.22896640983,-33.82818223,0
          </coordinates>
        </Point>
      </Placemark>
      <Placemark>
        <name>Parraween Street</name>
        <description><![CDATA[Machine Id: NSD_6109-AU<br>Model: Parking Meter<br>Latitude: -33.82874126<br>Longitude: 151.2276223639512400]]></description>
        <styleUrl>#icon-1899-FF5252</styleUrl>
        <ExtendedData>
          <Data name="Machine Id">
            <value>NSD_6109-AU</value>
          </Data>
          <Data name="Model">
            <value>Parking Meter</value>
          </Data>
          <Data name="Latitude">
            <value>-33.82874126</value>
          </Data>
          <Data name="Longitude">
            <value>151.2276223639512400</value>
          </Data>
        </ExtendedData>
        <Point>
          <coordinates>
            151.227622363951,-33.82874126,0
          </coordinates>
        </Point>
      </Placemark>
      <Placemark>
        <name>McLaren Street</name>
        <description><![CDATA[Machine Id: NSD_3113-AU<br>Model: Parking Meter<br>Latitude: -33.83454064<br>Longitude: 151.2061392939175700]]></description>
        <styleUrl>#icon-1899-FF5252</styleUrl>
        <ExtendedData>
          <Data name="Machine Id">
            <value>NSD_3113-AU</value>
          </Data>
          <Data name="Model">
            <value>Parking Meter</value>
          </Data>
          <Data name="Latitude">
            <value>-33.83454064</value>
          </Data>
          <Data name="Longitude">
            <value>151.2061392939175700</value>
          </Data>
        </ExtendedData>
        <Point>
          <coordinates>
            151.206139293918,-33.83454064,0
          </coordinates>
        </Point>
      </Placemark>
      <Placemark>
        <name>West Street</name>
        <description><![CDATA[Machine Id: NSD_3114-AU<br>Model: Parking Meter<br>Latitude: -33.83280762<br>Longitude: 151.2053771316951000]]></description>
        <styleUrl>#icon-1899-FF5252</styleUrl>
        <ExtendedData>
          <Data name="Machine Id">
            <value>NSD_3114-AU</value>
          </Data>
          <Data name="Model">
            <value>Parking Meter</value>
          </Data>
          <Data name="Latitude">
            <value>-33.83280762</value>
          </Data>
          <Data name="Longitude">
            <value>151.2053771316951000</value>
          </Data>
        </ExtendedData>
        <Point>
          <coordinates>
            151.205377131695,-33.83280762,0
          </coordinates>
        </Point>
      </Placemark>
      <Placemark>
        <name>Angelo Street</name>
        <description><![CDATA[Machine Id: NSD_3115-AU<br>Model: Parking Meter<br>Latitude: -33.83564642<br>Longitude: 151.2059330006116500]]></description>
        <styleUrl>#icon-1899-FF5252</styleUrl>
        <ExtendedData>
          <Data name="Machine Id">
            <value>NSD_3115-AU</value>
          </Data>
          <Data name="Model">
            <value>Parking Meter</value>
          </Data>
          <Data name="Latitude">
            <value>-33.83564642</value>
          </Data>
          <Data name="Longitude">
            <value>151.2059330006116500</value>
          </Data>
        </ExtendedData>
        <Point>
          <coordinates>
            151.205933000612,-33.83564642,0
          </coordinates>
        </Point>
      </Placemark>
      <Placemark>
        <name>Fitzroy Street</name>
        <description><![CDATA[Machine Id: NSD_5120-AU<br>Model: Parking Meter<br>Latitude: -33.84734922<br>Longitude: 151.2124970555251200]]></description>
        <styleUrl>#icon-1899-FF5252</styleUrl>
        <ExtendedData>
          <Data name="Machine Id">
            <value>NSD_5120-AU</value>
          </Data>
          <Data name="Model">
            <value>Parking Meter</value>
          </Data>
          <Data name="Latitude">
            <value>-33.84734922</value>
          </Data>
          <Data name="Longitude">
            <value>151.2124970555251200</value>
          </Data>
        </ExtendedData>
        <Point>
          <coordinates>
            151.212497055525,-33.84734922,0
          </coordinates>
        </Point>
      </Placemark>
      <Placemark>
        <name>Burton Street</name>
        <description><![CDATA[Machine Id: NSD_5121-AU<br>Model: Parking Meter<br>Latitude: -33.84635792<br>Longitude: 151.2122020125334800]]></description>
        <styleUrl>#icon-1899-FF5252</styleUrl>
        <ExtendedData>
          <Data name="Machine Id">
            <value>NSD_5121-AU</value>
          </Data>
          <Data name="Model">
            <value>Parking Meter</value>
          </Data>
          <Data name="Latitude">
            <value>-33.84635792</value>
          </Data>
          <Data name="Longitude">
            <value>151.2122020125334800</value>
          </Data>
        </ExtendedData>
        <Point>
          <coordinates>
            151.212202012533,-33.84635792,0
          </coordinates>
        </Point>
      </Placemark>
      <Placemark>
        <name>Oxley Street</name>
        <description><![CDATA[Machine Id: NSD_1131-AU<br>Model: Parking Meter<br>Latitude: -33.82438259<br>Longitude: 151.1989147017848400]]></description>
        <styleUrl>#icon-1899-FF5252</styleUrl>
        <ExtendedData>
          <Data name="Machine Id">
            <value>NSD_1131-AU</value>
          </Data>
          <Data name="Model">
            <value>Parking Meter</value>
          </Data>
          <Data name="Latitude">
            <value>-33.82438259</value>
          </Data>
          <Data name="Longitude">
            <value>151.1989147017848400</value>
          </Data>
        </ExtendedData>
        <Point>
          <coordinates>
            151.198914701785,-33.82438259,0
          </coordinates>
        </Point>
      </Placemark>
      <Placemark>
        <name>Willoughby Road</name>
        <description><![CDATA[Machine Id: NSD_1132-AU<br>Model: Parking Meter<br>Latitude: -33.82632908<br>Longitude: 151.2008277658246400]]></description>
        <styleUrl>#icon-1899-FF5252</styleUrl>
        <ExtendedData>
          <Data name="Machine Id">
            <value>NSD_1132-AU</value>
          </Data>
          <Data name="Model">
            <value>Parking Meter</value>
          </Data>
          <Data name="Latitude">
            <value>-33.82632908</value>
          </Data>
          <Data name="Longitude">
            <value>151.2008277658246400</value>
          </Data>
        </ExtendedData>
        <Point>
          <coordinates>
            151.200827765825,-33.82632908,0
          </coordinates>
        </Point>
      </Placemark>
      <Placemark>
        <name>Willoughby Road</name>
        <description><![CDATA[Machine Id: NSD_1133-AU<br>Model: Parking Meter<br>Latitude: -33.82705027<br>Longitude: 151.2008814243944000]]></description>
        <styleUrl>#icon-1899-FF5252</styleUrl>
        <ExtendedData>
          <Data name="Machine Id">
            <value>NSD_1133-AU</value>
          </Data>
          <Data name="Model">
            <value>Parking Meter</value>
          </Data>
          <Data name="Latitude">
            <value>-33.82705027</value>
          </Data>
          <Data name="Longitude">
            <value>151.2008814243944000</value>
          </Data>
        </ExtendedData>
        <Point>
          <coordinates>
            151.200881424394,-33.82705027,0
          </coordinates>
        </Point>
      </Placemark>
      <Placemark>
        <name>Willoughby Road</name>
        <description><![CDATA[Machine Id: NSD_1134-AU<br>Model: Parking Meter<br>Latitude: -33.82535153<br>Longitude: 151.2009510171966400]]></description>
        <styleUrl>#icon-1899-FF5252</styleUrl>
        <ExtendedData>
          <Data name="Machine Id">
            <value>NSD_1134-AU</value>
          </Data>
          <Data name="Model">
            <value>Parking Meter</value>
          </Data>
          <Data name="Latitude">
            <value>-33.82535153</value>
          </Data>
          <Data name="Longitude">
            <value>151.2009510171966400</value>
          </Data>
        </ExtendedData>
        <Point>
          <coordinates>
            151.200951017197,-33.82535153,0
          </coordinates>
        </Point>
      </Placemark>
      <Placemark>
        <name>McLaren Street</name>
        <description><![CDATA[Machine Id: NSD_3117-AU<br>Model: Parking Meter<br>Latitude: -33.83477772<br>Longitude: 151.2067506705522500]]></description>
        <styleUrl>#icon-1899-FF5252</styleUrl>
        <ExtendedData>
          <Data name="Machine Id">
            <value>NSD_3117-AU</value>
          </Data>
          <Data name="Model">
            <value>Parking Meter</value>
          </Data>
          <Data name="Latitude">
            <value>-33.83477772</value>
          </Data>
          <Data name="Longitude">
            <value>151.2067506705522500</value>
          </Data>
        </ExtendedData>
        <Point>
          <coordinates>
            151.206750670552,-33.83477772,0
          </coordinates>
        </Point>
      </Placemark>
      <Placemark>
        <name>Ridge Street</name>
        <description><![CDATA[Machine Id: NSD_2113-AU<br>Model: Parking Meter<br>Latitude: -33.832972<br>Longitude: 151.2091666647238800]]></description>
        <styleUrl>#icon-1899-FF5252</styleUrl>
        <ExtendedData>
          <Data name="Machine Id">
            <value>NSD_2113-AU</value>
          </Data>
          <Data name="Model">
            <value>Parking Meter</value>
          </Data>
          <Data name="Latitude">
            <value>-33.832972</value>
          </Data>
          <Data name="Longitude">
            <value>151.2091666647238800</value>
          </Data>
        </ExtendedData>
        <Point>
          <coordinates>
            151.209166664724,-33.832972,0
          </coordinates>
        </Point>
      </Placemark>
      <Placemark>
        <name>Fitzroy Street</name>
        <description><![CDATA[Machine Id: NSD_5129-AU<br>Model: Parking Meter<br>Latitude: -33.84753707<br>Longitude: 151.2119984957008400]]></description>
        <styleUrl>#icon-1899-FF5252</styleUrl>
        <ExtendedData>
          <Data name="Machine Id">
            <value>NSD_5129-AU</value>
          </Data>
          <Data name="Model">
            <value>Parking Meter</value>
          </Data>
          <Data name="Latitude">
            <value>-33.84753707</value>
          </Data>
          <Data name="Longitude">
            <value>151.2119984957008400</value>
          </Data>
        </ExtendedData>
        <Point>
          <coordinates>
            151.211998495701,-33.84753707,0
          </coordinates>
        </Point>
      </Placemark>
      <Placemark>
        <name>Grosvenor Street</name>
        <description><![CDATA[Machine Id: NSD_6110-AU<br>Model: Parking Meter<br>Latitude: -33.82953733<br>Longitude: 151.2200537213617000]]></description>
        <styleUrl>#icon-1899-FF5252</styleUrl>
        <ExtendedData>
          <Data name="Machine Id">
            <value>NSD_6110-AU</value>
          </Data>
          <Data name="Model">
            <value>Parking Meter</value>
          </Data>
          <Data name="Latitude">
            <value>-33.82953733</value>
          </Data>
          <Data name="Longitude">
            <value>151.2200537213617000</value>
          </Data>
        </ExtendedData>
        <Point>
          <coordinates>
            151.220053721362,-33.82953733,0
          </coordinates>
        </Point>
      </Placemark>
      <Placemark>
        <name>Atchison Street</name>
        <description><![CDATA[Machine Id: NSD_1137-AU<br>Model: Parking Meter<br>Latitude: -33.82285209<br>Longitude: 151.1982766588955000]]></description>
        <styleUrl>#icon-1899-FF5252</styleUrl>
        <ExtendedData>
          <Data name="Machine Id">
            <value>NSD_1137-AU</value>
          </Data>
          <Data name="Model">
            <value>Parking Meter</value>
          </Data>
          <Data name="Latitude">
            <value>-33.82285209</value>
          </Data>
          <Data name="Longitude">
            <value>151.1982766588955000</value>
          </Data>
        </ExtendedData>
        <Point>
          <coordinates>
            151.198276658896,-33.82285209,0
          </coordinates>
        </Point>
      </Placemark>
      <Placemark>
        <name>Burton Street</name>
        <description><![CDATA[Machine Id: NSD_5127-AU<br>Model: Parking Meter<br>Latitude: -33.84628131<br>Longitude: 151.2117843175653300]]></description>
        <styleUrl>#icon-1899-FF5252</styleUrl>
        <ExtendedData>
          <Data name="Machine Id">
            <value>NSD_5127-AU</value>
          </Data>
          <Data name="Model">
            <value>Parking Meter</value>
          </Data>
          <Data name="Latitude">
            <value>-33.84628131</value>
          </Data>
          <Data name="Longitude">
            <value>151.2117843175653300</value>
          </Data>
        </ExtendedData>
        <Point>
          <coordinates>
            151.211784317565,-33.84628131,0
          </coordinates>
        </Point>
      </Placemark>
      <Placemark>
        <name>Little Spring Street</name>
        <description><![CDATA[Machine Id: NSD_4127-AU<br>Model: Parking Meter<br>Latitude: -33.83723109<br>Longitude: 151.2086048614660900]]></description>
        <styleUrl>#icon-1899-FF5252</styleUrl>
        <ExtendedData>
          <Data name="Machine Id">
            <value>NSD_4127-AU</value>
          </Data>
          <Data name="Model">
            <value>Parking Meter</value>
          </Data>
          <Data name="Latitude">
            <value>-33.83723109</value>
          </Data>
          <Data name="Longitude">
            <value>151.2086048614660900</value>
          </Data>
        </ExtendedData>
        <Point>
          <coordinates>
            151.208604861466,-33.83723109,0
          </coordinates>
        </Point>
      </Placemark>
      <Placemark>
        <name>Olympic Drive</name>
        <description><![CDATA[Machine Id: NSD_5131-AU<br>Model: Parking Meter<br>Latitude: -33.84952045<br>Longitude: 151.2139129766864600]]></description>
        <styleUrl>#icon-1899-FF5252</styleUrl>
        <ExtendedData>
          <Data name="Machine Id">
            <value>NSD_5131-AU</value>
          </Data>
          <Data name="Model">
            <value>Parking Meter</value>
          </Data>
          <Data name="Latitude">
            <value>-33.84952045</value>
          </Data>
          <Data name="Longitude">
            <value>151.2139129766864600</value>
          </Data>
        </ExtendedData>
        <Point>
          <coordinates>
            151.213912976686,-33.84952045,0
          </coordinates>
        </Point>
      </Placemark>
      <Placemark>
        <name>Albany Street</name>
        <description><![CDATA[Machine Id: NSD_1140-AU<br>Model: Parking Meter<br>Latitude: -33.82388648<br>Longitude: 151.2001999042644800]]></description>
        <styleUrl>#icon-1899-FF5252</styleUrl>
        <ExtendedData>
          <Data name="Machine Id">
            <value>NSD_1140-AU</value>
          </Data>
          <Data name="Model">
            <value>Parking Meter</value>
          </Data>
          <Data name="Latitude">
            <value>-33.82388648</value>
          </Data>
          <Data name="Longitude">
            <value>151.2001999042644800</value>
          </Data>
        </ExtendedData>
        <Point>
          <coordinates>
            151.200199904264,-33.82388648,0
          </coordinates>
        </Point>
      </Placemark>
      <Placemark>
        <name>Ward Street</name>
        <description><![CDATA[Machine Id: NSD_4126-AU<br>Model: Parking Meter<br>Latitude: -33.836611<br>Longitude: 151.2084443352761000]]></description>
        <styleUrl>#icon-1899-FF5252</styleUrl>
        <ExtendedData>
          <Data name="Machine Id">
            <value>NSD_4126-AU</value>
          </Data>
          <Data name="Model">
            <value>Parking Meter</value>
          </Data>
          <Data name="Latitude">
            <value>-33.836611</value>
          </Data>
          <Data name="Longitude">
            <value>151.2084443352761000</value>
          </Data>
        </ExtendedData>
        <Point>
          <coordinates>
            151.208444335276,-33.836611,0
          </coordinates>
        </Point>
      </Placemark>
      <Placemark>
        <name>Mount Street</name>
        <description><![CDATA[Machine Id: NSD_4128-AU<br>Model: Parking Meter<br>Latitude: -33.83911072<br>Longitude: 151.2085290058283500]]></description>
        <styleUrl>#icon-1899-FF5252</styleUrl>
        <ExtendedData>
          <Data name="Machine Id">
            <value>NSD_4128-AU</value>
          </Data>
          <Data name="Model">
            <value>Parking Meter</value>
          </Data>
          <Data name="Latitude">
            <value>-33.83911072</value>
          </Data>
          <Data name="Longitude">
            <value>151.2085290058283500</value>
          </Data>
        </ExtendedData>
        <Point>
          <coordinates>
            151.208529005828,-33.83911072,0
          </coordinates>
        </Point>
      </Placemark>
      <Placemark>
        <name>Christie Street</name>
        <description><![CDATA[Machine Id: NSD_1141-AU<br>Model: Parking Meter<br>Latitude: -33.82230109<br>Longitude: 151.1952689257453000]]></description>
        <styleUrl>#icon-1899-FF5252</styleUrl>
        <ExtendedData>
          <Data name="Machine Id">
            <value>NSD_1141-AU</value>
          </Data>
          <Data name="Model">
            <value>Parking Meter</value>
          </Data>
          <Data name="Latitude">
            <value>-33.82230109</value>
          </Data>
          <Data name="Longitude">
            <value>151.1952689257453000</value>
          </Data>
        </ExtendedData>
        <Point>
          <coordinates>
            151.195268925745,-33.82230109,0
          </coordinates>
        </Point>
      </Placemark>
      <Placemark>
        <name>Atchison Street</name>
        <description><![CDATA[Machine Id: NSD_1142-AU<br>Model: Parking Meter<br>Latitude: -33.82293437<br>Longitude: 151.1960161190695500]]></description>
        <styleUrl>#icon-1899-FF5252</styleUrl>
        <ExtendedData>
          <Data name="Machine Id">
            <value>NSD_1142-AU</value>
          </Data>
          <Data name="Model">
            <value>Parking Meter</value>
          </Data>
          <Data name="Latitude">
            <value>-33.82293437</value>
          </Data>
          <Data name="Longitude">
            <value>151.1960161190695500</value>
          </Data>
        </ExtendedData>
        <Point>
          <coordinates>
            151.19601611907,-33.82293437,0
          </coordinates>
        </Point>
      </Placemark>
      <Placemark>
        <name>Albany Street</name>
        <description><![CDATA[Machine Id: NSD_1143-AU<br>Model: Parking Meter<br>Latitude: -33.82383751<br>Longitude: 151.1983768791316200]]></description>
        <styleUrl>#icon-1899-FF5252</styleUrl>
        <ExtendedData>
          <Data name="Machine Id">
            <value>NSD_1143-AU</value>
          </Data>
          <Data name="Model">
            <value>Parking Meter</value>
          </Data>
          <Data name="Latitude">
            <value>-33.82383751</value>
          </Data>
          <Data name="Longitude">
            <value>151.1983768791316200</value>
          </Data>
        </ExtendedData>
        <Point>
          <coordinates>
            151.198376879132,-33.82383751,0
          </coordinates>
        </Point>
      </Placemark>
      <Placemark>
        <name>Albany Street</name>
        <description><![CDATA[Machine Id: NSD_1144-AU<br>Model: Parking Meter<br>Latitude: -33.82392022<br>Longitude: 151.1999093628065000]]></description>
        <styleUrl>#icon-1899-FF5252</styleUrl>
        <ExtendedData>
          <Data name="Machine Id">
            <value>NSD_1144-AU</value>
          </Data>
          <Data name="Model">
            <value>Parking Meter</value>
          </Data>
          <Data name="Latitude">
            <value>-33.82392022</value>
          </Data>
          <Data name="Longitude">
            <value>151.1999093628065000</value>
          </Data>
        </ExtendedData>
        <Point>
          <coordinates>
            151.199909362806,-33.82392022,0
          </coordinates>
        </Point>
      </Placemark>
      <Placemark>
        <name>Clarke Street</name>
        <description><![CDATA[Machine Id: NSD_1145-AU<br>Model: Parking Meter<br>Latitude: -33.825599<br>Longitude: 151.2000110000000000]]></description>
        <styleUrl>#icon-1899-FF5252</styleUrl>
        <ExtendedData>
          <Data name="Machine Id">
            <value>NSD_1145-AU</value>
          </Data>
          <Data name="Model">
            <value>Parking Meter</value>
          </Data>
          <Data name="Latitude">
            <value>-33.825599</value>
          </Data>
          <Data name="Longitude">
            <value>151.2000110000000000</value>
          </Data>
        </ExtendedData>
        <Point>
          <coordinates>
            151.200011,-33.825599,0
          </coordinates>
        </Point>
      </Placemark>
      <Placemark>
        <name>Holtermann Street</name>
        <description><![CDATA[Machine Id: NSD_1146-AU<br>Model: Parking Meter<br>Latitude: -33.824891<br>Longitude: 151.2016260000000000]]></description>
        <styleUrl>#icon-1899-FF5252</styleUrl>
        <ExtendedData>
          <Data name="Machine Id">
            <value>NSD_1146-AU</value>
          </Data>
          <Data name="Model">
            <value>Parking Meter</value>
          </Data>
          <Data name="Latitude">
            <value>-33.824891</value>
          </Data>
          <Data name="Longitude">
            <value>151.2016260000000000</value>
          </Data>
        </ExtendedData>
        <Point>
          <coordinates>
            151.201626,-33.824891,0
          </coordinates>
        </Point>
      </Placemark>
      <Placemark>
        <name>Alexander Street</name>
        <description><![CDATA[Machine Id: NSD_1147-AU<br>Model: Parking Meter<br>Latitude: -33.8247093<br>Longitude: 151.2024987656761000]]></description>
        <styleUrl>#icon-1899-FF5252</styleUrl>
        <ExtendedData>
          <Data name="Machine Id">
            <value>NSD_1147-AU</value>
          </Data>
          <Data name="Model">
            <value>Parking Meter</value>
          </Data>
          <Data name="Latitude">
            <value>-33.8247093</value>
          </Data>
          <Data name="Longitude">
            <value>151.2024987656761000</value>
          </Data>
        </ExtendedData>
        <Point>
          <coordinates>
            151.202498765676,-33.8247093,0
          </coordinates>
        </Point>
      </Placemark>
      <Placemark>
        <name>Alexander Street</name>
        <description><![CDATA[Machine Id: NSD_1148-AU<br>Model: Parking Meter<br>Latitude: -33.8264719<br>Longitude: 151.2020484037048200]]></description>
        <styleUrl>#icon-1899-FF5252</styleUrl>
        <ExtendedData>
          <Data name="Machine Id">
            <value>NSD_1148-AU</value>
          </Data>
          <Data name="Model">
            <value>Parking Meter</value>
          </Data>
          <Data name="Latitude">
            <value>-33.8264719</value>
          </Data>
          <Data name="Longitude">
            <value>151.2020484037048200</value>
          </Data>
        </ExtendedData>
        <Point>
          <coordinates>
            151.202048403705,-33.8264719,0
          </coordinates>
        </Point>
      </Placemark>
      <Placemark>
        <name>Rocklands Road</name>
        <description><![CDATA[Machine Id: NSD_2114-AU<br>Model: Parking Meter<br>Latitude: -33.830728<br>Longitude: 151.2021420000000000]]></description>
        <styleUrl>#icon-1899-FF5252</styleUrl>
        <ExtendedData>
          <Data name="Machine Id">
            <value>NSD_2114-AU</value>
          </Data>
          <Data name="Model">
            <value>Parking Meter</value>
          </Data>
          <Data name="Latitude">
            <value>-33.830728</value>
          </Data>
          <Data name="Longitude">
            <value>151.2021420000000000</value>
          </Data>
        </ExtendedData>
        <Point>
          <coordinates>
            151.202142,-33.830728,0
          </coordinates>
        </Point>
      </Placemark>
      <Placemark>
        <name>Angelo Street</name>
        <description><![CDATA[Machine Id: NSD_3118-AU<br>Model: Parking Meter<br>Latitude: -33.834919<br>Longitude: 151.2056050000000000]]></description>
        <styleUrl>#icon-1899-FF5252</styleUrl>
        <ExtendedData>
          <Data name="Machine Id">
            <value>NSD_3118-AU</value>
          </Data>
          <Data name="Model">
            <value>Parking Meter</value>
          </Data>
          <Data name="Latitude">
            <value>-33.834919</value>
          </Data>
          <Data name="Longitude">
            <value>151.2056050000000000</value>
          </Data>
        </ExtendedData>
        <Point>
          <coordinates>
            151.205605,-33.834919,0
          </coordinates>
        </Point>
      </Placemark>
      <Placemark>
        <name>Angelo Street</name>
        <description><![CDATA[Machine Id: NSD_3119-AU<br>Model: Parking Meter<br>Latitude: -33.83590172<br>Longitude: 151.2060823352761400]]></description>
        <styleUrl>#icon-1899-FF5252</styleUrl>
        <ExtendedData>
          <Data name="Machine Id">
            <value>NSD_3119-AU</value>
          </Data>
          <Data name="Model">
            <value>Parking Meter</value>
          </Data>
          <Data name="Latitude">
            <value>-33.83590172</value>
          </Data>
          <Data name="Longitude">
            <value>151.2060823352761400</value>
          </Data>
        </ExtendedData>
        <Point>
          <coordinates>
            151.206082335276,-33.83590172,0
          </coordinates>
        </Point>
      </Placemark>
      <Placemark>
        <name>Walker Street</name>
        <description><![CDATA[Machine Id: NSD_3120-AU<br>Model: Parking Meter<br>Latitude: -33.836864<br>Longitude: 151.2091850000000000]]></description>
        <styleUrl>#icon-1899-FF5252</styleUrl>
        <ExtendedData>
          <Data name="Machine Id">
            <value>NSD_3120-AU</value>
          </Data>
          <Data name="Model">
            <value>Parking Meter</value>
          </Data>
          <Data name="Latitude">
            <value>-33.836864</value>
          </Data>
          <Data name="Longitude">
            <value>151.2091850000000000</value>
          </Data>
        </ExtendedData>
        <Point>
          <coordinates>
            151.209185,-33.836864,0
          </coordinates>
        </Point>
      </Placemark>
      <Placemark>
        <name>Mount Street</name>
        <description><![CDATA[Machine Id: NSD_4129-AU<br>Model: Parking Meter<br>Latitude: -33.838594<br>Longitude: 151.2057280000000000]]></description>
        <styleUrl>#icon-1899-FF5252</styleUrl>
        <ExtendedData>
          <Data name="Machine Id">
            <value>NSD_4129-AU</value>
          </Data>
          <Data name="Model">
            <value>Parking Meter</value>
          </Data>
          <Data name="Latitude">
            <value>-33.838594</value>
          </Data>
          <Data name="Longitude">
            <value>151.2057280000000000</value>
          </Data>
        </ExtendedData>
        <Point>
          <coordinates>
            151.205728,-33.838594,0
          </coordinates>
        </Point>
      </Placemark>
      <Placemark>
        <name>Lavender Street</name>
        <description><![CDATA[Machine Id: NSD_5132-AU<br>Model: Parking Meter<br>Latitude: -33.843672<br>Longitude: 151.2103580000000000]]></description>
        <styleUrl>#icon-1899-FF5252</styleUrl>
        <ExtendedData>
          <Data name="Machine Id">
            <value>NSD_5132-AU</value>
          </Data>
          <Data name="Model">
            <value>Parking Meter</value>
          </Data>
          <Data name="Latitude">
            <value>-33.843672</value>
          </Data>
          <Data name="Longitude">
            <value>151.2103580000000000</value>
          </Data>
        </ExtendedData>
        <Point>
          <coordinates>
            151.210358,-33.843672,0
          </coordinates>
        </Point>
      </Placemark>
      <Placemark>
        <name>Broughton Street</name>
        <description><![CDATA[Machine Id: NSD_5133-AU<br>Model: Parking Meter<br>Latitude: -33.845026<br>Longitude: 151.2123910000000000]]></description>
        <styleUrl>#icon-1899-FF5252</styleUrl>
        <ExtendedData>
          <Data name="Machine Id">
            <value>NSD_5133-AU</value>
          </Data>
          <Data name="Model">
            <value>Parking Meter</value>
          </Data>
          <Data name="Latitude">
            <value>-33.845026</value>
          </Data>
          <Data name="Longitude">
            <value>151.2123910000000000</value>
          </Data>
        </ExtendedData>
        <Point>
          <coordinates>
            151.212391,-33.845026,0
          </coordinates>
        </Point>
      </Placemark>
      <Placemark>
        <name>Alfred Street South</name>
        <description><![CDATA[Machine Id: NSD_5134-AU<br>Model: Parking Meter<br>Latitude: -33.844495<br>Longitude: 151.2109100000000000]]></description>
        <styleUrl>#icon-1899-FF5252</styleUrl>
        <ExtendedData>
          <Data name="Machine Id">
            <value>NSD_5134-AU</value>
          </Data>
          <Data name="Model">
            <value>Parking Meter</value>
          </Data>
          <Data name="Latitude">
            <value>-33.844495</value>
          </Data>
          <Data name="Longitude">
            <value>151.2109100000000000</value>
          </Data>
        </ExtendedData>
        <Point>
          <coordinates>
            151.21091,-33.844495,0
          </coordinates>
        </Point>
      </Placemark>
      <Placemark>
        <name>Alfred Street South</name>
        <description><![CDATA[Machine Id: NSD_5135-AU<br>Model: Parking Meter<br>Latitude: -33.847016<br>Longitude: 151.2114120000000000]]></description>
        <styleUrl>#icon-1899-FF5252</styleUrl>
        <ExtendedData>
          <Data name="Machine Id">
            <value>NSD_5135-AU</value>
          </Data>
          <Data name="Model">
            <value>Parking Meter</value>
          </Data>
          <Data name="Latitude">
            <value>-33.847016</value>
          </Data>
          <Data name="Longitude">
            <value>151.2114120000000000</value>
          </Data>
        </ExtendedData>
        <Point>
          <coordinates>
            151.211412,-33.847016,0
          </coordinates>
        </Point>
      </Placemark>
      <Placemark>
        <name>Olympic Drive</name>
        <description><![CDATA[Machine Id: NSD_5136-AU<br>Model: Parking Meter<br>Latitude: -33.849688<br>Longitude: 151.2116140000000000]]></description>
        <styleUrl>#icon-1899-FF5252</styleUrl>
        <ExtendedData>
          <Data name="Machine Id">
            <value>NSD_5136-AU</value>
          </Data>
          <Data name="Model">
            <value>Parking Meter</value>
          </Data>
          <Data name="Latitude">
            <value>-33.849688</value>
          </Data>
          <Data name="Longitude">
            <value>151.2116140000000000</value>
          </Data>
        </ExtendedData>
        <Point>
          <coordinates>
            151.211614,-33.849688,0
          </coordinates>
        </Point>
      </Placemark>
      <Placemark>
        <name>Grosvenor Street</name>
        <description><![CDATA[Machine Id: NSD_6111-AU<br>Model: Parking Meter<br>Latitude: -33.830051<br>Longitude: 151.2218980000000000]]></description>
        <styleUrl>#icon-1899-FF5252</styleUrl>
        <ExtendedData>
          <Data name="Machine Id">
            <value>NSD_6111-AU</value>
          </Data>
          <Data name="Model">
            <value>Parking Meter</value>
          </Data>
          <Data name="Latitude">
            <value>-33.830051</value>
          </Data>
          <Data name="Longitude">
            <value>151.2218980000000000</value>
          </Data>
        </ExtendedData>
        <Point>
          <coordinates>
            151.221898,-33.830051,0
          </coordinates>
        </Point>
      </Placemark>
      <Placemark>
        <name>Grosvenor Street</name>
        <description><![CDATA[Machine Id: NSD_6112-AU<br>Model: Parking Meter<br>Latitude: -33.829598<br>Longitude: 151.2206390000000000]]></description>
        <styleUrl>#icon-1899-FF5252</styleUrl>
        <ExtendedData>
          <Data name="Machine Id">
            <value>NSD_6112-AU</value>
          </Data>
          <Data name="Model">
            <value>Parking Meter</value>
          </Data>
          <Data name="Latitude">
            <value>-33.829598</value>
          </Data>
          <Data name="Longitude">
            <value>151.2206390000000000</value>
          </Data>
        </ExtendedData>
        <Point>
          <coordinates>
            151.220639,-33.829598,0
          </coordinates>
        </Point>
      </Placemark>
      <Placemark>
        <name>Pacific Highway</name>
        <description><![CDATA[Machine Id: NSD_1149-AU<br>Model: Parking Meter<br>Latitude: -33.82674889<br>Longitude: 151.1999726705522600]]></description>
        <styleUrl>#icon-1899-FF5252</styleUrl>
        <ExtendedData>
          <Data name="Machine Id">
            <value>NSD_1149-AU</value>
          </Data>
          <Data name="Model">
            <value>Parking Meter</value>
          </Data>
          <Data name="Latitude">
            <value>-33.82674889</value>
          </Data>
          <Data name="Longitude">
            <value>151.1999726705522600</value>
          </Data>
        </ExtendedData>
        <Point>
          <coordinates>
            151.199972670552,-33.82674889,0
          </coordinates>
        </Point>
      </Placemark>
      <Placemark>
        <name>Clarke Lane</name>
        <description><![CDATA[Machine Id: NSD_1150-AU<br>Model: Parking Meter<br>Latitude: -33.824222<br>Longitude: 151.1981666647238900]]></description>
        <styleUrl>#icon-1899-FF5252</styleUrl>
        <ExtendedData>
          <Data name="Machine Id">
            <value>NSD_1150-AU</value>
          </Data>
          <Data name="Model">
            <value>Parking Meter</value>
          </Data>
          <Data name="Latitude">
            <value>-33.824222</value>
          </Data>
          <Data name="Longitude">
            <value>151.1981666647238900</value>
          </Data>
        </ExtendedData>
        <Point>
          <coordinates>
            151.198166664724,-33.824222,0
          </coordinates>
        </Point>
      </Placemark>
      <Placemark>
        <name>Willoughby Lane</name>
        <description><![CDATA[Machine Id: NSD_1151-AU<br>Model: Parking Meter<br>Latitude: -33.82575<br>Longitude: 151.2018016414103600]]></description>
        <styleUrl>#icon-1899-FF5252</styleUrl>
        <ExtendedData>
          <Data name="Machine Id">
            <value>NSD_1151-AU</value>
          </Data>
          <Data name="Model">
            <value>Parking Meter</value>
          </Data>
          <Data name="Latitude">
            <value>-33.82575</value>
          </Data>
          <Data name="Longitude">
            <value>151.2018016414103600</value>
          </Data>
        </ExtendedData>
        <Point>
          <coordinates>
            151.20180164141,-33.82575,0
          </coordinates>
        </Point>
      </Placemark>
      <Placemark>
        <name>Hayberry Street</name>
        <description><![CDATA[Machine Id: NSD_2115-AU<br>Model: Parking Meter<br>Latitude: -33.82875139<br>Longitude: 151.2019996647238400]]></description>
        <styleUrl>#icon-1899-FF5252</styleUrl>
        <ExtendedData>
          <Data name="Machine Id">
            <value>NSD_2115-AU</value>
          </Data>
          <Data name="Model">
            <value>Parking Meter</value>
          </Data>
          <Data name="Latitude">
            <value>-33.82875139</value>
          </Data>
          <Data name="Longitude">
            <value>151.2019996647238400</value>
          </Data>
        </ExtendedData>
        <Point>
          <coordinates>
            151.201999664724,-33.82875139,0
          </coordinates>
        </Point>
      </Placemark>
      <Placemark>
        <name>Denison Street</name>
        <description><![CDATA[Machine Id: NSD_4130-AU<br>Model: Parking Meter<br>Latitude: -33.83725084<br>Longitude: 151.2081656588955000]]></description>
        <styleUrl>#icon-1899-FF5252</styleUrl>
        <ExtendedData>
          <Data name="Machine Id">
            <value>NSD_4130-AU</value>
          </Data>
          <Data name="Model">
            <value>Parking Meter</value>
          </Data>
          <Data name="Latitude">
            <value>-33.83725084</value>
          </Data>
          <Data name="Longitude">
            <value>151.2081656588955000</value>
          </Data>
        </ExtendedData>
        <Point>
          <coordinates>
            151.208165658895,-33.83725084,0
          </coordinates>
        </Point>
      </Placemark>
      <Placemark>
        <name>Denison Street</name>
        <description><![CDATA[Machine Id: NSD_4131-AU<br>Model: Parking Meter<br>Latitude: -33.8371934<br>Longitude: 151.2080903462695300]]></description>
        <styleUrl>#icon-1899-FF5252</styleUrl>
        <ExtendedData>
          <Data name="Machine Id">
            <value>NSD_4131-AU</value>
          </Data>
          <Data name="Model">
            <value>Parking Meter</value>
          </Data>
          <Data name="Latitude">
            <value>-33.8371934</value>
          </Data>
          <Data name="Longitude">
            <value>151.2080903462695300</value>
          </Data>
        </ExtendedData>
        <Point>
          <coordinates>
            151.20809034627,-33.8371934,0
          </coordinates>
        </Point>
      </Placemark>
      <Placemark>
        <name>Berry Street</name>
        <description><![CDATA[Machine Id: NSD_4132-AU<br>Model: Parking Meter<br>Latitude: -33.83669484<br>Longitude: 151.2067773294478000]]></description>
        <styleUrl>#icon-1899-FF5252</styleUrl>
        <ExtendedData>
          <Data name="Machine Id">
            <value>NSD_4132-AU</value>
          </Data>
          <Data name="Model">
            <value>Parking Meter</value>
          </Data>
          <Data name="Latitude">
            <value>-33.83669484</value>
          </Data>
          <Data name="Longitude">
            <value>151.2067773294478000</value>
          </Data>
        </ExtendedData>
        <Point>
          <coordinates>
            151.206777329448,-33.83669484,0
          </coordinates>
        </Point>
      </Placemark>
      <Placemark>
        <name>Berry Street</name>
        <description><![CDATA[Machine Id: NSD_4133-AU<br>Model: Parking Meter<br>Latitude: -33.83691784<br>Longitude: 151.2043053294477200]]></description>
        <styleUrl>#icon-1899-FF5252</styleUrl>
        <ExtendedData>
          <Data name="Machine Id">
            <value>NSD_4133-AU</value>
          </Data>
          <Data name="Model">
            <value>Parking Meter</value>
          </Data>
          <Data name="Latitude">
            <value>-33.83691784</value>
          </Data>
          <Data name="Longitude">
            <value>151.2043053294477200</value>
          </Data>
        </ExtendedData>
        <Point>
          <coordinates>
            151.204305329448,-33.83691784,0
          </coordinates>
        </Point>
      </Placemark>
      <Placemark>
        <name>Berry Street</name>
        <description><![CDATA[Machine Id: NSD_4134-AU<br>Model: Parking Meter<br>Latitude: -33.83697144<br>Longitude: 151.2045006705522500]]></description>
        <styleUrl>#icon-1899-FF5252</styleUrl>
        <ExtendedData>
          <Data name="Machine Id">
            <value>NSD_4134-AU</value>
          </Data>
          <Data name="Model">
            <value>Parking Meter</value>
          </Data>
          <Data name="Latitude">
            <value>-33.83697144</value>
          </Data>
          <Data name="Longitude">
            <value>151.2045006705522500</value>
          </Data>
        </ExtendedData>
        <Point>
          <coordinates>
            151.204500670552,-33.83697144,0
          </coordinates>
        </Point>
      </Placemark>
      <Placemark>
        <name>Berry Street</name>
        <description><![CDATA[Machine Id: NSD_4135-AU<br>Model: Parking Meter<br>Latitude: -33.836778<br>Longitude: 151.2054166647238800]]></description>
        <styleUrl>#icon-1899-FF5252</styleUrl>
        <ExtendedData>
          <Data name="Machine Id">
            <value>NSD_4135-AU</value>
          </Data>
          <Data name="Model">
            <value>Parking Meter</value>
          </Data>
          <Data name="Latitude">
            <value>-33.836778</value>
          </Data>
          <Data name="Longitude">
            <value>151.2054166647238800</value>
          </Data>
        </ExtendedData>
        <Point>
          <coordinates>
            151.205416664724,-33.836778,0
          </coordinates>
        </Point>
      </Placemark>
      <Placemark>
        <name>Little Walker Street</name>
        <description><![CDATA[Machine Id: NSD_4136-AU<br>Model: Parking Meter<br>Latitude: -33.83744456<br>Longitude: 151.2098326647238800]]></description>
        <styleUrl>#icon-1899-FF5252</styleUrl>
        <ExtendedData>
          <Data name="Machine Id">
            <value>NSD_4136-AU</value>
          </Data>
          <Data name="Model">
            <value>Parking Meter</value>
          </Data>
          <Data name="Latitude">
            <value>-33.83744456</value>
          </Data>
          <Data name="Longitude">
            <value>151.2098326647238800</value>
          </Data>
        </ExtendedData>
        <Point>
          <coordinates>
            151.209832664724,-33.83744456,0
          </coordinates>
        </Point>
      </Placemark>
      <Placemark>
        <name>Berry Street</name>
        <description><![CDATA[Machine Id: NSD_4137-AU<br>Model: Parking Meter<br>Latitude: -33.83686072<br>Longitude: 151.2078063352761300]]></description>
        <styleUrl>#icon-1899-FF5252</styleUrl>
        <ExtendedData>
          <Data name="Machine Id">
            <value>NSD_4137-AU</value>
          </Data>
          <Data name="Model">
            <value>Parking Meter</value>
          </Data>
          <Data name="Latitude">
            <value>-33.83686072</value>
          </Data>
          <Data name="Longitude">
            <value>151.2078063352761300</value>
          </Data>
        </ExtendedData>
        <Point>
          <coordinates>
            151.207806335276,-33.83686072,0
          </coordinates>
        </Point>
      </Placemark>
      <Placemark>
        <name>Berry Street</name>
        <description><![CDATA[Machine Id: NSD_4138-AU<br>Model: Parking Meter<br>Latitude: -33.83697172<br>Longitude: 151.2087223352761000]]></description>
        <styleUrl>#icon-1899-FF5252</styleUrl>
        <ExtendedData>
          <Data name="Machine Id">
            <value>NSD_4138-AU</value>
          </Data>
          <Data name="Model">
            <value>Parking Meter</value>
          </Data>
          <Data name="Latitude">
            <value>-33.83697172</value>
          </Data>
          <Data name="Longitude">
            <value>151.2087223352761000</value>
          </Data>
        </ExtendedData>
        <Point>
          <coordinates>
            151.208722335276,-33.83697172,0
          </coordinates>
        </Point>
      </Placemark>
      <Placemark>
        <name>Gas Lane</name>
        <description><![CDATA[Machine Id: NSD_4139-AU<br>Model: Parking Meter<br>Latitude: -33.84036016<br>Longitude: 151.2068893352761200]]></description>
        <styleUrl>#icon-1899-FF5252</styleUrl>
        <ExtendedData>
          <Data name="Machine Id">
            <value>NSD_4139-AU</value>
          </Data>
          <Data name="Model">
            <value>Parking Meter</value>
          </Data>
          <Data name="Latitude">
            <value>-33.84036016</value>
          </Data>
          <Data name="Longitude">
            <value>151.2068893352761200</value>
          </Data>
        </ExtendedData>
        <Point>
          <coordinates>
            151.206889335276,-33.84036016,0
          </coordinates>
        </Point>
      </Placemark>
      <Placemark>
        <name>Little Walker Street</name>
        <description><![CDATA[Machine Id: NSD_4140-AU<br>Model: Parking Meter<br>Latitude: -33.839389<br>Longitude: 151.2093346763806500]]></description>
        <styleUrl>#icon-1899-FF5252</styleUrl>
        <ExtendedData>
          <Data name="Machine Id">
            <value>NSD_4140-AU</value>
          </Data>
          <Data name="Model">
            <value>Parking Meter</value>
          </Data>
          <Data name="Latitude">
            <value>-33.839389</value>
          </Data>
          <Data name="Longitude">
            <value>151.2093346763806500</value>
          </Data>
        </ExtendedData>
        <Point>
          <coordinates>
            151.209334676381,-33.839389,0
          </coordinates>
        </Point>
      </Placemark>
      <Placemark>
        <name>Little Walker Street</name>
        <description><![CDATA[Machine Id: NSD_4141-AU<br>Model: Parking Meter<br>Latitude: -33.84005711<br>Longitude: 151.2092783352761400]]></description>
        <styleUrl>#icon-1899-FF5252</styleUrl>
        <ExtendedData>
          <Data name="Machine Id">
            <value>NSD_4141-AU</value>
          </Data>
          <Data name="Model">
            <value>Parking Meter</value>
          </Data>
          <Data name="Latitude">
            <value>-33.84005711</value>
          </Data>
          <Data name="Longitude">
            <value>151.2092783352761400</value>
          </Data>
        </ExtendedData>
        <Point>
          <coordinates>
            151.209278335276,-33.84005711,0
          </coordinates>
        </Point>
      </Placemark>
      <Placemark>
        <name>Pacific Highway</name>
        <description><![CDATA[Machine Id: NSD_4142-AU<br>Model: Parking Meter<br>Latitude: -33.83630516<br>Longitude: 151.2055013411045000]]></description>
        <styleUrl>#icon-1899-FF5252</styleUrl>
        <ExtendedData>
          <Data name="Machine Id">
            <value>NSD_4142-AU</value>
          </Data>
          <Data name="Model">
            <value>Parking Meter</value>
          </Data>
          <Data name="Latitude">
            <value>-33.83630516</value>
          </Data>
          <Data name="Longitude">
            <value>151.2055013411045000</value>
          </Data>
        </ExtendedData>
        <Point>
          <coordinates>
            151.205501341105,-33.83630516,0
          </coordinates>
        </Point>
      </Placemark>
      <Placemark>
        <name>Pacific Highway</name>
        <description><![CDATA[Machine Id: NSD_4143-AU<br>Model: Parking Meter<br>Latitude: -33.83844289<br>Longitude: 151.2064723352761000]]></description>
        <styleUrl>#icon-1899-FF5252</styleUrl>
        <ExtendedData>
          <Data name="Machine Id">
            <value>NSD_4143-AU</value>
          </Data>
          <Data name="Model">
            <value>Parking Meter</value>
          </Data>
          <Data name="Latitude">
            <value>-33.83844289</value>
          </Data>
          <Data name="Longitude">
            <value>151.2064723352761000</value>
          </Data>
        </ExtendedData>
        <Point>
          <coordinates>
            151.206472335276,-33.83844289,0
          </coordinates>
        </Point>
      </Placemark>
      <Placemark>
        <name>Pacific Highway</name>
        <description><![CDATA[Machine Id: NSD_4144-AU<br>Model: Parking Meter<br>Latitude: -33.840861<br>Longitude: 151.2089446705522800]]></description>
        <styleUrl>#icon-1899-FF5252</styleUrl>
        <ExtendedData>
          <Data name="Machine Id">
            <value>NSD_4144-AU</value>
          </Data>
          <Data name="Model">
            <value>Parking Meter</value>
          </Data>
          <Data name="Latitude">
            <value>-33.840861</value>
          </Data>
          <Data name="Longitude">
            <value>151.2089446705522800</value>
          </Data>
        </ExtendedData>
        <Point>
          <coordinates>
            151.208944670552,-33.840861,0
          </coordinates>
        </Point>
      </Placemark>
      <Placemark>
        <name>Pacific Highway</name>
        <description><![CDATA[Machine Id: NSD_4145-AU<br>Model: Parking Meter<br>Latitude: -33.84000111<br>Longitude: 151.2081659941716200]]></description>
        <styleUrl>#icon-1899-FF5252</styleUrl>
        <ExtendedData>
          <Data name="Machine Id">
            <value>NSD_4145-AU</value>
          </Data>
          <Data name="Model">
            <value>Parking Meter</value>
          </Data>
          <Data name="Latitude">
            <value>-33.84000111</value>
          </Data>
          <Data name="Longitude">
            <value>151.2081659941716200</value>
          </Data>
        </ExtendedData>
        <Point>
          <coordinates>
            151.208165994172,-33.84000111,0
          </coordinates>
        </Point>
      </Placemark>
      <Placemark>
        <name>Blue Street</name>
        <description><![CDATA[Machine Id: NSD_4146-AU<br>Model: Parking Meter<br>Latitude: -33.84077967<br>Longitude: 151.2067786705522400]]></description>
        <styleUrl>#icon-1899-FF5252</styleUrl>
        <ExtendedData>
          <Data name="Machine Id">
            <value>NSD_4146-AU</value>
          </Data>
          <Data name="Model">
            <value>Parking Meter</value>
          </Data>
          <Data name="Latitude">
            <value>-33.84077967</value>
          </Data>
          <Data name="Longitude">
            <value>151.2067786705522400</value>
          </Data>
        </ExtendedData>
        <Point>
          <coordinates>
            151.206778670552,-33.84077967,0
          </coordinates>
        </Point>
      </Placemark>
      <Placemark>
        <name>Arthur Street</name>
        <description><![CDATA[Machine Id: NSD_5137-AU<br>Model: Parking Meter<br>Latitude: -33.838<br>Longitude: 151.2101120058284000]]></description>
        <styleUrl>#icon-1899-FF5252</styleUrl>
        <ExtendedData>
          <Data name="Machine Id">
            <value>NSD_5137-AU</value>
          </Data>
          <Data name="Model">
            <value>Parking Meter</value>
          </Data>
          <Data name="Latitude">
            <value>-33.838</value>
          </Data>
          <Data name="Longitude">
            <value>151.2101120058284000</value>
          </Data>
        </ExtendedData>
        <Point>
          <coordinates>
            151.210112005828,-33.838,0
          </coordinates>
        </Point>
      </Placemark>
      <Placemark>
        <name>Arthur Street</name>
        <description><![CDATA[Machine Id: NSD_5138-AU<br>Model: Parking Meter<br>Latitude: -33.84199916<br>Longitude: 151.2097216647238400]]></description>
        <styleUrl>#icon-1899-FF5252</styleUrl>
        <ExtendedData>
          <Data name="Machine Id">
            <value>NSD_5138-AU</value>
          </Data>
          <Data name="Model">
            <value>Parking Meter</value>
          </Data>
          <Data name="Latitude">
            <value>-33.84199916</value>
          </Data>
          <Data name="Longitude">
            <value>151.2097216647238400</value>
          </Data>
        </ExtendedData>
        <Point>
          <coordinates>
            151.209721664724,-33.84199916,0
          </coordinates>
        </Point>
      </Placemark>
      <Placemark>
        <name>Arthur Street</name>
        <description><![CDATA[Machine Id: NSD_5139-AU<br>Model: Parking Meter<br>Latitude: -33.84202772<br>Longitude: 151.2097520116567800]]></description>
        <styleUrl>#icon-1899-FF5252</styleUrl>
        <ExtendedData>
          <Data name="Machine Id">
            <value>NSD_5139-AU</value>
          </Data>
          <Data name="Model">
            <value>Parking Meter</value>
          </Data>
          <Data name="Latitude">
            <value>-33.84202772</value>
          </Data>
          <Data name="Longitude">
            <value>151.2097520116567800</value>
          </Data>
        </ExtendedData>
        <Point>
          <coordinates>
            151.209752011657,-33.84202772,0
          </coordinates>
        </Point>
      </Placemark>
      <Placemark>
        <name>Cliff Street</name>
        <description><![CDATA[Machine Id: NSD_5140-AU<br>Model: Parking Meter<br>Latitude: -33.845667<br>Longitude: 151.2109433294477600]]></description>
        <styleUrl>#icon-1899-FF5252</styleUrl>
        <ExtendedData>
          <Data name="Machine Id">
            <value>NSD_5140-AU</value>
          </Data>
          <Data name="Model">
            <value>Parking Meter</value>
          </Data>
          <Data name="Latitude">
            <value>-33.845667</value>
          </Data>
          <Data name="Longitude">
            <value>151.2109433294477600</value>
          </Data>
        </ExtendedData>
        <Point>
          <coordinates>
            151.210943329448,-33.845667,0
          </coordinates>
        </Point>
      </Placemark>
      <Placemark>
        <name>Grosvenor Street</name>
        <description><![CDATA[Machine Id: NSD_6113-AU<br>Model: Parking Meter<br>Latitude: -33.83041616<br>Longitude: 151.2234730058284000]]></description>
        <styleUrl>#icon-1899-FF5252</styleUrl>
        <ExtendedData>
          <Data name="Machine Id">
            <value>NSD_6113-AU</value>
          </Data>
          <Data name="Model">
            <value>Parking Meter</value>
          </Data>
          <Data name="Latitude">
            <value>-33.83041616</value>
          </Data>
          <Data name="Longitude">
            <value>151.2234730058284000</value>
          </Data>
        </ExtendedData>
        <Point>
          <coordinates>
            151.223473005828,-33.83041616,0
          </coordinates>
        </Point>
      </Placemark>
      <Placemark>
        <name>Waters Road</name>
        <description><![CDATA[Machine Id: NSD_6114-AU<br>Model: Parking Meter<br>Latitude: -33.83122284<br>Longitude: 151.2233606647238800]]></description>
        <styleUrl>#icon-1899-FF5252</styleUrl>
        <ExtendedData>
          <Data name="Machine Id">
            <value>NSD_6114-AU</value>
          </Data>
          <Data name="Model">
            <value>Parking Meter</value>
          </Data>
          <Data name="Latitude">
            <value>-33.83122284</value>
          </Data>
          <Data name="Longitude">
            <value>151.2233606647238800</value>
          </Data>
        </ExtendedData>
        <Point>
          <coordinates>
            151.223360664724,-33.83122284,0
          </coordinates>
        </Point>
      </Placemark>
      <Placemark>
        <name>McLaren Street</name>
        <description><![CDATA[Machine Id: NSD_3123-AU<br>Model: Parking Meter<br>Latitude: -33.83497196<br>Longitude: 151.2091676370844500]]></description>
        <styleUrl>#icon-1899-FF5252</styleUrl>
        <ExtendedData>
          <Data name="Machine Id">
            <value>NSD_3123-AU</value>
          </Data>
          <Data name="Model">
            <value>Parking Meter</value>
          </Data>
          <Data name="Latitude">
            <value>-33.83497196</value>
          </Data>
          <Data name="Longitude">
            <value>151.2091676370844500</value>
          </Data>
        </ExtendedData>
        <Point>
          <coordinates>
            151.209167637084,-33.83497196,0
          </coordinates>
        </Point>
      </Placemark>
      <Placemark>
        <name>Harnett Street</name>
        <description><![CDATA[Machine Id: NSD_3124-AU<br>Model: Parking Meter<br>Latitude: -33.83521355<br>Longitude: 151.2089857129967600]]></description>
        <styleUrl>#icon-1899-FF5252</styleUrl>
        <ExtendedData>
          <Data name="Machine Id">
            <value>NSD_3124-AU</value>
          </Data>
          <Data name="Model">
            <value>Parking Meter</value>
          </Data>
          <Data name="Latitude">
            <value>-33.83521355</value>
          </Data>
          <Data name="Longitude">
            <value>151.2089857129967600</value>
          </Data>
        </ExtendedData>
        <Point>
          <coordinates>
            151.208985712997,-33.83521355,0
          </coordinates>
        </Point>
      </Placemark>
      <Placemark>
        <name>Bradly Avenue</name>
        <description><![CDATA[Machine Id: NSD_5141-AU<br>Model: Parking Meter<br>Latitude: -33.84386267<br>Longitude: 151.2148336705522500]]></description>
        <styleUrl>#icon-1899-FF5252</styleUrl>
        <ExtendedData>
          <Data name="Machine Id">
            <value>NSD_5141-AU</value>
          </Data>
          <Data name="Model">
            <value>Parking Meter</value>
          </Data>
          <Data name="Latitude">
            <value>-33.84386267</value>
          </Data>
          <Data name="Longitude">
            <value>151.2148336705522500</value>
          </Data>
        </ExtendedData>
        <Point>
          <coordinates>
            151.214833670552,-33.84386267,0
          </coordinates>
        </Point>
      </Placemark>
      <Placemark>
        <name>Alfred Street South</name>
        <description><![CDATA[Machine Id: NSD_5143-AU<br>Model: Parking Meter<br>Latitude: -33.84886128<br>Longitude: 151.2118599941716000]]></description>
        <styleUrl>#icon-1899-FF5252</styleUrl>
        <ExtendedData>
          <Data name="Machine Id">
            <value>NSD_5143-AU</value>
          </Data>
          <Data name="Model">
            <value>Parking Meter</value>
          </Data>
          <Data name="Latitude">
            <value>-33.84886128</value>
          </Data>
          <Data name="Longitude">
            <value>151.2118599941716000</value>
          </Data>
        </ExtendedData>
        <Point>
          <coordinates>
            151.211859994172,-33.84886128,0
          </coordinates>
        </Point>
      </Placemark>
      <Placemark>
        <name>Alfred Street South</name>
        <description><![CDATA[Machine Id: NSD_5144-AU<br>Model: Parking Meter<br>Latitude: -33.84911184<br>Longitude: 151.2118886647239000]]></description>
        <styleUrl>#icon-1899-FF5252</styleUrl>
        <ExtendedData>
          <Data name="Machine Id">
            <value>NSD_5144-AU</value>
          </Data>
          <Data name="Model">
            <value>Parking Meter</value>
          </Data>
          <Data name="Latitude">
            <value>-33.84911184</value>
          </Data>
          <Data name="Longitude">
            <value>151.2118886647239000</value>
          </Data>
        </ExtendedData>
        <Point>
          <coordinates>
            151.211888664724,-33.84911184,0
          </coordinates>
        </Point>
      </Placemark>
      <Placemark>
        <name>Alfred Street South</name>
        <description><![CDATA[Machine Id: NSD_5145-AU<br>Model: Parking Meter<br>Latitude: -33.84927828<br>Longitude: 151.2119433294477000]]></description>
        <styleUrl>#icon-1899-FF5252</styleUrl>
        <ExtendedData>
          <Data name="Machine Id">
            <value>NSD_5145-AU</value>
          </Data>
          <Data name="Model">
            <value>Parking Meter</value>
          </Data>
          <Data name="Latitude">
            <value>-33.84927828</value>
          </Data>
          <Data name="Longitude">
            <value>151.2119433294477000</value>
          </Data>
        </ExtendedData>
        <Point>
          <coordinates>
            151.211943329448,-33.84927828,0
          </coordinates>
        </Point>
      </Placemark>
    </Folder>
  </Document>
</kml>
