"id","Eastin","Northing","rawSignId","signsPhotoURL","sign1_category","sign1_direction","sign1_description","sign2_category","sign2_direction","sign2_description","sign3_category","sign3_direction","sign3_description","sign4_category","sign4_direction","sign4_description"
"9996f1a9-7986-4f58-b7a8-ee4b64468235",331879.76848687,6259074.9344909,206927,"https://s3-ap-southeast-2.amazonaws.com/data-collection.spotparking.com.au/production/raw-data-points/e14fc5188a7e16a0a3c7fc6cf7dbc78598986fb0c8b299ba13-md.jpg","No Parking","right","Council Vehicle","No Stopping","left","","","","","","",""
"463d4398-075b-4efb-b66c-2a708dc9bee8",331867.1523451,6259070.2754392,206928,"https://s3-ap-southeast-2.amazonaws.com/data-collection.spotparking.com.au/production/raw-data-points/4e9fe035338d19a9452a9eb9cd39f10b7fa64cdc09bad4496d-md.jpg","Loading Zone","right","","No Parking","left","Council Vehicle","","","","","",""
"22fc53b6-414b-4a74-a8eb-c33f25c39764",331848.31059088,6259062.9569289,206929,"https://s3-ap-southeast-2.amazonaws.com/data-collection.spotparking.com.au/production/raw-data-points/2516eb452d780858fd399d05117684730ae0c82542e2a29f41-md.jpg","Loading Zone","both","","","","","","","","","",""
"cd627ebc-71b1-4c47-b800-4eba90b50e2c",331829.80691628,6259055.1985081,206930,"https://s3-ap-southeast-2.amazonaws.com/data-collection.spotparking.com.au/production/raw-data-points/cabfb7ad39e56359987fbfd772924b3daf13d7179724d6970e-md.jpg","","","","","","","","","","","",""
"373a95b1-1bbd-4baa-b1e9-15a016abfd3a",331816.56409034,6259049.9695724,206931,"https://s3-ap-southeast-2.amazonaws.com/data-collection.spotparking.com.au/production/raw-data-points/fc471616eb50d57dae96cf5d0a16b859b250af5678340319ef-md.jpg","No Stopping","right","","Loading Zone","left","","","","","","",""
"8b3e5e99-9634-466a-8bc1-b1d83183af28",331802.21632127,6259044.7206408,206932,"https://s3-ap-southeast-2.amazonaws.com/data-collection.spotparking.com.au/production/raw-data-points/d0055ee0bb927c58faa9023171aaaa3d24c5548605ad7edf78-md.jpg","No Stopping","both","","","","","","","","","",""
"cbd80735-ec78-4dbb-a227-06de646e367a",331827.49807988,6258571.8368949,206902,"https://s3-ap-southeast-2.amazonaws.com/data-collection.spotparking.com.au/production/raw-data-points/e8e2f6620fc914a317cea7a55aa56ba4008875fba48d6eb82a-md.jpg","No Stopping","both","","","","","","","","","",""
"d09b1053-e9e3-4cd5-b1e0-d9c519068834",331805.96818042,6258563.8085291,207921,"https://s3-ap-southeast-2.amazonaws.com/data-collection.spotparking.com.au/production/raw-data-points/8503ab7fa90f686de6a8ad8c6e1deddd6363c3a6c29ef3e08f-md.jpg","No Stopping","both","","","","","","","","","",""
"96ad9fd0-65ca-4337-8d8d-29545ed204d0",331954.87988256,6258954.3490357,207423,"https://s3-ap-southeast-2.amazonaws.com/data-collection.spotparking.com.au/production/raw-data-points/af06539b27ddc171df2f2fd4e00dead59cf3d56dc246286e8b-md.jpg","Mail Zone","right","","Loading Zone","right","Maximum Duration: 15","No Stopping","left","","","",""
"4c0dd004-84c5-4102-918e-208419862bf7",331962.38360087,6258958.0282868,207424,"https://s3-ap-southeast-2.amazonaws.com/data-collection.spotparking.com.au/production/raw-data-points/2565c5283277f4eccd24efff26920dbcccd6c1ebb672ed6290-md.jpg","Loading Zone","left","Maximum Duration: 15","No Stopping","right","","Mail Zone","left","","","",""
"031ece0f-4ecd-4c7e-8f4d-339d698155d8",331982.56118186,6258965.386789,207425,"https://s3-ap-southeast-2.amazonaws.com/data-collection.spotparking.com.au/production/raw-data-points/608aafa13de1c58a555ad8336c2a8c007f9f4c430830d6d496-md.jpg","No Stopping","both","","","","","","","","","",""
"4bf90ef7-f430-4ad9-b41d-2b2b4708c81e",331637.39013963,6258959.2980283,207973,"https://s3-ap-southeast-2.amazonaws.com/data-collection.spotparking.com.au/production/raw-data-points/2da8a9df9506208f7f1ec194340eb9b7f579927c6f5509f9f9-md.jpg","Bus Zone","right","","No Stopping","left","","","","","","",""
"6c307b6c-5ce4-48d4-a398-3c8e08a51c7d",331637.5138273,6258946.6406047,207974,"https://s3-ap-southeast-2.amazonaws.com/data-collection.spotparking.com.au/production/raw-data-points/9742594367bbf13578869cb86bf1215c2fb44a7a74e77c001a-md.jpg","Bus Zone","both","","","","","","","","","",""
"f3a7190d-20a3-48dc-bad7-f16636001f02",331637.10978093,6258933.443291,207975,"https://s3-ap-southeast-2.amazonaws.com/data-collection.spotparking.com.au/production/raw-data-points/ab5423440c307c5f538a14177342a6ebe0c75efb16b846b021-md.jpg","Bus Zone","left","","Bus Zone","right","","Loading Zone","right","7:30a - 12:00p Tu-W F","","",""
"48bd9d26-2c30-4b40-978f-50345cae7839",331637.75295678,6258917.9164514,207976,"https://s3-ap-southeast-2.amazonaws.com/data-collection.spotparking.com.au/production/raw-data-points/da5a5e27b7b702fdffd2dcc7149c851d82ef4b2e1544ed19de-md.jpg","No Stopping","right","","Bus Zone","left","","Loading Zone","left","7:30a - 12:00p Tu-W F","","",""
"78488b57-6e72-45fa-b0a6-8a3bfef47dd9",331935.55162353,6258973.085222,207418,"https://s3-ap-southeast-2.amazonaws.com/data-collection.spotparking.com.au/production/raw-data-points/93a8a3759ffda22f2c31688901e5ea2007868254b9615db6a7-md.jpg","No Stopping","both","","","","","","","","","",""
"22c6affb-5369-463d-993d-3aa719e930a6",331937.9841476,6258967.2564084,207419,"https://s3-ap-southeast-2.amazonaws.com/data-collection.spotparking.com.au/production/raw-data-points/3dd40d4aa403e609e7dd50a2a5603296a5c636f0e6adea61c2-md.jpg","No Stopping","left","","Loading Zone","right","6:00a - 9:00a","No Stopping","right","","Bus Zone","right","9:00a - 3:30p M-F"
"ed9c0b16-5187-46f8-969d-9cf8f2bf998c",331941.48863143,6258957.6583621,207420,"https://s3-ap-southeast-2.amazonaws.com/data-collection.spotparking.com.au/production/raw-data-points/4410c05958a5518180f9a22cf0a96c4b6819ea95055261ed74-md.jpg","Mail Zone","right","","No Stopping","left","","Loading Zone","left","6:00a - 9:00a","Bus Zone","left","9:00a - 3:30p M-F"
"5541f182-986d-4a20-a815-941d7283bd0a",331331.21369508,6258859.578326,211579,"https://s3-ap-southeast-2.amazonaws.com/data-collection.spotparking.com.au/production/raw-data-points/fdcf30a8bf7476096ba05f5343f64ac48546e0d8fe53bd076e-md.jpg","No Parking","both","","Clearway","both","6:00a - 7:00p M-F; 9:00a - 6:00p Sa-Su inc. Public Holidays, Inferred","","","","","",""
"9b6cc070-d66b-45ab-8998-b9b89c6941e2",331322.29993739,6258903.2494368,211580,"https://s3-ap-southeast-2.amazonaws.com/data-collection.spotparking.com.au/production/raw-data-points/138138850c5204beeb6caaf0fe648669b4c5ec4f2f64b3f4ab-md.jpg","No Stopping","right","","No Parking","left","","Clearway","both","6:00a - 7:00p M-F; 9:00a - 6:00p Sa-Su inc. Public Holidays, Inferred","","",""
"50ba7b60-2c11-4a35-9265-b5026e627df4",331322.54731272,6258940.5218502,211581,"https://s3-ap-southeast-2.amazonaws.com/data-collection.spotparking.com.au/production/raw-data-points/bf721139e7468129a1a82688b44bf0090ebc146fbbe27df932-md.jpg","No Stopping","both","","","","","","","","","",""
"775b55e1-90e3-4ab5-868e-a9d09980b8c6",332083.93559164,6259344.7795647,207076,"https://s3-ap-southeast-2.amazonaws.com/data-collection.spotparking.com.au/production/raw-data-points/7042f271c4cf065d51f8be06b5f846329941243ce04ea64d0e-md.jpg","No Parking","left","","Metered Parking","right","Max Dur. 4 hours 8:30a - 6:00p","","","","","",""
"3dc930b3-e658-4aab-9f8c-00a0133bcc4e",332111.2375821,6259356.5571674,207077,"https://s3-ap-southeast-2.amazonaws.com/data-collection.spotparking.com.au/production/raw-data-points/edf61b9609d8b21cfdba4697fe8aa55c5362385efa491b3d2a-md.jpg","No Stopping","right","","Metered Parking","left","Max Dur. 4 hours 8:30a - 6:00p","","","","","",""
"82d19c2e-7466-48a2-b693-db6eaf3bd9a9",331782.98701237,6259006.448431,206836,"https://s3-ap-southeast-2.amazonaws.com/data-collection.spotparking.com.au/production/raw-data-points/1e6c38129122b5cca8f290787d16a3e4a9fde4e3baf7b2d426-md.jpg","No Stopping","both","","","","","","","","","",""
"e2b42b36-084e-4b4e-a92d-48bfc17c4714",331761.02832901,6258713.2081192,214959,"https://s3-ap-southeast-2.amazonaws.com/data-collection.spotparking.com.au/production/raw-data-points/inserted_datapoint-md.jpg","","","","","","","","","","","",""
"bd96ac2d-8b99-4fc8-9b00-67d96e3a5478",331855.53395048,6258967.0264552,206840,"https://s3-ap-southeast-2.amazonaws.com/data-collection.spotparking.com.au/production/raw-data-points/ba9886cfcadfd6baec5dbb5b3770a46ce3cebf4e0ad1161595-md.jpg","Bus Zone","left","","No Stopping","right","","","","","","",""
"0764a177-b0aa-41fc-95d2-ab70c7c3518f",331879.61181583,6258972.6653075,206841,"https://s3-ap-southeast-2.amazonaws.com/data-collection.spotparking.com.au/production/raw-data-points/695405592f1f38ea07ed2c746132ef1937f9e2ac3b4a85ddf4-md.jpg","Bus Zone","right","","No Stopping","left","","","","","","",""
"57a246c0-2177-45fd-8489-1dd34e4154c9",331921.29455874,6258988.9319964,206842,"https://s3-ap-southeast-2.amazonaws.com/data-collection.spotparking.com.au/production/raw-data-points/3c312e7a1985132dac5d0bef1ad069966be68f50ffd0a38c41-md.jpg","No Stopping","both","","","","","","","","","",""
"c50c80ad-8ed3-47ec-9633-e4dbed8a8962",331937.65431383,6258995.4206757,206843,"https://s3-ap-southeast-2.amazonaws.com/data-collection.spotparking.com.au/production/raw-data-points/423e55db6f7b28aefec5cbc226447f801ab490115cfaffbea8-md.jpg","No Stopping","both","","","","","","","","","",""
"51e6f5f3-c86d-4e18-9984-fb1253bcdb0a",331960.46231915,6259004.9187424,206844,"https://s3-ap-southeast-2.amazonaws.com/data-collection.spotparking.com.au/production/raw-data-points/a3013caa36392fd7ee93473da6545356a15af4ffc5ecafdac8-md.jpg","No Stopping","both","","","","","","","","","",""
"6c89eb3e-a86e-4569-b2b6-58d346cb3077",331985.31529386,6259013.4570044,206845,"https://s3-ap-southeast-2.amazonaws.com/data-collection.spotparking.com.au/production/raw-data-points/66ebfda2a5b21a85553eaf47f4c084f69c049d0db722fa56c3-md.jpg","No Stopping","both","","","","","","","","","",""
"01bded12-b9d1-46b8-9187-56358d7229f4",331859.50020159,6258774.5156402,206860,"https://s3-ap-southeast-2.amazonaws.com/data-collection.spotparking.com.au/production/raw-data-points/7407b2e04fa347da892e16c258388f21f6da1c05679f46dcbc-md.jpg","No Stopping","right","Taxis, Exception Duration Limit: 1","No Stopping","left","","","","","","",""
"bc5f5644-1ba7-4134-bb4f-2887fc9fab0f",331834.66371857,6258764.7576265,206862,"https://s3-ap-southeast-2.amazonaws.com/data-collection.spotparking.com.au/production/raw-data-points/6fa077a66719d141e3e341a81e081cca7fdd12e90a7b614873-md.jpg","No Stopping","left","Taxis, Exception Duration Limit: 1","No Stopping","right","","","","","","",""
"be2457a5-573a-4830-86cc-4d405df42798",331799.55291356,6258750.05062,206863,"https://s3-ap-southeast-2.amazonaws.com/data-collection.spotparking.com.au/production/raw-data-points/d172265c72be4cfb86248eef3c9ed4c3291b2722539a90c965-md.jpg","No Stopping","both","","","","","","","","","",""
"1c897fe6-8e70-4d1b-95ab-446fdb66d801",331741.27953192,6258462.3791747,206881,"https://s3-ap-southeast-2.amazonaws.com/data-collection.spotparking.com.au/production/raw-data-points/f001eb3c3cf21658d1e4c2dff94344efeeab3a29f9a20a1ccc-md.jpg","No Stopping","left","","Restricted Parking","right","Max Dur. 30 minutes 8:30a - 6:00p, Buses Exempt","","","","","",""
"3d88f0c4-5e2d-4f2c-b35e-a8445f2b7254",331719.30435687,6258453.4409941,206882,"https://s3-ap-southeast-2.amazonaws.com/data-collection.spotparking.com.au/production/raw-data-points/605559b86591358f8223f178a4312f09cf68ef83ef25158856-md.jpg","Restricted Parking","both","Max Dur. 30 minutes 8:30a - 6:00p, Buses Exempt","","","","","","","","",""
"ae791c8d-3d8e-47b8-8f35-9ff0eb54a813",331692.48887122,6258440.6635949,206883,"https://s3-ap-southeast-2.amazonaws.com/data-collection.spotparking.com.au/production/raw-data-points/619d74d8519b1c661dca8b4a0e491b7e41ce15555e6fa933bf-md.jpg","Disabled Parking","right","","Restricted Parking","left","Max Dur. 30 minutes 8:30a - 6:00p, Buses Exempt","","","","","",""
"e523ffa0-e0fa-4fb6-ba6c-c2562ad6c4fd",331679.44394554,6258435.4346592,206884,"https://s3-ap-southeast-2.amazonaws.com/data-collection.spotparking.com.au/production/raw-data-points/942b70f44dc0889633b8667eb53bdc6441bf8e6d7706127c0f-md.jpg","Disabled Parking","left","","No Stopping","right","","","","","","",""
"8b227542-136f-403e-905a-7e081fd25606",331322.10203713,6258835.6731918,211570,"https://s3-ap-southeast-2.amazonaws.com/data-collection.spotparking.com.au/production/raw-data-points/c9a3c6e751096a1d806d3087941d2f6b658472222e226b57b8-md.jpg","No Stopping","both","","","","","","","","","",""
"3c43bdd2-b710-48dc-85f3-e4bd3b70dd62",331300.34949988,6258828.8745756,211571,"https://s3-ap-southeast-2.amazonaws.com/data-collection.spotparking.com.au/production/raw-data-points/acd4bbabb8d20369bd47aad9b604d47f18a4fd62b6d72ca85e-md.jpg","No Stopping","both","","","","","","","","","",""
"ccfd685e-9411-420e-8740-34fa9474b04c",331267.28366425,6258819.07657,211572,"https://s3-ap-southeast-2.amazonaws.com/data-collection.spotparking.com.au/production/raw-data-points/99c8d2a701da60e7782d76d3711a7dcefe31eef11c54a51ed4-md.jpg","No Stopping","both","","","","","","","","","",""
"58a276b8-e997-4e3a-83a6-3dffb1e33c0e",331939.89718348,6259288.0911034,207004,"https://s3-ap-southeast-2.amazonaws.com/data-collection.spotparking.com.au/production/raw-data-points/b75bc827520050368a4df3e16459ed4a5b35307fb4ffdf9c67-md.jpg","Restricted Parking","right","Max Dur. 2 hours 8:30a - 6:00p M-F; Max Dur. 2 hours 8:30a - 12:30p Sa, No Of Driveways: 4","No Stopping","left","","","","","","",""
"d80a7395-d00b-44b6-b32a-85cbf6bcfb87",331965.02227105,6259298.199046,207005,"https://s3-ap-southeast-2.amazonaws.com/data-collection.spotparking.com.au/production/raw-data-points/a323cba8f4b6ce2592fc9ac0734588888fffe92b1552b8bdf7-md.jpg","Restricted Parking","both","Max Dur. 2 hours 8:30a - 6:00p M-F; Max Dur. 2 hours 8:30a - 12:30p Sa, No Of Driveways: 4","","","","","","","","",""
"45f19a71-7c38-4448-8c64-c5affdd2995a",331980.08742858,6259304.5677497,207006,"https://s3-ap-southeast-2.amazonaws.com/data-collection.spotparking.com.au/production/raw-data-points/e26a2c831db28ecaa763b3091e6bd80b7eb5e718aa6603bbdb-md.jpg","Restricted Parking","right","Max Dur. 10 minutes 8:30a - 6:00p M-F; Max Dur. 10 minutes 8:30a - 12:30p Sa","Restricted Parking","left","Max Dur. 2 hours 8:30a - 6:00p M-F; Max Dur. 2 hours 8:30a - 12:30p Sa, No Of Driveways: 4","","","","","",""
"acd00d53-0a6a-4aa2-989e-4b534efcd0db",331989.38874094,6259308.167017,207007,"https://s3-ap-southeast-2.amazonaws.com/data-collection.spotparking.com.au/production/raw-data-points/2d386e7c6bd199138f6320f43c593941b0c8259fda84505962-md.jpg","Restricted Parking","left","Max Dur. 10 minutes 8:30a - 6:00p M-F; Max Dur. 10 minutes 8:30a - 12:30p Sa","Restricted Parking","right","Max Dur. 2 hours 8:30a - 6:00p M-F; Max Dur. 2 hours 8:30a - 12:30p Sa, No Of Driveways: 3","","","","","",""
"7a46eb29-e9ac-46c3-8ef1-94b23bdbc95c",332007.33994397,6259315.1355986,207008,"https://s3-ap-southeast-2.amazonaws.com/data-collection.spotparking.com.au/production/raw-data-points/94886a97ad74cf695b9ef7fa418835ff95fc7e97ded4e11e4a-md.jpg","Restricted Parking","both","Max Dur. 2 hours 8:30a - 6:00p M-F; Max Dur. 2 hours 8:30a - 12:30p Sa, No Of Driveways: 3","","","","","","","","",""
"be29a86d-daf6-4430-beeb-7788c098750f",332027.64121263,6259323.023993,207009,"https://s3-ap-southeast-2.amazonaws.com/data-collection.spotparking.com.au/production/raw-data-points/97e386d0860066d6d964d16d3f5c56890c8aca9effeb931b64-md.jpg","No Stopping","right","","","","","","","","","",""
"b288faef-fe76-4018-94ae-b0df33dac2ef",331237.40072452,6258994.4908649,211584,"https://s3-ap-southeast-2.amazonaws.com/data-collection.spotparking.com.au/production/raw-data-points/6ec5cea51c6347c053347ba277b6de3f88d31d1f927cfb2d19-md.jpg","No Parking","both","","No Stopping","both","6:00a - 10:00a M-F","","","","","",""
"74ae2296-a8ff-416f-a501-9d04e58c8bb1",331217.93228614,6258996.460464,211585,"https://s3-ap-southeast-2.amazonaws.com/data-collection.spotparking.com.au/production/raw-data-points/4303da7aba8cf0f510596cd91c1279515133568ab8df52f5d6-md.jpg","No Parking","left","","No Stopping","right","","No Stopping","left","6:00a - 10:00a M-F","","",""
"c6495df2-e5cd-462f-a151-cf4030f5a8f2",331407.51249235,6258592.922603,211533,"https://s3-ap-southeast-2.amazonaws.com/data-collection.spotparking.com.au/production/raw-data-points/db2308e3fc1e1f669110866135ddb06892afe99f45f4132410-md.jpg","No Stopping","both","","","","","","","","","",""
"b764958f-58fe-4927-a4fe-e0bbd61dd2fc",331379.81470136,6258588.7834455,211534,"https://s3-ap-southeast-2.amazonaws.com/data-collection.spotparking.com.au/production/raw-data-points/d43cdfc8c3fd4b0b3ff5f091a5f1a1360de3d336fca0787793-md.jpg","No Stopping","left","","","","","","","","","",""
"a53d9996-8f6d-4c56-a20f-8b338d5b1996",331310.51662589,6258580.3351651,211535,"https://s3-ap-southeast-2.amazonaws.com/data-collection.spotparking.com.au/production/raw-data-points/975567c78d7681920f95020cc11c485b7c3088cdc14bf396ae-md.jpg","No Parking","right","Council Vehicle","","","","","","","","",""
"5f5df082-3cf5-4d0b-8371-c80f549f3c19",331305.1568271,6258579.6952954,211536,"https://s3-ap-southeast-2.amazonaws.com/data-collection.spotparking.com.au/production/raw-data-points/2e373632f65c43a0cfda04f3f474ac3139c9e906871337f806-md.jpg","No Stopping","right","","No Parking","left","Council Vehicle","","","","","",""
"91e4027f-43a4-48c4-901e-714f674ef7b5",332420.37428476,6258995.050751,205256,"https://s3-ap-southeast-2.amazonaws.com/data-collection.spotparking.com.au/production/raw-data-points/609ad0c5bdb006ea6010221b71f773cdde1fccba2f6a0c9552-md.jpg","No Stopping","left","","Unrestricted Parking","right","No Of Bays: 5","No Parking","right","4:30a - 6:30a F, Street Sweeping","","",""
"7f27ad0c-5156-438d-838a-6e456d84f69b",332397.77242555,6258985.6726598,205257,"https://s3-ap-southeast-2.amazonaws.com/data-collection.spotparking.com.au/production/raw-data-points/5ba26138136497fe6bc4e170eefc87d29878a6c43bf711ae64-md.jpg","No Parking","right","","Unrestricted Parking","left","No Of Bays: 5","No Parking","left","4:30a - 6:30a F, Street Sweeping","","",""
"f0242e99-d7c6-40f7-a081-385698d6bd1a",332381.68478333,6258979.064005,205258,"https://s3-ap-southeast-2.amazonaws.com/data-collection.spotparking.com.au/production/raw-data-points/0652da4bbeadec757e73fece44ca8fac17e43f25ed40766ae9-md.jpg","No Parking","left","","No Stopping","right","","","","","","",""
"b547cec9-94b9-4e6c-8525-e4ae3c0497d8",331951.76295342,6258679.4049997,207130,"https://s3-ap-southeast-2.amazonaws.com/data-collection.spotparking.com.au/production/raw-data-points/69161e874b6a1c99f78c99a6ec2628068a142879c9096a44d7-md.jpg","No Stopping","right","","No Parking","left","Exception Duration Limit: 5, Pickup Dropoff","","","","","",""
"97e7005a-809b-4852-befd-ac6af835a65c",331930.34024994,6258671.046701,207131,"https://s3-ap-southeast-2.amazonaws.com/data-collection.spotparking.com.au/production/raw-data-points/ef679379cebe9d00522b9930d6a6d073fdbc35dfa745e3e88d-md.jpg","No Parking","right","Exception Duration Limit: 5, Pickup Dropoff","No Stopping","left","","","","","","",""
"26be5176-85f6-4992-a170-3cb278b78130",331436.34820985,6258523.4467446,211515,"https://s3-ap-southeast-2.amazonaws.com/data-collection.spotparking.com.au/production/raw-data-points/ca9bb29d8a735cdbf904776ca38a274e5ff8ed9d90d4b00a49-md.jpg","No Stopping","left","","No Parking","right","6:30a - 6:30p M-F; 6:30a - 12:30p Sa","","","","","",""
"7fabcd44-c043-4bf8-8a92-7220d04997d8",331391.81240481,6258517.2180124,211516,"https://s3-ap-southeast-2.amazonaws.com/data-collection.spotparking.com.au/production/raw-data-points/8512da294464402413fc6652fa6957261bb3d6ad6816eb2929-md.jpg","No Stopping","right","","No Parking","left","6:30a - 6:30p M-F; 6:30a - 12:30p Sa","","","","","",""
"bdc6ecbe-830d-405c-b16f-b51de0dd8816",331379.90540564,6258515.4583706,211517,"https://s3-ap-southeast-2.amazonaws.com/data-collection.spotparking.com.au/production/raw-data-points/24356646a0fa07e95570be5a45cc7aedc5d63b689145a9916c-md.jpg","No Parking","right","6:30a - 6:30p M-F; 6:30a - 12:30p Sa","No Stopping","left","","","","","","",""
"4b7210a8-85be-4b61-ad1b-a746db87ddc4",331351.712864,6258512.8389038,211518,"https://s3-ap-southeast-2.amazonaws.com/data-collection.spotparking.com.au/production/raw-data-points/e8b06ae53b37bb222ef675918e623befad8e06160bfbc9adfe-md.jpg","No Parking","left","6:30a - 6:30p M-F; 6:30a - 12:30p Sa","No Stopping","right","","","","","","",""
"45a666c2-56cd-4ec7-923b-fe17480cf3ff",331717.77887567,6258692.7022931,207579,"https://s3-ap-southeast-2.amazonaws.com/data-collection.spotparking.com.au/production/raw-data-points/c996b9a6baefffd4423f3bca5be8d4b893d095c39b12198a9a-md.jpg","No Stopping","both","","","","","","","","","",""
"68745783-0303-4ea5-b64d-ab2f5613cc64",331723.19639538,6258678.5951646,207580,"https://s3-ap-southeast-2.amazonaws.com/data-collection.spotparking.com.au/production/raw-data-points/210f0f2c282d883b7b174ae1cfd766d5637af4ad85f6c08595-md.jpg","No Stopping","both","","","","","","","","","",""
"11a43920-3c13-4898-8e50-1b78a72c0b44",331728.92725716,6258663.6082151,207581,"https://s3-ap-southeast-2.amazonaws.com/data-collection.spotparking.com.au/production/raw-data-points/2ea52c874df4c8050a0a67ea5ba7a78061096550af1e0ab42b-md.jpg","Restricted Parking","right","Max Dur. 2 hours 8:30a - 6:00p M-F; Max Dur. 2 hours 8:30a - 12:30p Sa","No Stopping","left","","","","","","",""
"20de8424-6346-4d29-ad33-5235f5305e83",331742.10411635,6258631.0048514,207582,"https://s3-ap-southeast-2.amazonaws.com/data-collection.spotparking.com.au/production/raw-data-points/e00ae971692711300fc2585593abb4aa4d5b9d754c3ba74ddd-md.jpg","Restricted Parking","both","Max Dur. 2 hours 8:30a - 6:00p M-F; Max Dur. 2 hours 8:30a - 12:30p Sa","","","","","","","","",""
"b49180c4-7979-46f1-a835-2007f6ee20ae",331744.37172353,6258623.3964001,207583,"https://s3-ap-southeast-2.amazonaws.com/data-collection.spotparking.com.au/production/raw-data-points/df8ec183f5d785a981d57b1a49b6de29389f7e1d4d97c869ae-md.jpg","No Parking","right","","Restricted Parking","left","Max Dur. 2 hours 8:30a - 6:00p M-F; Max Dur. 2 hours 8:30a - 12:30p Sa","","","","","",""
"379fab3d-fb99-4f24-9275-24c7f568f833",331749.81398076,6258608.1794975,207584,"https://s3-ap-southeast-2.amazonaws.com/data-collection.spotparking.com.au/production/raw-data-points/60abf169939a63f93666a84393f8d6c8a8f5dfdab0d7e7651c-md.jpg","Restricted Parking","right","Max Dur. 15 minutes","No Parking","left","","","","","","",""
"0b20807f-a15f-4f10-93ad-f587144a7eae",331755.39641735,6258595.8520067,207585,"https://s3-ap-southeast-2.amazonaws.com/data-collection.spotparking.com.au/production/raw-data-points/0cc43a35ad77180a004ec1447fb522939a1446be8dd314ba3a-md.jpg","Restricted Parking","right","Max Dur. 2 hours 8:30a - 6:00p M-F; Max Dur. 2 hours 8:30a - 12:30p Sa","Restricted Parking","left","Max Dur. 15 minutes","","","","","",""
"9712cae9-e0b8-4f3a-9900-0efdc0be92f9",331763.2052319,6258574.36638,207586,"https://s3-ap-southeast-2.amazonaws.com/data-collection.spotparking.com.au/production/raw-data-points/f53ca05c89510e898c24df284973ea01b93cb90e4f84707f94-md.jpg","Restricted Parking","both","Max Dur. 2 hours 8:30a - 6:00p M-F; Max Dur. 2 hours 8:30a - 12:30p Sa","","","","","","","","",""
"ac1b0495-a33e-48a1-8296-ba8372224ef7",331768.98556875,6258556.7199719,207587,"https://s3-ap-southeast-2.amazonaws.com/data-collection.spotparking.com.au/production/raw-data-points/9e4ee28a02ca1b5ee31c88962e97f7ca563586766af9fd294b-md.jpg","Restricted Parking","left","Max Dur. 2 hours 8:30a - 6:00p M-F; Max Dur. 2 hours 8:30a - 12:30p Sa","No Stopping","right","","","","","","",""
"9d1766de-2c9c-47a8-84c4-582485e72086",331772.80339466,6258544.4724649,207588,"https://s3-ap-southeast-2.amazonaws.com/data-collection.spotparking.com.au/production/raw-data-points/0d81868c2b74fe0029d0418f67d2a798fd169949cb4562b2bc-md.jpg","No Stopping","left","","Restricted Parking","right","Max Dur. 2 hours 8:30a - 6:00p M-F; Max Dur. 2 hours 8:30a - 12:30p Sa","","","","","",""
"341b9561-eac8-48f4-9138-498da26afcd6",331772.41583998,6258534.2645427,207589,"https://s3-ap-southeast-2.amazonaws.com/data-collection.spotparking.com.au/production/raw-data-points/02179ac79cfb64247e41568675d2a005b3061a6b4719686bcc-md.jpg","Loading Zone","right","","Restricted Parking","left","Max Dur. 2 hours 8:30a - 6:00p M-F; Max Dur. 2 hours 8:30a - 12:30p Sa","","","","","",""
"7de6a11c-f5ae-4f19-834e-650895955cc0",331772.19320218,6258526.1561931,207590,"https://s3-ap-southeast-2.amazonaws.com/data-collection.spotparking.com.au/production/raw-data-points/771527daee3c0ab7ea51d183a9d78a64350ab45c07ea2f7f9c-md.jpg","Restricted Parking","right","Max Dur. 2 hours 8:30a - 6:00p M-F; Max Dur. 2 hours 8:30a - 12:30p Sa","Loading Zone","left","","","","","","",""
"7cd8faa1-7323-415b-90b2-c87b477fd510",331768.61450576,6258504.4606092,207591,"https://s3-ap-southeast-2.amazonaws.com/data-collection.spotparking.com.au/production/raw-data-points/6b4c571de3347e7960c6a375fd50174bc256c42ac5c8246d1e-md.jpg","Restricted Parking","left","Max Dur. 2 hours 8:30a - 6:00p M-F; Max Dur. 2 hours 8:30a - 12:30p Sa","No Stopping","right","","","","","","",""
"6097cd56-ffd5-498d-8a49-df0109976ecb",331950.65801028,6258809.8384504,205301,"https://s3-ap-southeast-2.amazonaws.com/data-collection.spotparking.com.au/production/raw-data-points/bc66d3c19f57c5af4df44d50306a1d00f322294c9e6032f51d-md.jpg","No Stopping","both","","","","","","","","","",""
"adedf9c0-9aca-41d7-8898-3de4b3099fdc",331929.59812395,6258801.9400581,205302,"https://s3-ap-southeast-2.amazonaws.com/data-collection.spotparking.com.au/production/raw-data-points/4b4be7d36749e73a48c283be9ceba06fd31fd96f133e5622e2-md.jpg","No Stopping","both","","","","","","","","","",""
"d0adcb99-f57e-4883-a39f-54580ac3c43d",331906.50975992,6258793.2018367,205303,"https://s3-ap-southeast-2.amazonaws.com/data-collection.spotparking.com.au/production/raw-data-points/3d8c30d161ad58eafb113e0dfea8d4bd3d88d6c8bc1001f2dc-md.jpg","No Stopping","both","","","","","","","","","",""
"c4c45dad-8516-4915-9763-254d2c6ba888",331504.49186711,6259236.4816084,212670,"https://s3-ap-southeast-2.amazonaws.com/data-collection.spotparking.com.au/production/raw-data-points/2a7b6ec33de9da2cff9186263fb8fc2816898d7c6186cc62d0-md.jpg","Bus Zone","right","2:30p - 7:00p M-F inc. Public Holidays","Metered Parking","right","Max Dur. 2 hours 8:30a - 2:30p M-F; Max Dur. 2 hours 8:30a - 4:30p Sa","No Stopping","left","","","",""
"1945f1de-8244-492c-ad28-b8753c9d6eea",331509.95061604,6259221.6146345,212671,"https://s3-ap-southeast-2.amazonaws.com/data-collection.spotparking.com.au/production/raw-data-points/bc3d7fc19b25d53b6d867ed9a255e84cca82879aaadbabf4e9-md.jpg","","","","","","","","","","","",""
"e8bfb67d-45ce-4ddc-a314-9313b4d04468",331516.27517861,6259203.518318,212672,"https://s3-ap-southeast-2.amazonaws.com/data-collection.spotparking.com.au/production/raw-data-points/ad6fc969344273d96158c80bf771edde1a77e4f13e757a19f1-md.jpg","Bus Zone","left","2:30p - 7:00p M-F inc. Public Holidays","Metered Parking","left","Max Dur. 2 hours 8:30a - 2:30p M-F; Max Dur. 2 hours 8:30a - 4:30p Sa","Motorbikes Only","right","","Towaway","both","Inferred"
"e126e79b-d3a2-49ed-857e-23218cf1d5a9",331519.49930373,6259194.7001129,212673,"https://s3-ap-southeast-2.amazonaws.com/data-collection.spotparking.com.au/production/raw-data-points/cb474e74c0c293d89399a2d6b58a4247c3ddb34ec8a7893ba7-md.jpg","Motorbikes Only","left","","No Stopping","right","","","","","","",""
"4f203b32-2821-4ef6-9f21-8bffae76e8ff",331536.08169661,6259163.9463727,212674,"https://s3-ap-southeast-2.amazonaws.com/data-collection.spotparking.com.au/production/raw-data-points/78404bc1419d7888a332e3e5213b5917ad50416f82848e824d-md.jpg","Metered Parking","right","Max Dur. 2 hours 8:30a - 6:00p M-F; Max Dur. 2 hours 8:30a - 4:30p Sa","No Stopping","left","","","","","","",""
"045b1143-61c4-4de6-9c91-30c3f2c6229a",331541.63114982,6259153.3885218,212675,"https://s3-ap-southeast-2.amazonaws.com/data-collection.spotparking.com.au/production/raw-data-points/8715d2c34b053a82dd522fdc0291dd6448ca0cb1accab69924-md.jpg","","","","","","","","","","","",""
"77894cdc-64f3-43d4-8f6a-03c6dad6a2ac",331544.61614546,6259141.4609496,212676,"https://s3-ap-southeast-2.amazonaws.com/data-collection.spotparking.com.au/production/raw-data-points/9a66e386a63fc4931eb2c7c2aab45c966f74481b427538e9e9-md.jpg","Metered Parking","left","Max Dur. 2 hours 8:30a - 6:00p M-F; Max Dur. 2 hours 8:30a - 4:30p Sa","No Stopping","right","","","","","","",""
"ed31a474-982c-4242-9660-033c98ce5835",331547.20534057,6259130.7431312,212677,"https://s3-ap-southeast-2.amazonaws.com/data-collection.spotparking.com.au/production/raw-data-points/b2de73a2004f66c3d9c6d542bd85617d1a6b7f191aee626d0b-md.jpg","No Parking","right","Authorised Car Share: Car Share","No Stopping","left","","","","","","",""
"1989f30b-7e04-49fa-87a6-c78f105c90c0",331547.52692849,6259123.8745293,212678,"https://s3-ap-southeast-2.amazonaws.com/data-collection.spotparking.com.au/production/raw-data-points/342ec2466b4e9df93426de45016ee9b44de09949a216dea673-md.jpg","No Parking","left","Authorised Car Share: Car Share","Motorbikes Only","right","Max Dur. 2 hours 8:30a - 6:00p M-F; Max Dur. 2 hours 8:30a - 4:30p Sa","","","","","",""
"251dd244-2579-420b-a83f-54172f7312a9",331547.75781213,6259110.4572603,212679,"https://s3-ap-southeast-2.amazonaws.com/data-collection.spotparking.com.au/production/raw-data-points/696cf46ac77c47c46536974a959448438b3ba5159d308c9114-md.jpg","Motorbikes Only","left","Max Dur. 2 hours 8:30a - 6:00p M-F; Max Dur. 2 hours 8:30a - 4:30p Sa","Metered Parking","right","Max Dur. 2 hours 8:30a - 6:00p M-F; Max Dur. 2 hours 8:30a - 4:30p Sa, No Of Bays: 5","","","","","",""
"f48b8c06-f6bc-4f17-b2e0-d2dacafdfaa9",331547.69184538,6259099.4694968,212680,"https://s3-ap-southeast-2.amazonaws.com/data-collection.spotparking.com.au/production/raw-data-points/15648832416d741927af29c4832dc6afea4bc1d514b51f122e-md.jpg","","","","","","","","","","","",""
"9edb591a-30fe-49b1-bf1e-7bc5e9e92121",331547.82377889,6259086.2821811,212681,"https://s3-ap-southeast-2.amazonaws.com/data-collection.spotparking.com.au/production/raw-data-points/18108957e46b4e0b27c42e14740dafe7dc419e3fbee2b24bb1-md.jpg","Metered Parking","right","Max Dur. 2 hours 9:30a - 3:30p M-F; Max Dur. 2 hours 8:30a - 4:30p Sa, No Of Bays: 5","Metered Parking","left","Max Dur. 2 hours 8:30a - 6:00p M-F; Max Dur. 2 hours 8:30a - 4:30p Sa, No Of Bays: 5","Bus Zone","right","6:30a - 9:30a M-F; 3:30p - 6:30p M-F","Towaway","both","Inferred"
"50aa52f1-cee6-4e50-930c-ebb187dee2d3",331548.82152605,6259056.348274,212682,"https://s3-ap-southeast-2.amazonaws.com/data-collection.spotparking.com.au/production/raw-data-points/9d9c82917570368f089bc086d1d414156b3c105c946c60c50a-md.jpg","Towaway","both","Inferred","Metered Parking","left","Max Dur. 2 hours 9:30a - 3:30p M-F; Max Dur. 2 hours 8:30a - 4:30p Sa, No Of Bays: 5","Bus Zone","left","6:30a - 9:30a M-F; 3:30p - 6:30p M-F","","",""
"290abb7a-be33-4c36-af70-f1c9c691b89a",331550.05840269,6259042.6110702,212683,"https://s3-ap-southeast-2.amazonaws.com/data-collection.spotparking.com.au/production/raw-data-points/eb857673c25fab3887b00eac44dafdca2f07d20d3bc9499eb9-md.jpg","No Stopping","both","","","","","","","","","",""
"455e5eb4-9b9a-4405-90c8-14a75cb1af06",331459.34586959,6258657.5194545,210789,"https://s3-ap-southeast-2.amazonaws.com/data-collection.spotparking.com.au/production/raw-data-points/f115a72f83ec18ae04284b904e25ba3568d95c06b6a3f1f249-md.jpg","No Stopping","both","","","","","","","","","",""
"58b9ec9b-7bb4-4b95-ba73-97910bf3dc8b",331466.36308309,6258638.0034269,210790,"https://s3-ap-southeast-2.amazonaws.com/data-collection.spotparking.com.au/production/raw-data-points/dafd2cf1f69b89ad606b106046616af6d4c94725c376b55de2-md.jpg","No Stopping","both","","","","","","","","","",""
"667de99b-3f48-496f-ac21-1c979099b55e",331770.11524942,6258738.3230071,206866,"https://s3-ap-southeast-2.amazonaws.com/data-collection.spotparking.com.au/production/raw-data-points/19a5e0bcf17e889e27468c5ffd2aafc3215aa235a71f302c1e-md.jpg","No Stopping","both","","","","","","","","","",""
"cdaa5418-3e46-43d7-acfe-0ec46b93611b",331759.93163172,6258733.813925,206867,"https://s3-ap-southeast-2.amazonaws.com/data-collection.spotparking.com.au/production/raw-data-points/02714014e01dabb455def3db73801a6e66e83bd8aa29fe5174-md.jpg","No Stopping","both","","","","","","","","","",""
"5ad23d7d-11ab-4ab2-a5c1-ac8648e36a7f",331720.29385818,6258718.3670691,206868,"https://s3-ap-southeast-2.amazonaws.com/data-collection.spotparking.com.au/production/raw-data-points/da1ee06d91e4d58b0324451b363ad40a3b91f273b37a76466e-md.jpg","No Stopping","both","","","","","","","","","",""
"a483e9c6-fe42-4403-9eba-3935121c8bc8",331519.5487788,6259091.991019,212341,"https://s3-ap-southeast-2.amazonaws.com/data-collection.spotparking.com.au/production/raw-data-points/bc6a2162466c0fc55668ae08c3aaa97d6f9ed1200c451716d3-md.jpg","Metered Parking","right","No Of Bays: 2, Max Dur. 1 hour 8:30a - 6:00p M-F; Max Dur. 1 hour 8:30a - 4:30p Sa","No Stopping","left","","","","","","",""
"c8ef8cc6-fa36-4e5d-9677-3b3a4777860c",331505.3082057,6259086.292179,212342,"https://s3-ap-southeast-2.amazonaws.com/data-collection.spotparking.com.au/production/raw-data-points/fe79b0686db4a651b764e62d6de78d0663e375a8f25f073d65-md.jpg","Metered Parking","left","No Of Bays: 2, Max Dur. 1 hour 8:30a - 6:00p M-F; Max Dur. 1 hour 8:30a - 4:30p Sa","No Stopping","right","","","","","","",""
"9cfb858d-87cf-48f3-a90d-13b525be9e24",331500.50912432,6259084.3325779,212343,"https://s3-ap-southeast-2.amazonaws.com/data-collection.spotparking.com.au/production/raw-data-points/52a68fc5f547367466aea9b7ca22cc5b14d6c1de3c9ce1d283-md.jpg","Metered Parking","right","No Of Bays: 2, Max Dur. 1 hour 8:30a - 6:00p M-F; Max Dur. 1 hour 8:30a - 4:30p Sa","No Stopping","left","","","","","","",""
"f1be4a80-bc50-47d3-9e6d-9389269ca94f",331498.23327129,6259083.1828119,212344,"https://s3-ap-southeast-2.amazonaws.com/data-collection.spotparking.com.au/production/raw-data-points/e21357bc5507d3c98df253851e4e987eca308426a6f39b17cf-md.jpg","","","","","","","","","","","",""
"b25aef35-889e-4c3f-aae9-f7ae4e402a7d",331486.44171395,6259078.7537135,212345,"https://s3-ap-southeast-2.amazonaws.com/data-collection.spotparking.com.au/production/raw-data-points/4d613b67dc7c5b7516d5a8fb031f7bf57a424045802863dadc-md.jpg","No Parking","right","","Metered Parking","left","No Of Bays: 2, Max Dur. 1 hour 8:30a - 6:00p M-F; Max Dur. 1 hour 8:30a - 4:30p Sa","","","","","",""
"96519dd1-d9e5-4542-8913-566d2e86e577",331470.45302186,6259071.9351014,212346,"https://s3-ap-southeast-2.amazonaws.com/data-collection.spotparking.com.au/production/raw-data-points/c2c908ad8513f1d9257088878ff37f4c05437c637ee4417461-md.jpg","No Parking","both","","","","","","","","","",""
"06132e4f-76b8-4776-b6f2-a5ac7955753d",331461.7124269,6259068.5657872,212347,"https://s3-ap-southeast-2.amazonaws.com/data-collection.spotparking.com.au/production/raw-data-points/4a5d017a16e02b05588b8cdfe49eb20b9b238b4a065f18acff-md.jpg","Metered Parking","right","No Of Bays: 6, Max Dur. 1 hour 8:30a - 6:00p M-F; Max Dur. 1 hour 8:30a - 4:30p Sa","No Parking","left","","","","","","",""
"c99e941b-311b-4c7a-a18d-c35965b00bac",331448.47784681,6259062.6669879,212348,"https://s3-ap-southeast-2.amazonaws.com/data-collection.spotparking.com.au/production/raw-data-points/e13daec79db56c2aa8032203dd4cf414fc3ca246d69f6e6700-md.jpg","Metered Parking","both","No Of Bays: 6, Max Dur. 1 hour 8:30a - 6:00p M-F; Max Dur. 1 hour 8:30a - 4:30p Sa","","","","","","","","",""
"13877f76-89bc-4c5c-b831-b5971204c11d",331443.860174,6259061.6971853,212349,"https://s3-ap-southeast-2.amazonaws.com/data-collection.spotparking.com.au/production/raw-data-points/0e063d5516dd0fd054381ac94c7a18b666641aebf21ff4d71d-md.jpg","","","","","","","","","","","",""
"300957cb-a67e-4d8b-8422-841a34de2b83",331432.29125446,6259056.1583127,212350,"https://s3-ap-southeast-2.amazonaws.com/data-collection.spotparking.com.au/production/raw-data-points/17d22af4dd505439b21dd99733620c7b046351eafc4bbbed08-md.jpg","Metered Parking","left","No Of Bays: 6, Max Dur. 1 hour 8:30a - 6:00p M-F; Max Dur. 1 hour 8:30a - 4:30p Sa","No Stopping","right","","","","","","",""
"df2dc8ac-1402-47bc-b18b-1d63e16d48b8",331409.1039403,6259047.6500445,212351,"https://s3-ap-southeast-2.amazonaws.com/data-collection.spotparking.com.au/production/raw-data-points/0fabb0001375a3419aac777604b5cdaadeda061af38b4e51e2-md.jpg","No Stopping","left","","Metered Parking","right","No Of Bays: 1, Max Dur. 1 hour 8:30a - 6:00p M-F; Max Dur. 1 hour 8:30a - 4:30p Sa","","","","","",""
"69c86675-3f2c-400c-8bc7-d483bd8582db",331403.98327099,6259045.1205594,212352,"https://s3-ap-southeast-2.amazonaws.com/data-collection.spotparking.com.au/production/raw-data-points/397a92df80c3733bf933bff9d4dde14aefb61c4593dcf0e8ad-md.jpg","Metered Parking","left","No Of Bays: 1, Max Dur. 1 hour 8:30a - 6:00p M-F; Max Dur. 1 hour 8:30a - 4:30p Sa","Motorbikes Only","right","","","","","","",""
"c46719e4-28d9-4a80-b09b-d5ba6f8f87e5",331399.63771104,6259043.6008687,212353,"https://s3-ap-southeast-2.amazonaws.com/data-collection.spotparking.com.au/production/raw-data-points/f1e275090fb065978d7e8c979c79414dbd4f2dbc618c290a92-md.jpg","No Stopping","right","","Motorbikes Only","left","","","","","","",""
"5a882272-40b0-4cb1-a345-e7da5de385d9",331392.09276351,6259040.2515505,212354,"https://s3-ap-southeast-2.amazonaws.com/data-collection.spotparking.com.au/production/raw-data-points/13af950f6467536264cef966306668c43683914f3735b57da1-md.jpg","No Stopping","both","","","","","","","","","",""
"b359ee81-4d72-4f0f-a96a-a1a5ec3ca4df",331371.52762784,6259030.7934756,212355,"https://s3-ap-southeast-2.amazonaws.com/data-collection.spotparking.com.au/production/raw-data-points/dff46b3b981b6b69e49fb57dd88f6418358e5c26fc86ba9d22-md.jpg","No Stopping","both","","","","","","","","","",""
"046279c7-de69-451f-ac37-c91b183744f6",331353.2218535,6258987.3223241,211690,"https://s3-ap-southeast-2.amazonaws.com/data-collection.spotparking.com.au/production/raw-data-points/794aa9ea1e3b49df35277a616351a67bfd425a3594f381dd04-md.jpg","No Stopping","both","","","","","","","","","",""
"dcecba9b-2bae-451d-9197-44475cdb5f8f",331349.964745,6258977.1643917,211691,"https://s3-ap-southeast-2.amazonaws.com/data-collection.spotparking.com.au/production/raw-data-points/e6c1a3866fcf380bb80aa8706c45720828d53743e3d4eaac84-md.jpg","No Stopping","both","","","","","","","","","",""
"e9943351-8a68-48f6-9906-924d2913b853",332137.36041683,6259073.3848063,206767,"https://s3-ap-southeast-2.amazonaws.com/data-collection.spotparking.com.au/production/raw-data-points/42eba0e57098b61ffcbd4d1288fb7b5256dc82245c9f29e9a6-md.jpg","Bus Zone","right","","No Stopping","left","","","","","","",""
"03e0fe32-0c0b-4ca2-a5ef-4105f1098d93",332117.87548676,6259065.0365056,206768,"https://s3-ap-southeast-2.amazonaws.com/data-collection.spotparking.com.au/production/raw-data-points/79a304d2f58a1b4311fe5b79b1dc86c84670d3a80b4c82a420-md.jpg","","","","","","","","","","","",""
"8d9cdce3-9e4e-47b0-a661-a6f9c4fdb62c",332116.67983934,6259064.3566439,206769,"https://s3-ap-southeast-2.amazonaws.com/data-collection.spotparking.com.au/production/raw-data-points/34b69923a78729cfe1eedc669630386dd12ed0a0a238e4832d-md.jpg","No Stopping","right","","Bus Zone","left","","","","","","",""
"47848ac2-3495-4326-a518-90e995f602cd",332110.42124352,6259062.2570713,206770,"https://s3-ap-southeast-2.amazonaws.com/data-collection.spotparking.com.au/production/raw-data-points/b8c23bd2562e96850bd1a340586d77258074be67ad6a1115a3-md.jpg","No Stopping","left","","Metered Parking","right","Max Dur. 1 hour 8:30a - 6:00p M-F; Max Dur. 1 hour 8:30a - 4:30p Sa-Su, No Of Bays: 3","","","","","",""
"6202e375-5225-454e-ab24-afb59e30a41f",332093.0307579,6259055.508445,206771,"https://s3-ap-southeast-2.amazonaws.com/data-collection.spotparking.com.au/production/raw-data-points/42f7fc297aac71bcc2c649d949af078f975ff30e5fccabec46-md.jpg","No Stopping","right","","Metered Parking","left","Max Dur. 1 hour 8:30a - 6:00p M-F; Max Dur. 1 hour 8:30a - 4:30p Sa-Su, No Of Bays: 3","","","","","",""
"49102cc6-4737-4b95-834b-bdcd4be33863",331566.55009128,6258760.2485443,210768,"https://s3-ap-southeast-2.amazonaws.com/data-collection.spotparking.com.au/production/raw-data-points/39e2f2a4917b7f4e94d5411920db87efc2e4c8ae9615e14bd7-md.jpg","No Parking","right","","No Stopping","left","","","","","","",""
"489c3998-e9c4-41ff-add4-baae643e09d5",331560.76975443,6258757.3791283,210769,"https://s3-ap-southeast-2.amazonaws.com/data-collection.spotparking.com.au/production/raw-data-points/2f07e127adb060b6091d8e232aa39f3570375bf4afebfe238c-md.jpg","Disabled Parking","right","Max Dur. 2 hours","No Parking","left","","","","","","",""
"85279899-cf15-475e-ba67-83479adeb69b",331543.75033181,6258750.6405,210770,"https://s3-ap-southeast-2.amazonaws.com/data-collection.spotparking.com.au/production/raw-data-points/fc1f302358b98b365e1c782d52939ddafd23cc6c447c543039-md.jpg","Metered Parking","right","Max Dur. 1 hour 8:30a - 6:00p M-F; Max Dur. 1 hour 8:30a - 4:30p Sa","Disabled Parking","left","Max Dur. 2 hours","","","","","",""
"04a9df63-25e7-46f4-8706-4ddfda66a6ae",331536.46925129,6258747.5111369,210771,"https://s3-ap-southeast-2.amazonaws.com/data-collection.spotparking.com.au/production/raw-data-points/c84dffa2ea664135d61a5f364cbd19ae41cb66a459b316245a-md.jpg","","","","","","","","","","","",""
"e0317d9e-d4e4-4e71-aa15-6fe38acea263",331518.10575605,6258739.6527365,210772,"https://s3-ap-southeast-2.amazonaws.com/data-collection.spotparking.com.au/production/raw-data-points/cc2c235496511eac5b15cce51afd7ba28befbac9380fb001bb-md.jpg","No Stopping","right","","Metered Parking","left","Max Dur. 1 hour 8:30a - 6:00p M-F; Max Dur. 1 hour 8:30a - 4:30p Sa","","","","","",""
"92f5d4ac-0793-4e32-9e7e-9f9473523d54",331482.62388804,6258725.1556873,210773,"https://s3-ap-southeast-2.amazonaws.com/data-collection.spotparking.com.au/production/raw-data-points/0da694092e410ad73d929f604afb3a1005eb1dd2100eab53c7-md.jpg","Metered Parking","right","Max Dur. 1 hour 8:30a - 6:00p M-F; Max Dur. 1 hour 8:30a - 4:30p Sa","No Stopping","left","","","","","","",""
"0ca493f5-c046-466c-b4be-080a406ee7d0",331469.37281626,6258720.2566845,210774,"https://s3-ap-southeast-2.amazonaws.com/data-collection.spotparking.com.au/production/raw-data-points/9bc1d6831901dc70e93b7423dc6e50f4a12dab06a9f56a9eb3-md.jpg","","","","","","","","","","","",""
"5d88d4e0-7d77-4a38-b3e8-d71e538354b0",331446.614286,6258711.8683919,210775,"https://s3-ap-southeast-2.amazonaws.com/data-collection.spotparking.com.au/production/raw-data-points/7fc25ece78e67cd07d9f6890cedf0c34a1bd49fc342d038d94-md.jpg","No Stopping","right","","Metered Parking","left","Max Dur. 1 hour 8:30a - 6:00p M-F; Max Dur. 1 hour 8:30a - 4:30p Sa","","","","","",""
"f308d47e-6979-427d-93c1-7e52750e0b53",332281.91831319,6259130.9530884,206701,"https://s3-ap-southeast-2.amazonaws.com/data-collection.spotparking.com.au/production/raw-data-points/841ccd5ea0c71f098eb418240407181b5e4f9c032eb6f0684e-md.jpg","No Stopping","left","","No Parking","right","4:30a - 6:30a W, Street Sweeping","Restricted Parking","right","Max Dur. 1 hour 8:30a - 6:00p M-F; Max Dur. 1 hour 8:30a - 12:30p Sa","","",""
"6796efde-1539-4651-bce4-9d8788736ccc",332263.70324314,6259123.8645313,206702,"https://s3-ap-southeast-2.amazonaws.com/data-collection.spotparking.com.au/production/raw-data-points/5f02441aef2edfb2b20e588afe3b562b64b5a856da6b616fc6-md.jpg","No Parking","both","4:30a - 6:30a W, Street Sweeping","Restricted Parking","both","Max Dur. 1 hour 8:30a - 6:00p M-F; Max Dur. 1 hour 8:30a - 12:30p Sa","","","","","",""
"d2c0d750-6f80-41f5-acbe-c2778240b652",332259.67102528,6259122.224865,206703,"https://s3-ap-southeast-2.amazonaws.com/data-collection.spotparking.com.au/production/raw-data-points/daa3cc0956edf6d3d1d1f65c6c1215392599f7fe5c6fd3e3af-md.jpg","","","","","","","","","","","",""
"972b7066-7dc2-43fe-8d33-3018ee21d98d",332247.15383364,6259117.2458785,206704,"https://s3-ap-southeast-2.amazonaws.com/data-collection.spotparking.com.au/production/raw-data-points/b53eac4182648d5919dd21f77a10a1ee93befe47cd39d011a8-md.jpg","Restricted Parking","left","Max Dur. 1 hour 8:30a - 6:00p M-F; Max Dur. 1 hour 8:30a - 12:30p Sa","No Parking","left","4:30a - 6:30a W, Street Sweeping","No Stopping","right","","","",""
"840f2237-118e-46ff-aec1-04a032742e7b",332178.30927961,6259097.9498062,207046,"https://s3-ap-southeast-2.amazonaws.com/data-collection.spotparking.com.au/production/raw-data-points/inserted_datapoint-md.jpg","No Stopping","left","","No Stopping","right","Taxis, Exception Duration Limit: 1","","","","","",""
"a9a22960-8813-432f-a214-0fbbd7472227",332188.8062394,6259102.1289555,206659,"https://s3-ap-southeast-2.amazonaws.com/data-collection.spotparking.com.au/production/raw-data-points/24306864aa8eab87d5fd5a8c3401e82fe9d84151b7dc41f408-md.jpg","No Stopping","left","Taxis, Exception Duration Limit: 1","Restricted Parking","right","Max Dur. 2 hours 8:30a - 6:00p M-F; Max Dur. 2 hours 8:30a - 4:30p Sa","","","","","",""
"ee290e71-4ac6-445b-91fa-d0dad72d266e",332207.11201373,6259109.5574435,206660,"https://s3-ap-southeast-2.amazonaws.com/data-collection.spotparking.com.au/production/raw-data-points/9c8bf004559638618674a1c0a06ea2c847fedccc1b8197cf0f-md.jpg","Restricted Parking","left","Max Dur. 2 hours 8:30a - 6:00p M-F; Max Dur. 2 hours 8:30a - 4:30p Sa","No Stopping","right","","","","","","",""
"1a698369-ea39-490e-9868-ddfcddf5737c",331501.75424681,6258736.6933389,210854,"https://s3-ap-southeast-2.amazonaws.com/data-collection.spotparking.com.au/production/raw-data-points/3838c193f992973a7c672f2de6fddfc3e7a6d07c0ddd884069-md.jpg","No Stopping","both","","","","","","","","","",""
"e327173b-110b-408a-af40-16cead800ab2",331507.08106222,6258739.1228443,210855,"https://s3-ap-southeast-2.amazonaws.com/data-collection.spotparking.com.au/production/raw-data-points/e92e74ee38cde2a9c9b305709c9c4a3e0841d368228ad4d2cd-md.jpg","No Stopping","left","","Metered Parking","right","Max Dur. 1 hour 8:30a - 6:00p M-F; Max Dur. 1 hour 8:30a - 4:30p Sa","","","","","",""
"29d17173-6f0f-4330-9bd7-a558888003e3",331515.19497301,6258742.3721829,210856,"https://s3-ap-southeast-2.amazonaws.com/data-collection.spotparking.com.au/production/raw-data-points/419eb2307bad7655489e4b2366bd5b707bfbecef4c2ff6323b-md.jpg","","","","","","","","","","","",""
"fb5a4dc6-17e3-404f-88ea-20bf560b230b",331524.75190655,6258746.4213588,210857,"https://s3-ap-southeast-2.amazonaws.com/data-collection.spotparking.com.au/production/raw-data-points/57e71992261762ca297a3ad3e99ecd8c0bd8ea25117cdaf5e2-md.jpg","Metered Parking","both","Max Dur. 1 hour 8:30a - 6:00p M-F; Max Dur. 1 hour 8:30a - 4:30p Sa","","","","","","","","",""
"ef84ce6c-b2e5-4643-beec-830662167849",331530.09521365,6258748.1710026,210858,"https://s3-ap-southeast-2.amazonaws.com/data-collection.spotparking.com.au/production/raw-data-points/e50b314bf6ca41c0a856cdf827e9d4ef2c1ee0a2e54dce9614-md.jpg","No Stopping","right","","Metered Parking","left","Max Dur. 1 hour 8:30a - 6:00p M-F; Max Dur. 1 hour 8:30a - 4:30p Sa","","","","","",""
"81317213-fb5b-4152-a409-3867a37d5ac3",331542.95873075,6258753.9498264,210859,"https://s3-ap-southeast-2.amazonaws.com/data-collection.spotparking.com.au/production/raw-data-points/2d736a446dbac05fd6b1ff271f58ab207e3ad4dca04856110c-md.jpg","No Stopping","both","","","","","","","","","",""
"2cd6113f-742b-4111-8927-4fc7fd3b8e60",331547.35376576,6258756.0294031,210860,"https://s3-ap-southeast-2.amazonaws.com/data-collection.spotparking.com.au/production/raw-data-points/6f556a43ecb3b7a97a886a29a42e9902aa57947fe4ca1d78e2-md.jpg","Restricted Parking","right","Max Dur. 15 minutes","No Stopping","left","","","","","","",""
"15421004-b2a7-4c45-9fa3-ed77d54a49ff",331551.65809649,6258757.8790266,210861,"https://s3-ap-southeast-2.amazonaws.com/data-collection.spotparking.com.au/production/raw-data-points/09859d6417d9659f7708aad72f9aeaa4fd7c37cdaee117ed61-md.jpg","No Stopping","right","","Restricted Parking","left","Max Dur. 15 minutes","","","","","",""
"358b2f6f-1859-40d6-bac8-d6448ce6f71f",331555.63259344,6258759.6086745,210862,"https://s3-ap-southeast-2.amazonaws.com/data-collection.spotparking.com.au/production/raw-data-points/c62ce2d42fe7ace24a795bbc39ed033d22bcf539d85e2ab568-md.jpg","No Stopping","left","","Loading Zone","right","","","","","","",""
"0bffe357-5a67-474b-b12f-625128c46012",331560.76150859,6258761.8082268,210863,"https://s3-ap-southeast-2.amazonaws.com/data-collection.spotparking.com.au/production/raw-data-points/eb9b6473209668981e1310f88d8bee1fb7a6490b039b771267-md.jpg","Loading Zone","left","","No Stopping","right","","","","","","",""
"4b888f22-d40d-48b6-a62f-c9ffbd10792a",331566.39342024,6258763.7978218,210864,"https://s3-ap-southeast-2.amazonaws.com/data-collection.spotparking.com.au/production/raw-data-points/ae52b44701ae7f38a7065034268960f7ee16abc3af5776588d-md.jpg","Disabled Parking","right","","No Stopping","left","","","","","","",""
"e9e22816-8126-4170-a4d5-8527c7d6f9f8",331571.08530565,6258765.8773985,210865,"https://s3-ap-southeast-2.amazonaws.com/data-collection.spotparking.com.au/production/raw-data-points/a32589595471b67de1166cb3c66cbf04aa2f9cca16e4adb154-md.jpg","Disabled Parking","left","","No Stopping","right","","","","","","",""
"f2c80ac5-f91c-4ea4-8f80-c26f15dba67e",331462.21542341,6258783.9137273,210814,"https://s3-ap-southeast-2.amazonaws.com/data-collection.spotparking.com.au/production/raw-data-points/24ecde1406148543b904a07c64234ccba6f6a9094cc251ecd2-md.jpg","No Parking","both","","","","","","","","","",""
"18668612-bab9-428d-aaa8-1b77222eba6b",331455.53628953,6258799.5605424,210815,"https://s3-ap-southeast-2.amazonaws.com/data-collection.spotparking.com.au/production/raw-data-points/ce2ae11f9f4ef818ecbca5a030aebb4e2293e24f0bea8439bc-md.jpg","No Stopping","right","","No Parking","left","","","","","","",""
"8c649109-3e73-4520-9e62-a3b8dad0b6a1",331339.11321391,6258998.9399593,211663,"https://s3-ap-southeast-2.amazonaws.com/data-collection.spotparking.com.au/production/raw-data-points/e695e30e46ac4e56b7c0c1a3d0ff28b66363974d59e2c220a4-md.jpg","Metered Parking","right","Max Dur. 1 hour 8:30a - 3:00p M-F; Max Dur. 1 hour 8:30a - 12:30p Sa, No Of Driveways: 2","Clearway","both","3:00p - 7:00p M-F, Inferred","No Stopping","left","","","",""
"7c54bde4-29d6-41cf-9f79-d7c345e11485",331348.47224719,6259026.0744362,211664,"https://s3-ap-southeast-2.amazonaws.com/data-collection.spotparking.com.au/production/raw-data-points/4d5409073fecfb5e748567c48437a924db4a121e84b3cca1be-md.jpg","Clearway","both","3:00p - 7:00p M-F, Inferred","Metered Parking","both","Max Dur. 1 hour 8:30a - 3:00p M-F; Max Dur. 1 hour 8:30a - 12:30p Sa, No Of Driveways: 2","","","","","",""
"972eda4c-2d19-41e3-8df3-c969e7c7108f",331339.11321391,6258998.8299817,211665,"https://s3-ap-southeast-2.amazonaws.com/data-collection.spotparking.com.au/production/raw-data-points/9238a80175c442027e3627b1b920ffe49342b6c00ea13fffef-md.jpg","","","","","","","","","","","",""
"9bf3ccde-02da-4053-a8fb-df46895404e9",331355.27506873,6259048.4798756,211666,"https://s3-ap-southeast-2.amazonaws.com/data-collection.spotparking.com.au/production/raw-data-points/d01b20667ed5c4692e75cbe83d58b8fd0202f4dfa6e8449bdc-md.jpg","Clearway","both","3:00p - 7:00p M-F, Inferred","Metered Parking","left","Max Dur. 1 hour 8:30a - 3:00p M-F; Max Dur. 1 hour 8:30a - 12:30p Sa, No Of Driveways: 2","","","","","",""
"b5ffffb1-a11d-4678-a5cc-09fea46dde2d",331359.40623672,6259061.6471954,211667,"https://s3-ap-southeast-2.amazonaws.com/data-collection.spotparking.com.au/production/raw-data-points/1e578891a4f10f27f346aaf37adec819e4c244511fb012e345-md.jpg","Clearway","both","3:00p - 7:00p M-F, Inferred","Truck Zone","right","Max Dur. undefined 9:00a - 3:00p M-F; Max Dur. undefined 8:00a - 11:00a Sa","","","","","",""
"d41736fa-5def-4043-bbef-21a80f94ba16",331365.14534435,6259076.614149,211668,"https://s3-ap-southeast-2.amazonaws.com/data-collection.spotparking.com.au/production/raw-data-points/9fbe5aa4b66f494ec58377b47fa204073faf1a4100e9a41edb-md.jpg","Clearway","both","3:00p - 7:00p M-F, Inferred","Truck Zone","both","Max Dur. undefined 9:00a - 3:00p M-F; Max Dur. undefined 8:00a - 11:00a Sa","","","","","",""
"214beebf-d667-40e2-8ee9-02f7631906db",331374.28173983,6259095.5203007,211669,"https://s3-ap-southeast-2.amazonaws.com/data-collection.spotparking.com.au/production/raw-data-points/43d8d4c4ca6d23c437cb6efbfefb8e7f775b8865b80be8ef1f-md.jpg","No Stopping","right","","Clearway","left","3:00p - 7:00p M-F, Inferred","Truck Zone","left","Max Dur. undefined 9:00a - 3:00p M-F; Max Dur. undefined 8:00a - 11:00a Sa","","",""
"8e711da9-8cf7-4614-9cd5-79e1be8001f5",331378.78397082,6259103.13875,211670,"https://s3-ap-southeast-2.amazonaws.com/data-collection.spotparking.com.au/production/raw-data-points/ef313942a8c1a26dba473ce356fe6eccc46d59dccdefe2808f-md.jpg","Metered Parking","right","Max Dur. 1 hour 8:30a - 3:00p M-F; Max Dur. 1 hour 8:30a - 12:30p Sa","No Stopping","left","","","","","","",""
"99e6cacc-e542-44c1-b451-0e066b3b7fe3",331383.08830154,6259110.547242,211671,"https://s3-ap-southeast-2.amazonaws.com/data-collection.spotparking.com.au/production/raw-data-points/89a6942956a3dc824166ddc8353342feb45074040f8f52ae02-md.jpg","","","","","","","","","","","",""
"fcf14875-2d7d-4eb3-b261-d2cb7d8ee41d",331387.22771538,6259117.4958276,211672,"https://s3-ap-southeast-2.amazonaws.com/data-collection.spotparking.com.au/production/raw-data-points/647016efb23e7bfa058f575a983ec0f268d0f8d7211429fce3-md.jpg","No Stopping","right","","Metered Parking","left","Max Dur. 1 hour 8:30a - 3:00p M-F; Max Dur. 1 hour 8:30a - 12:30p Sa","","","","","",""
"09a57373-ca3f-45b5-861a-516508f54a53",331411.66839787,6259155.0981738,211673,"https://s3-ap-southeast-2.amazonaws.com/data-collection.spotparking.com.au/production/raw-data-points/66cefa7bc048ef8a32dcea1285d576b835457c42175820e8b1-md.jpg","No Stopping","both","","","","","","","","","",""
"bf386c0c-e4d0-4bb3-b432-cfcd505fbe93",331424.79578199,6259176.7337699,211674,"https://s3-ap-southeast-2.amazonaws.com/data-collection.spotparking.com.au/production/raw-data-points/ff0499ccc0a0fc652b6dbf09695826128f1b836f93460f81a5-md.jpg","No Stopping","both","","","","","","","","","",""
"717c9a01-eeb4-4ed2-afe5-8c0c2d77eac4",331901.35610724,6259089.5215217,212761,"https://s3-ap-southeast-2.amazonaws.com/data-collection.spotparking.com.au/production/raw-data-points/bd6c4c1cab902b466eb35cbbfa39919589c5dde5b7695a22b2-md.jpg","No Stopping","both","","","","","","","","","",""
"341ed6ee-a49a-47df-945c-3216790f33c2",331963.80188609,6259114.0365317,212762,"https://s3-ap-southeast-2.amazonaws.com/data-collection.spotparking.com.au/production/raw-data-points/b20277e6deacd90205607be4951bd0d806cd3ca4ae7f412fff-md.jpg","No Stopping","both","","","","","","","","","",""
"777f3767-99f5-4e0e-aa61-da08d3092ce4",331833.57526712,6258968.1862192,206638,"https://s3-ap-southeast-2.amazonaws.com/data-collection.spotparking.com.au/production/raw-data-points/90abdd788f700b58a49efe1140d3d8b1607f00042b457276c1-md.jpg","Loading Zone","right","5:30a - 6:00p","Taxi Zone","right","6:00p - 11:00p","No Stopping","left","","","",""
"b6781a19-cf43-49a0-b1cd-f06ae09dd006",331859.51669328,6258973.9650429,206639,"https://s3-ap-southeast-2.amazonaws.com/data-collection.spotparking.com.au/production/raw-data-points/46a6c498d081a4009eb416434a56250ef4307ffbe3129dcb3e-md.jpg","No Stopping","right","","Loading Zone","left","5:30a - 6:00p","Taxi Zone","left","6:00p - 11:00p","","",""
"228c6f72-fe62-4701-a2cf-ff7e0f4cfea7",331896.7136969,6258985.6126721,206640,"https://s3-ap-southeast-2.amazonaws.com/data-collection.spotparking.com.au/production/raw-data-points/c291d2f8a14cbba322fde1cc9cfa360989d4e7b4c0140d7196-md.jpg","No Stopping","left","","Bus Zone","right","","","","","","",""
"da8f7733-f8b0-40fa-ad8b-fef3e1912e30",331919.06818079,6258994.4308771,206641,"https://s3-ap-southeast-2.amazonaws.com/data-collection.spotparking.com.au/production/raw-data-points/351aa7a884574e51495de8f23236b338227059058d253f8f7b-md.jpg","Bus Zone","left","","Metered Parking","right","Max Dur. 1 hour 8:30a - 6:00p M-F; Max Dur. 1 hour 8:30a - 4:30p Sa-Su","","","","","",""
"700ee4fe-5565-4d31-b2d6-70b7aea84254",331946.46912138,6259005.8985429,206642,"https://s3-ap-southeast-2.amazonaws.com/data-collection.spotparking.com.au/production/raw-data-points/17a1af43596fc6c1cea96c8f02585b0025444a86832aac2ba6-md.jpg","","","","","","","","","","","",""
"8d75e704-6c5f-4c09-8966-fa09b778ef92",331948.75322025,6259006.9383313,206643,"https://s3-ap-southeast-2.amazonaws.com/data-collection.spotparking.com.au/production/raw-data-points/3844500d0122c548bd14def54828441bd673a7778b0fce786c-md.jpg","Metered Parking","both","Max Dur. 1 hour 8:30a - 6:00p M-F; Max Dur. 1 hour 8:30a - 4:30p Sa-Su","","","","","","","","",""
"c2bed28c-97e0-4566-86fa-3af7509592b4",331979.21336908,6259018.9058953,206644,"https://s3-ap-southeast-2.amazonaws.com/data-collection.spotparking.com.au/production/raw-data-points/e49957713dc8017f5f79e7431abe3043c6157daabc88af870a-md.jpg","No Stopping","right","","Metered Parking","left","Max Dur. 1 hour 8:30a - 6:00p M-F; Max Dur. 1 hour 8:30a - 4:30p Sa-Su","","","","","",""
"fcd9bfa6-be7b-4e74-9a5d-3c735432d2ea",331745.14683289,6258736.5633653,207574,"https://s3-ap-southeast-2.amazonaws.com/data-collection.spotparking.com.au/production/raw-data-points/ce35e0c8d8484f13bcbf6e937f29fade9d468e286d1f5f7b86-md.jpg","No Parking","left","","Truck Zone","left","Max Dur. undefined 9:30a - 6:30p M-F","No Stopping","right","","","",""
"559da0fa-baf7-49c5-89f3-e14e63411b3c",331727.40177597,6258729.3648306,207575,"https://s3-ap-southeast-2.amazonaws.com/data-collection.spotparking.com.au/production/raw-data-points/74aa1944191fdbd4a89626cefce1c23685b2f46b31cb204b12-md.jpg","No Parking","right","","No Stopping","left","Taxis, Exception Duration Limit: 1","Truck Zone","right","Max Dur. undefined 9:30a - 6:30p M-F","","",""
"5bf0685c-5ddb-4b2b-834e-ab2125eb6cab",331714.62071731,6258724.3758461,207576,"https://s3-ap-southeast-2.amazonaws.com/data-collection.spotparking.com.au/production/raw-data-points/007445683ef6d69ff35eba1a8bc9b919152e07fa9e0fcb5c7d-md.jpg","No Stopping","left","","No Stopping","right","Taxis, Exception Duration Limit: 1","","","","","",""
"2be915d6-15bb-423c-be52-1a8d9635b11c",332068.76323814,6259045.9903823,206797,"https://s3-ap-southeast-2.amazonaws.com/data-collection.spotparking.com.au/production/raw-data-points/984c1738225ba3f4e0fa394e8fe938ec2fa14057286dad24d3-md.jpg","Metered Parking","right","Max Dur. 1 hour 8:30a - 6:00p M-F; Max Dur. 1 hour 8:30a - 4:30p Sa-Su","No Stopping","left","","","","","","",""
"e955fbeb-c990-4b2e-aef5-92756d5e561e",332060.91319437,6259042.960999,206798,"https://s3-ap-southeast-2.amazonaws.com/data-collection.spotparking.com.au/production/raw-data-points/f0e8dae50c5f5e70356ff267f2c0756f32fe6a6b56b1c72aa4-md.jpg","","","","","","","","","","","",""
"860642e0-14df-40a5-981d-7d7d4ba10ac9",332039.33381984,6259034.0528122,206799,"https://s3-ap-southeast-2.amazonaws.com/data-collection.spotparking.com.au/production/raw-data-points/2f19e72e57934d43a6b3db121bbba7255be4e4e971732e40b0-md.jpg","No Stopping","right","","Metered Parking","left","Max Dur. 1 hour 8:30a - 6:00p M-F; Max Dur. 1 hour 8:30a - 4:30p Sa-Su","","","","","",""
"d932122f-44e9-46bc-a2d1-e73bbd99b12e",331589.77863467,6259028.7738867,212686,"https://s3-ap-southeast-2.amazonaws.com/data-collection.spotparking.com.au/production/raw-data-points/3a872b068f5bd79bed12dd0da9d22c67d0612b84d9cd142410-md.jpg","Towaway","left","Inferred","","","","","","","","",""
"1b2556a3-e66e-4af9-87d1-c10260d6986e",331620.63458402,6259031.8832538,212687,"https://s3-ap-southeast-2.amazonaws.com/data-collection.spotparking.com.au/production/raw-data-points/a22c8f7161871278e001f6f82af6e544d637c68e4611049fb1-md.jpg","No Stopping","both","","","","","","","","","",""
"1a9b9a32-224b-4528-af4c-6beaf64a4704",331636.35116325,6259049.8895887,212688,"https://s3-ap-southeast-2.amazonaws.com/data-collection.spotparking.com.au/production/raw-data-points/47e7d56c73c2f15002f5997d533313f7e6811a152fa1963dfd-md.jpg","No Stopping","both","","","","","","","","","",""
"35e9f451-0b3c-4ed5-b163-8c0369832663",331798.06866158,6259049.5296619,206935,"https://s3-ap-southeast-2.amazonaws.com/data-collection.spotparking.com.au/production/raw-data-points/15ae488ae93cf2b12243298bb662244858c559de09d82ae5f8-md.jpg","No Stopping","both","","","","","","","","","",""
"627aea87-197d-4515-b948-4081c0a28a84",331810.37970712,6259054.4086688,206936,"https://s3-ap-southeast-2.amazonaws.com/data-collection.spotparking.com.au/production/raw-data-points/66e6dafff4b7dab25bb3a133fd2e6a4319876ed225cf39ef3c-md.jpg","No Stopping","both","","","","","","","","","",""
"ee9831a3-eab2-4eba-863c-09cdc420cc06",331843.24764248,6259066.4262227,206937,"https://s3-ap-southeast-2.amazonaws.com/data-collection.spotparking.com.au/production/raw-data-points/11339f08f9a16fb701d4a446211455992208b308c4d4ed3da0-md.jpg","No Stopping","both","","","","","","","","","",""
"115db4cc-4038-4b7e-bbed-5a4543cf50f1",331868.07587966,6259076.2842161,206938,"https://s3-ap-southeast-2.amazonaws.com/data-collection.spotparking.com.au/production/raw-data-points/028c46cfea9f3bb444f7e0b07797c014520df4c4a0ff89e7db-md.jpg","No Stopping","both","","","","","","","","","",""
"5fae7498-bfbc-491f-abbf-afb18732159b",332077.24821192,6258600.4310747,205352,"https://s3-ap-southeast-2.amazonaws.com/data-collection.spotparking.com.au/production/raw-data-points/546040ce2932f3e13eaca257b31ecfe070ff612fb2332fc452-md.jpg","No Stopping","right","","","","","","","","","",""
"19c6ed53-0646-498d-a249-9bb167f6ad64",332033.26487844,6258583.4445322,205353,"https://s3-ap-southeast-2.amazonaws.com/data-collection.spotparking.com.au/production/raw-data-points/917546b79aed277c4ce6399d58d5556c097f35563f8aeb58d3-md.jpg","No Stopping","left","","","","","","","","","",""
"b0119aa6-2289-4b34-9bcf-910efcac7421",331390.69096998,6258669.2870592,211559,"https://s3-ap-southeast-2.amazonaws.com/data-collection.spotparking.com.au/production/raw-data-points/defe87812cdc50a837b2a399ebf72921587141166d219f86bc-md.jpg","","","","","","","","","","","",""
"9602ddbf-8047-42d1-8dd0-2d89e4c09bab",331385.02607495,6258682.1544401,211560,"https://s3-ap-southeast-2.amazonaws.com/data-collection.spotparking.com.au/production/raw-data-points/a18eed812566a310fba844dbd09a88c3d1b079a976a73e6435-md.jpg","No Stopping","left","","Clearway","both","6:00a - 7:00p M-F; 9:00a - 6:00p Sa-Su inc. Public Holidays, Inferred","Bus Zone","right","","","",""
"f77c80e6-082f-4f90-936a-320c31c30de8",331381.59580372,6258691.6425088,211561,"https://s3-ap-southeast-2.amazonaws.com/data-collection.spotparking.com.au/production/raw-data-points/524788225285145b9184c5bb5033998e1e447768192579354a-md.jpg","No Stopping","right","","Clearway","both","6:00a - 7:00p M-F; 9:00a - 6:00p Sa-Su inc. Public Holidays, Inferred","Bus Zone","left","","","",""
"651b4668-0084-4bb9-8525-f4d50f0b278d",331371.16481069,6258721.1864952,211562,"https://s3-ap-southeast-2.amazonaws.com/data-collection.spotparking.com.au/production/raw-data-points/830bf10e93c30f0716375df5099f309b995aed504e0484a3d8-md.jpg","No Stopping","both","","Clearway","both","6:00a - 7:00p M-F; 9:00a - 6:00p Sa-Su inc. Public Holidays, Inferred","","","","","",""
"dd23bf63-ade9-47ff-bcb3-213f86cbba7a",331356.93248343,6258766.1873354,211563,"https://s3-ap-southeast-2.amazonaws.com/data-collection.spotparking.com.au/production/raw-data-points/2e51e3affc7af5f24a5bc0468daedcd3d8831c062a6773c198-md.jpg","","","","","","","","","","","",""
"3af74b89-639b-4155-80cf-fa99cb112df1",331355.38226471,6258771.0363484,211564,"https://s3-ap-southeast-2.amazonaws.com/data-collection.spotparking.com.au/production/raw-data-points/3ebb3319a2a7183149a36327497fcda6561e18d8ae0057957a-md.jpg","","","","","","","","","","","",""
"2b2c9842-8ae1-49ee-9433-831682c9c1cb",331342.84858138,6258814.4275163,211565,"https://s3-ap-southeast-2.amazonaws.com/data-collection.spotparking.com.au/production/raw-data-points/be82ca77271cb57425d9cad6accdc61b264fc45ed79f8b1ca3-md.jpg","Clearway","both","6:00a - 7:00p M-F; 9:00a - 6:00p Sa-Su inc. Public Holidays, Inferred","","","","","","","","",""
"e4b842aa-1145-4eb3-be66-94d8a5c94971",331341.97452188,6258816.6270686,211566,"https://s3-ap-southeast-2.amazonaws.com/data-collection.spotparking.com.au/production/raw-data-points/4b73717ab34e59ca785bb0b30f1d2b55ee92c7efb8a981ffc0-md.jpg","Bus Zone","right","","No Stopping","left","","","","","","",""
"be6cfecc-08e0-4349-bd93-d8c415953d19",331336.73016491,6258835.8331592,211567,"https://s3-ap-southeast-2.amazonaws.com/data-collection.spotparking.com.au/production/raw-data-points/6407fb3953d9fa4b05ed7fb6cebdb989faedbf0b69861d91a4-md.jpg","No Parking","right","","Bus Zone","left","","Clearway","both","6:00a - 7:00p M-F; 9:00a - 6:00p Sa-Su inc. Public Holidays, Inferred","","",""
"ff0b15e3-afbf-4906-92ed-730814b9603a",331710.10199463,6258697.1113957,206871,"https://s3-ap-southeast-2.amazonaws.com/data-collection.spotparking.com.au/production/raw-data-points/f4eef54de0de37fad04a3007fcebeec127e90827c39347e2bc-md.jpg","No Stopping","both","","","","","","","","","",""
"5b12bf02-cc45-4d56-a18d-3b9169498323",331735.40849078,6258626.7957082,206872,"https://s3-ap-southeast-2.amazonaws.com/data-collection.spotparking.com.au/production/raw-data-points/88d0c7fea2701267497f1ba08d1b7cd6a87a24afb7693f7400-md.jpg","No Stopping","both","","","","","","","","","",""
"e38af9b9-cba5-485a-8d49-60756fa985c7",331742.44219596,6258606.1599086,206873,"https://s3-ap-southeast-2.amazonaws.com/data-collection.spotparking.com.au/production/raw-data-points/35ea4b09bdee6cd5aa177099437fae9ae45a8b7f97fa399cd6-md.jpg","No Stopping","both","","","","","","","","","",""
"7243964c-ca3d-4319-afc5-3d1495060267",331755.02535436,6258569.7773141,206875,"https://s3-ap-southeast-2.amazonaws.com/data-collection.spotparking.com.au/production/raw-data-points/eebc91e2d2c362865900e08ef874c833fefc04881a5acb4b26-md.jpg","No Stopping","both","","","","","","","","","",""
"f313bce2-c92c-40ff-bd05-c15681a9217e",331764.66474634,6258539.3335109,206876,"https://s3-ap-southeast-2.amazonaws.com/data-collection.spotparking.com.au/production/raw-data-points/8a07b2cfea487256f97b3ad0f190bb71bc19a846321212aba3-md.jpg","No Stopping","both","","","","","","","","","",""
"67028bb0-8dbf-475c-baa3-adc586bcde16",331759.84092743,6258508.2998277,206877,"https://s3-ap-southeast-2.amazonaws.com/data-collection.spotparking.com.au/production/raw-data-points/675631faafa8643a1767032c83ad770b4a6d9646994744f658-md.jpg","No Stopping","both","","","","","","","","","",""
"32b8824e-d942-4302-935a-be46fe5f0479",331757.52384518,6258492.1631123,206878,"https://s3-ap-southeast-2.amazonaws.com/data-collection.spotparking.com.au/production/raw-data-points/38faca6480b5075d1c45292dbde6643c38f0211bb982e8b2a5-md.jpg","No Stopping","both","","","","","","","","","",""
"19f9ee5d-ddd5-4093-ba2c-bd76cf514391",331925.10413881,6258661.7485936,207125,"https://s3-ap-southeast-2.amazonaws.com/data-collection.spotparking.com.au/production/raw-data-points/0c727abf1ccd40ec7bfb3f9e07ecbe6084c7639322d70a8104-md.jpg","No Stopping","right","","No Parking","left","Area Permit: 34 Devonshire Street Occupants","","","","","",""
"78a4791b-23d9-4d6f-8f21-00186105be83",331933.67157103,6258665.4478407,207126,"https://s3-ap-southeast-2.amazonaws.com/data-collection.spotparking.com.au/production/raw-data-points/535324dafe23e3ff3d40d038b1cc010a3ce351fa344333adbd-md.jpg","No Parking","both","Area Permit: 34 Devonshire Street Occupants","","","","","","","","",""
"9a9ddbcc-05ea-4d5a-943e-bbdda5842b66",331936.24427445,6258666.8275598,207127,"https://s3-ap-southeast-2.amazonaws.com/data-collection.spotparking.com.au/production/raw-data-points/6bc3f1135e44047431b0f7a72a20d95a244ae337681be1e294-md.jpg","No Parking","right","Area Permit: 34 Devonshire Street Occupants","Disabled Parking","left","No Of Bays: 1","","","","","",""
"45121a1b-33a7-4090-a362-4a9b6aaefe92",331939.46015373,6258668.1072994,208886,"https://s3-ap-southeast-2.amazonaws.com/data-collection.spotparking.com.au/production/raw-data-points/inserted_datapoint-md.jpg","No Stopping","left","","Disabled Parking","right","No Of Bays: 1","","","","","",""
"0b8df6ea-b9c4-49ef-a97a-c8c3b4399ee5",331951.22697354,6258715.3376857,205363,"https://s3-ap-southeast-2.amazonaws.com/data-collection.spotparking.com.au/production/raw-data-points/12e5367b30923821ef33003f5df568b05e8a2ff6e8fd2ce15f-md.jpg","No Stopping","right","","No Parking","left","Authorised Car Share: Car Share","","","","","",""
"33c901d7-2fe7-4e14-83ab-dd38bca0e4b9",331954.12126489,6258708.2891205,205364,"https://s3-ap-southeast-2.amazonaws.com/data-collection.spotparking.com.au/production/raw-data-points/05c5d8181f698bbfe2026cae1d87700574550d21c7f4726f28-md.jpg","No Stopping","left","","No Parking","right","Authorised Car Share: Car Share","","","","","",""
"35267b8a-6319-45d8-850a-4a996c00db21",331967.10022381,6258675.6957547,205365,"https://s3-ap-southeast-2.amazonaws.com/data-collection.spotparking.com.au/production/raw-data-points/991286cf35773e932ad983ae48d9fdc61b5191cb438cdd4020-md.jpg","Restricted Parking","left","Max Dur. 2 hours 8:30a - 6:00p, Area Permit: 4, No Of Driveways: 1","No Stopping","right","","","","","","",""
"c4fd94d2-e21e-4524-aedb-bac541f6e7d6",331971.71789662,6258664.8879546,205366,"https://s3-ap-southeast-2.amazonaws.com/data-collection.spotparking.com.au/production/raw-data-points/0e04db744db611ae61511fd7f5a9c484f6d2dd90944b1c61dd-md.jpg","Restricted Parking","right","Max Dur. 2 hours 8:30a - 6:00p, No Of Driveways: 1, Area Permit: 4","Disabled Parking","left","Max Dur. 2 hours","","","","","",""
"04ac2db2-8390-45e0-8227-5e6b821f472e",331974.74412147,6258657.9593649,205367,"https://s3-ap-southeast-2.amazonaws.com/data-collection.spotparking.com.au/production/raw-data-points/2e428a30fc2dca99b639a74909752c8556f3ca5155423aff16-md.jpg","Restricted Parking","left","Max Dur. 2 hours 8:30a - 6:00p, Area Permit: 4","Disabled Parking","right","Max Dur. 2 hours","","","","","",""
"5ca4a15c-0099-426d-a156-e7a9cfde0e52",331977.04471203,6258652.240529,205368,"https://s3-ap-southeast-2.amazonaws.com/data-collection.spotparking.com.au/production/raw-data-points/8b196600b20d5ee72183ebedff751636aae5410982543401e1-md.jpg","Restricted Parking","right","Max Dur. 2 hours 8:30a - 6:00p, Area Permit: 4","No Stopping","left","","","","","","",""
"b18346bc-ff00-4524-8ceb-26146761c104",331777.6684428,6258761.9781922,207946,"https://s3-ap-southeast-2.amazonaws.com/data-collection.spotparking.com.au/production/raw-data-points/4449241ad8371adc41d815681105b0e81ccd3f69dcdc801af4-md.jpg","No Stopping","both","","","","","","","","","",""
"2c765412-f75c-40a1-b13e-116512aac04d",331775.72242354,6258766.597252,207947,"https://s3-ap-southeast-2.amazonaws.com/data-collection.spotparking.com.au/production/raw-data-points/a3c69c6be1e6766676dea3b0fe3e025d2a2c839f1aa3ddf2e7-md.jpg","No Stopping","both","","","","","","","","","",""
"5720b873-0fb2-4785-ad58-d932a0c29f46",331761.3251794,6258802.0700316,207948,"https://s3-ap-southeast-2.amazonaws.com/data-collection.spotparking.com.au/production/raw-data-points/269b11ad3b64383248bdb84e946fef40221c9aa2c749a86489-md.jpg","Loading Zone","right","","No Stopping","left","","","","","","",""
"ea60cba7-a7fc-4d74-8751-ace503ee3f10",331754.23375331,6258820.4662871,207949,"https://s3-ap-southeast-2.amazonaws.com/data-collection.spotparking.com.au/production/raw-data-points/926e7dbe0d04043f5f64efff5da7705865c188f7554a83a88f-md.jpg","No Stopping","right","","Loading Zone","left","","","","","","",""
"c77e4bf2-b6ed-4b06-b53b-f6164d9546c2",331742.38447505,6258851.2000314,207950,"https://s3-ap-southeast-2.amazonaws.com/data-collection.spotparking.com.au/production/raw-data-points/1a49fd3028e712b9146c6f3e2e02ab474622ad98b2cbfebcd6-md.jpg","Restricted Parking","right","Max Dur. 15 minutes 8:30a - 6:00p M-F; Max Dur. 15 minutes 8:30a - 4:30p Sa-Su","No Stopping","left","","","","","","",""
"3de397a6-c648-437e-bd37-acee562c8965",331740.99092737,6258856.7389039,207954,"https://s3-ap-southeast-2.amazonaws.com/data-collection.spotparking.com.au/production/raw-data-points/1bb5f5cb94209fe1f20db73c36786a7acdb8fe3856c4c21ad8-md.jpg","Restricted Parking","left","Max Dur. 15 minutes 8:30a - 6:00p M-F; Max Dur. 15 minutes 8:30a - 4:30p Sa-Su","No Stopping","right","","","","","","",""
"d46f0c8e-4975-41b0-a3d4-5602d617f434",331738.61612421,6258860.6781021,207957,"https://s3-ap-southeast-2.amazonaws.com/data-collection.spotparking.com.au/production/raw-data-points/2790ce1fe4b593b7037f82bce4acd5dfb3f6b19602c0f3a4c5-md.jpg","","","","","","","","","","","",""
"2781d8c7-1e78-4dd0-bd17-de4dd3a70bc2",331736.88449691,6258864.427339,207958,"https://s3-ap-southeast-2.amazonaws.com/data-collection.spotparking.com.au/production/raw-data-points/508c4482273e37aa0a9bc2dce3df2a7b45ba5da36b0fe53160-md.jpg","No Stopping","left","","Disabled Parking","right","Max Dur. 1 hour","","","","","",""
"10a66992-0961-4b1b-af84-a08d1d14a3fe",331735.58165351,6258868.1765758,207959,"https://s3-ap-southeast-2.amazonaws.com/data-collection.spotparking.com.au/production/raw-data-points/eb4e4370211ce5d657e7f5ef9c3029433c4bc350fe4753cf8f-md.jpg","No Parking","right","6:30a - 9:30a M-F; 3:30p - 6:30p M-F","Disabled Parking","left","Max Dur. 1 hour","Restricted Parking","right","Max Dur. 15 minutes; Max Dur. 15 minutes 8:30a - 4:30p Sa-Su","","",""
"5134226f-ad27-49d7-b69c-3e0a3806195f",331733.85002621,6258871.8058371,207960,"https://s3-ap-southeast-2.amazonaws.com/data-collection.spotparking.com.au/production/raw-data-points/87ecabb63ca09abaa88163a99d40dff57ac953635b1503a900-md.jpg","No Stopping","right","","No Parking","left","6:30a - 9:30a M-F; 3:30p - 6:30p M-F","Restricted Parking","left","Max Dur. 15 minutes; Max Dur. 15 minutes 8:30a - 4:30p Sa-Su","","",""
"b20088ae-2b7d-495b-b532-d265a50c1ec3",332088.0420221,6258871.1659673,205210,"https://s3-ap-southeast-2.amazonaws.com/data-collection.spotparking.com.au/production/raw-data-points/dc3437288ced14e15e5734d9ce5a48b95f1125be077780389f-md.jpg","No Stopping","left","","No Parking","right","","","","","","",""
"b174cb68-3213-499f-8f74-f779721df205",332093.00602037,6258873.3655196,205211,"https://s3-ap-southeast-2.amazonaws.com/data-collection.spotparking.com.au/production/raw-data-points/b376f2dd1883b584770fd9c2bd19f8ca5b9974bb61361c30f1-md.jpg","Disabled Parking","right","","No Parking","left","","","","","","",""
"8ae2c77a-3a28-42fb-b06b-9e7d923da242",332098.96776579,6258875.9050027,205212,"https://s3-ap-southeast-2.amazonaws.com/data-collection.spotparking.com.au/production/raw-data-points/da2c44342f969d57ffaffe749b37dfaf089946cda8a28f2473-md.jpg","No Parking","right","Police","Disabled Parking","left","","","","","","",""
"1d2d8f86-9623-49d6-aa38-cbca2a72b109",332109.3575296,6258880.3041073,205213,"https://s3-ap-southeast-2.amazonaws.com/data-collection.spotparking.com.au/production/raw-data-points/54949ecfca81be7e1a796417129bd0159346a20d9549d786bd-md.jpg","No Stopping","right","","No Parking","left","Police","","","","","",""
"7d299409-0efe-4dfa-93c8-a9c1a05e3ad7",332114.68434502,6258882.7436108,205214,"https://s3-ap-southeast-2.amazonaws.com/data-collection.spotparking.com.au/production/raw-data-points/3758955af6cdb011a47b8c00ba1df469ec0dc9cb07562c9884-md.jpg","No Parking","right","Police","No Stopping","left","","","","","","",""
"d2991175-55d4-4f63-9662-eadab5429ab3",332132.42940195,6258889.5922167,205215,"https://s3-ap-southeast-2.amazonaws.com/data-collection.spotparking.com.au/production/raw-data-points/c9469dac909c73265e97d4002ad00b609b765496e07182288a-md.jpg","No Stopping","right","","No Parking","left","Police","","","","","",""
"1d9abea8-3e3a-47c6-b0d2-a45e0ccda00a",331436.48014336,6258809.9684239,210818,"https://s3-ap-southeast-2.amazonaws.com/data-collection.spotparking.com.au/production/raw-data-points/8f76c481b0ccbb902d378feaf54bf81bc836b5f6d0c98e4ac3-md.jpg","Bus Zone","right","","No Stopping","left","","","","","","",""
"1d03b488-634d-4adc-b198-5b97c486976d",331429.55363415,6258807.6289001,210819,"https://s3-ap-southeast-2.amazonaws.com/data-collection.spotparking.com.au/production/raw-data-points/850f80301a605cfca7f4cb4303c19da81733458c28c45fb87b-md.jpg","Bus Zone","both","","","","","","","","","",""
"6b58c9dc-e466-4ecc-970f-f851f0cc025a",331409.69764109,6258799.2905974,210820,"https://s3-ap-southeast-2.amazonaws.com/data-collection.spotparking.com.au/production/raw-data-points/eeaab84506188a5fac99a534d789d3a0d16686897a6edd1036-md.jpg","Bus Zone","left","","Metered Parking","right","Max Dur. 30 minutes 9:30a - 3:30p M-F; Max Dur. 30 minutes 8:30a - 4:30p Sa","Bus Zone","right","6:30a - 9:30a M-F; 3:30p - 6:30p M-F","","",""
"6a4f43db-9de7-459c-8921-2472ca97a301",331402.43305226,6258796.841096,210821,"https://s3-ap-southeast-2.amazonaws.com/data-collection.spotparking.com.au/production/raw-data-points/484934cc683ebbe85847c6d6c668326abacdf5e083825a26d4-md.jpg","","","","","","","","","","","",""
"ab5360d7-cd76-4ec9-a483-465c1607bb25",331390.40236543,6258790.9722905,210822,"https://s3-ap-southeast-2.amazonaws.com/data-collection.spotparking.com.au/production/raw-data-points/b6a683ffc00bc24adc6a27770a3455f07d03de7248cf42547d-md.jpg","Bus Zone","left","6:30a - 9:30a M-F; 3:30p - 6:30p M-F","Metered Parking","left","Max Dur. 30 minutes 9:30a - 3:30p M-F; Max Dur. 30 minutes 8:30a - 4:30p Sa","No Stopping","right","","","",""
"fa878265-3ede-44b8-9951-f78c6fb3e2cb",331380.72174423,6258788.1328685,210823,"https://s3-ap-southeast-2.amazonaws.com/data-collection.spotparking.com.au/production/raw-data-points/5eb19bf404972e117c905bd7b607ac6d234fac8bd4e4122783-md.jpg","No Stopping","both","","","","","","","","","",""
"85eb7916-768b-41e9-a7bc-916d8508613b",331976.3685528,6259074.5245743,212809,"https://s3-ap-southeast-2.amazonaws.com/data-collection.spotparking.com.au/production/raw-data-points/093ad667b393b3e940e57d8258726bbd74c652501b39513f3d-md.jpg","No Stopping","left","","Loading Zone","right","","","","","","",""
"d6798ba4-9856-4b8f-80cc-6675d7431547",331962.19394645,6259068.9657058,212810,"https://s3-ap-southeast-2.amazonaws.com/data-collection.spotparking.com.au/production/raw-data-points/11e9e3a04393fa9470cc5a7f272138ec8919341322687b89ca-md.jpg","Loading Zone","left","","No Parking","right","","","","","","",""
"97f0eaea-a723-470a-8366-a8bfc8503078",331935.82373639,6259057.8479688,212811,"https://s3-ap-southeast-2.amazonaws.com/data-collection.spotparking.com.au/production/raw-data-points/777ee623269b066eac9c90d3306646a943ea9453a3409b42a4-md.jpg","No Parking","both","","","","","","","","","",""
"4444abc1-99a6-43b6-911b-775b90d49407",331360.37924635,6258592.3227251,211539,"https://s3-ap-southeast-2.amazonaws.com/data-collection.spotparking.com.au/production/raw-data-points/1c399ff4c45c43d4f5cc14fe88b6e219896ed2f714daa5ffc0-md.jpg","No Stopping","both","","","","","","","","","",""
"af63e214-5b77-4297-85d4-6a6fd4f5d5df",331409.17815289,6258598.7214226,211540,"https://s3-ap-southeast-2.amazonaws.com/data-collection.spotparking.com.au/production/raw-data-points/d50bca77a406765a8c9d6aa9699f0423fbc28a499d9260f2ba-md.jpg","No Stopping","both","","","","","","","","","",""
"3c66e72a-51ec-4526-afb3-8b48b20b0c9e",332049.83077963,6259104.1185505,207036,"https://s3-ap-southeast-2.amazonaws.com/data-collection.spotparking.com.au/production/raw-data-points/1260e3d1ad751f6edda63eee83bb89bfc401361a6a56cb5def-md.jpg","No Stopping","right","","No Parking","left","","","","","","",""
"8f766abf-6800-454c-af74-253ff7c41c2f",332037.98150138,6259099.3595192,207037,"https://s3-ap-southeast-2.amazonaws.com/data-collection.spotparking.com.au/production/raw-data-points/37cc7f3e3272d592d98375182dbf5c250cdf39140b3ccb48a2-md.jpg","No Stopping","both","","","","","","","","","",""
"3f798658-0453-4537-aa8f-abe590bbc92e",332024.11199127,6259093.6906731,207038,"https://s3-ap-southeast-2.amazonaws.com/data-collection.spotparking.com.au/production/raw-data-points/6b38fb5486d6efd08118b3eda9ee94dc50b06bff6a52d86af0-md.jpg","No Parking","right","","No Stopping","left","","","","","","",""
"af138572-5d48-49f8-8302-fb075bf2ebf2",332012.52658004,6259088.8216642,207039,"https://s3-ap-southeast-2.amazonaws.com/data-collection.spotparking.com.au/production/raw-data-points/4ec5478e22a75b53dde670bd5a24349323619b29cb9bfa45f5-md.jpg","No Parking","left","","No Stopping","right","","","","","","",""
"f27ee585-21ac-4f1b-babf-98e76c6d64e7",332003.33246365,6259084.7724884,207040,"https://s3-ap-southeast-2.amazonaws.com/data-collection.spotparking.com.au/production/raw-data-points/dc5b9a19e6e60183e8b7931b4341a2481e54f086434d1eabd2-md.jpg","No Stopping","both","","","","","","","","","",""
"7a899375-c455-426c-898f-93a803ec8ea2",332120.43169849,6259372.1539927,207080,"https://s3-ap-southeast-2.amazonaws.com/data-collection.spotparking.com.au/production/raw-data-points/510a98b5dc5bbc2cb176cf5c09faca59b33ec365ac82a31b70-md.jpg","Unrestricted Parking","right","No Of Driveways: 3","No Stopping","left","","","","","","",""
"81dea448-6f1a-4dec-bd39-b0f38e8fe817",332098.28336072,6259429.4423318,207081,"https://s3-ap-southeast-2.amazonaws.com/data-collection.spotparking.com.au/production/raw-data-points/9a8179ecab77104b786b8a91230b9e494b9106e7a9a3b1a7aa-md.jpg","No Stopping","right","","Unrestricted Parking","left","No Of Driveways: 3","","","","","",""
"a6aa054c-9b54-467c-b440-9c86f8839966",331889.56454989,6259264.8058431,206974,"https://s3-ap-southeast-2.amazonaws.com/data-collection.spotparking.com.au/production/raw-data-points/d1a5b068277eb5ddf924e972a47ff1bc217fe4e95d8a43051b-md.jpg","No Stopping","left","","No Parking","right","","","","","","",""
"92ab2ab9-79a1-446c-9aa6-654968b6b0c4",331845.97701694,6259248.1692294,206975,"https://s3-ap-southeast-2.amazonaws.com/data-collection.spotparking.com.au/production/raw-data-points/9554346ababbd49ccee2a74568c5e502c40f6857e0356c6298-md.jpg","No Parking","both","","","","","","","","","",""
"f1e00038-1d5e-4e1f-b5ce-5da9102545f2",331816.44040268,6259236.6615718,206976,"https://s3-ap-southeast-2.amazonaws.com/data-collection.spotparking.com.au/production/raw-data-points/d0c12feee5c6b5a1b4801390a20f27bb0ab638d57f5cdaf40b-md.jpg","No Parking","both","","","","","","","","","",""
"668e8dfc-2371-4b96-8847-ba015d3cc921",331804.95394157,6259231.9125384,206977,"https://s3-ap-southeast-2.amazonaws.com/data-collection.spotparking.com.au/production/raw-data-points/7342d7072f9b60657a5fe3fb47e6355b533920cf025a04c503-md.jpg","","","","","","","","","","","",""
"3d98f8be-fc95-4e96-803a-ff01ab5e614c",331805.01990833,6259231.9225364,206978,"https://s3-ap-southeast-2.amazonaws.com/data-collection.spotparking.com.au/production/raw-data-points/f33878a939ffb2d523bb1e64c6945985296c3a70ee7b2b3b68-md.jpg","","","","","","","","","","","",""
"bb23fbf3-d637-4eb0-8f60-7730e1de8f91",331777.80037631,6259221.0147566,206979,"https://s3-ap-southeast-2.amazonaws.com/data-collection.spotparking.com.au/production/raw-data-points/51825d912ff2882538291e40103f311abc13445c39c3f4b3ab-md.jpg","No Parking","both","","","","","","","","","",""
"a3a47653-4b92-4475-bf47-eb96dbc56021",331751.97439197,6259211.0167917,206980,"https://s3-ap-southeast-2.amazonaws.com/data-collection.spotparking.com.au/production/raw-data-points/b08bf3af70d9ed9e22cd73ec15dc9f1051f58d558b89d9afbb-md.jpg","No Parking","both","","","","","","","","","",""
"b3ad33d2-75a3-428a-8c1a-696376413eb9",331727.51721779,6259200.7188878,206981,"https://s3-ap-southeast-2.amazonaws.com/data-collection.spotparking.com.au/production/raw-data-points/1526cc3769136847b9d4a9b9cbd2efaa762a91ab8c2c5f9a01-md.jpg","No Stopping","right","","No Parking","left","","","","","","",""
"533d9855-c9dc-473d-9828-a18b26eb5e9b",331562.80647797,6258662.6684064,211449,"https://s3-ap-southeast-2.amazonaws.com/data-collection.spotparking.com.au/production/raw-data-points/34c2345261204299fd5a0f637d7911831a7026fe65a00b5e1a-md.jpg","No Stopping","both","","","","","","","","","",""
"8b7896a4-970a-4b7d-b034-cf6a62006d68",331533.12143851,6258650.5008831,211450,"https://s3-ap-southeast-2.amazonaws.com/data-collection.spotparking.com.au/production/raw-data-points/35dcf393ff709fdfb816741c316172fee211ea599a58d12f32-md.jpg","No Stopping","both","","","","","","","","","",""
"bc85698f-ad61-40a7-ae99-8e98629b8058",331510.47010423,6258641.5727004,211451,"https://s3-ap-southeast-2.amazonaws.com/data-collection.spotparking.com.au/production/raw-data-points/f258dc2803773f9594fd7f49533cd9014803fb6835cb0decd3-md.jpg","No Stopping","both","","","","","","","","","",""
"2901128d-d63b-4608-bac8-931c67218aeb",331483.82778131,6258630.3249898,211452,"https://s3-ap-southeast-2.amazonaws.com/data-collection.spotparking.com.au/production/raw-data-points/0d544f77458c9b6241376ea5f5810bd5a36c6e0a0e6fc0709e-md.jpg","No Stopping","both","","","","","","","","","",""
"e77fbb2d-aecf-470e-bb9b-2182f457f464",331478.25359056,6258531.1751715,211470,"https://s3-ap-southeast-2.amazonaws.com/data-collection.spotparking.com.au/production/raw-data-points/23253d43be6cf39b95676e4db9797da8945b22b9ea6252a8b2-md.jpg","No Parking","left","","No Stopping","right","","","","","","",""
"6f303804-715f-4201-ad81-022b9127a7c0",331495.52038852,6258538.5736655,211471,"https://s3-ap-southeast-2.amazonaws.com/data-collection.spotparking.com.au/production/raw-data-points/a3b86fc16e4a3b0b1d63e683314469a98b237576997e30375b-md.jpg","No Parking","right","","Restricted Parking","left","Max Dur. 2 hours 8:30a - 6:00p M-F; Max Dur. 2 hours 8:30a - 12:30p Sa","","","","","",""
"c5afae86-9006-4eac-abf9-90c65954338f",331526.96179282,6258551.9909345,211472,"https://s3-ap-southeast-2.amazonaws.com/data-collection.spotparking.com.au/production/raw-data-points/0e9ffb404d4bc664e37e3173743d54d4b3913815e7540fa10d-md.jpg","Restricted Parking","both","Max Dur. 2 hours 8:30a - 6:00p M-F; Max Dur. 2 hours 8:30a - 12:30p Sa","","","","","","","","",""
"24ea3ef9-1423-4a94-92f5-7886e086f67e",331557.33123736,6258563.1786573,211473,"https://s3-ap-southeast-2.amazonaws.com/data-collection.spotparking.com.au/production/raw-data-points/41a888b178fbef2b45e5a1c681d21668727923a5cc58064887-md.jpg","Restricted Parking","both","Max Dur. 2 hours 8:30a - 6:00p M-F; Max Dur. 2 hours 8:30a - 12:30p Sa","","","","","","","","",""
"ab6706e1-39a7-4af4-a9f7-c36dcaeb1dc7",331586.57924708,6258573.9064737,211474,"https://s3-ap-southeast-2.amazonaws.com/data-collection.spotparking.com.au/production/raw-data-points/d46f3d0133749879cf8a8b9e0254b64a641ab164449d95e13c-md.jpg","Restricted Parking","right","Max Dur. 2 hours 8:30a - 6:00p M-F; Max Dur. 2 hours 8:30a - 12:30p Sa","No Stopping","left","","","","","","",""
"a7bd4f27-15c1-4ec2-93b9-9277df470234",331463.98827993,6258672.2364589,210782,"https://s3-ap-southeast-2.amazonaws.com/data-collection.spotparking.com.au/production/raw-data-points/14920b0b66518c72698d365e86d0c2332e47dc7405d42ff95d-md.jpg","No Stopping","left","","No Parking","right","","","","","","",""
"97892b4c-59ba-4b4b-b1a6-43576b259ce2",331471.89604461,6258675.5957751,210783,"https://s3-ap-southeast-2.amazonaws.com/data-collection.spotparking.com.au/production/raw-data-points/897b586345d1fbefa41845bc7f7cbaa8739283e7fee2876f4a-md.jpg","No Stopping","right","","No Parking","left","","","","","","",""
"b4ab32a4-1d5d-4afe-ba3d-620b5777dd34",331852.07069588,6258528.2357698,206897,"https://s3-ap-southeast-2.amazonaws.com/data-collection.spotparking.com.au/production/raw-data-points/5fa0071d02c6f8fec3f07dceba7a01aaf2f6153df7fd6078dc-md.jpg","Restricted Parking","right","Area Permit: 4, Max Dur. 2 hours 8:00a - 6:00p","No Stopping","left","","","","","","",""
"fd6c2a26-c8df-48f2-813b-85efcf27af79",331845.23489096,6258549.3014819,206898,"https://s3-ap-southeast-2.amazonaws.com/data-collection.spotparking.com.au/production/raw-data-points/3e30fc83b2d53e9e2535ce19efdc98ea8c4a61d95ac3873cbb-md.jpg","Restricted Parking","both","Area Permit: 4, Max Dur. 2 hours 8:00a - 6:00p","","","","","","","","",""
"9f3884ef-141d-471e-a151-8a1385357406",331839.14121202,6258564.0584782,206899,"https://s3-ap-southeast-2.amazonaws.com/data-collection.spotparking.com.au/production/raw-data-points/930b5cb088742df0989564f166c423f8c84324465bd135449a-md.jpg","Restricted Parking","left","Area Permit: 4, Max Dur. 2 hours 8:00a - 6:00p","No Stopping","right","","","","","","",""
"84bf40fc-49cf-4519-a888-59bc2e15b04a",331351.79532244,6258847.6307579,211699,"https://s3-ap-southeast-2.amazonaws.com/data-collection.spotparking.com.au/production/raw-data-points/1935dc39b6a244d634e9dd3a253c5468a67fe7ce0404033300-md.jpg","No Stopping","both","","Towaway","both","","Clearway","both","6:00a - 7:00p M-F; 9:00a - 6:00p Sa-Su inc. Public Holidays, Inferred","","",""
"0d35a87f-65e9-4796-9208-11ffd8a9deaf",331354.27732157,6258839.032508,211700,"https://s3-ap-southeast-2.amazonaws.com/data-collection.spotparking.com.au/production/raw-data-points/bb08bc453a9d640c2e4f22f4d59b11863bbe71eb0ea2482775-md.jpg","Clearway","both","6:00a - 7:00p M-F; 9:00a - 6:00p Sa-Su inc. Public Holidays, Inferred","","","","","","","","",""
"883581aa-3f14-4cdb-8a6b-3cf29db6529d",331361.45120611,6258814.1875651,211701,"https://s3-ap-southeast-2.amazonaws.com/data-collection.spotparking.com.au/production/raw-data-points/2b2be5b36b1e72caee6ea532d22eed7ef6f60d5b8d2d20a5d0-md.jpg","Towaway","both","","No Stopping","both","","Clearway","both","6:00a - 7:00p M-F; 9:00a - 6:00p Sa-Su inc. Public Holidays, Inferred","","",""
"7af622ee-99d8-4537-933e-977c5188ff16",331979.96374091,6258849.8503061,207387,"https://s3-ap-southeast-2.amazonaws.com/data-collection.spotparking.com.au/production/raw-data-points/4e1dca445fd776e8155af887162cbdecf7ea591a9ccb12b1b8-md.jpg","Motorbikes Only","right","","No Stopping","left","","","","","","",""
"fc5c9b16-636d-4b56-86af-c9970b3f821e",331977.62192113,6258856.0290484,207389,"https://s3-ap-southeast-2.amazonaws.com/data-collection.spotparking.com.au/production/raw-data-points/d6b40a7794ea446a3453e7174936713748a4971abc7a25ab7c-md.jpg","No Parking","right","","Motorbikes Only","left","","","","","","",""
"acac1ec9-b0e8-423d-9e79-a9d8f22253cb",331973.2598695,6258866.8268506,207390,"https://s3-ap-southeast-2.amazonaws.com/data-collection.spotparking.com.au/production/raw-data-points/6ebdc8bc9517b382c6085cadc4350154fefbb1290ad19d2ef3-md.jpg","No Parking","left","","No Stopping","right","","","","","","",""
"c0dd1c8f-7964-40e0-8594-6178e06a6b11",331967.10022381,6258879.9041887,207392,"https://s3-ap-southeast-2.amazonaws.com/data-collection.spotparking.com.au/production/raw-data-points/c9756cd9103030ad26cf0f05787bad073847dec32c77ea223d-md.jpg","Loading Zone","right","","No Stopping","left","","Restricted Parking","right","Max Dur. 2 minutes 9:00a - 12:30p","","",""
"e0d21a65-99e7-40cb-b1dd-0c301ace2415",331965.43456326,6258885.2031101,207394,"https://s3-ap-southeast-2.amazonaws.com/data-collection.spotparking.com.au/production/raw-data-points/66af7f4dbace6e397e5f6d63f712ad7915b4b15738913dae7b-md.jpg","Restricted Parking","left","Max Dur. 2 minutes 9:00a - 12:30p","Loading Zone","left","","Disabled Parking","right","","","",""
"bd549c39-ae73-4316-9efd-0c2b2811de67",331960.61899019,6258895.6509835,207396,"https://s3-ap-southeast-2.amazonaws.com/data-collection.spotparking.com.au/production/raw-data-points/561de6f4298de077265e107a60e34929487fc8c8037a888b0b-md.jpg","Disabled Parking","left","","No Stopping","right","","","","","","",""
"65a17ee2-e246-429f-9b52-23dfd9198a3d",331954.12951073,6258912.1876175,207398,"https://s3-ap-southeast-2.amazonaws.com/data-collection.spotparking.com.au/production/raw-data-points/77bfce232204a234fff3f3e0be4b7d6ef59ef3d321f0a456ed-md.jpg","No Stopping","left","","Motorbikes Only","right","","Angle Parking","right","Angle Degree: 90, Rear To Kerb, Vehicles Under Length: 6","","",""
"7358a290-2f53-4fb4-a357-689658a538af",331951.54031562,6258917.1366102,207400,"https://s3-ap-southeast-2.amazonaws.com/data-collection.spotparking.com.au/production/raw-data-points/90b2fd64f99c37ff3fff3be26dd9c5b2062598e5e7da594b53-md.jpg","Motorbikes Only","left","","Angle Parking","both","Angle Degree: 90, Rear To Kerb, Vehicles Under Length: 6","Restricted Parking","right","Max Dur. 2 minutes 9:00a - 12:30p","","",""
"52249396-a883-449e-8832-3aacca45b44e",331949.14077493,6258922.5155153,207401,"https://s3-ap-southeast-2.amazonaws.com/data-collection.spotparking.com.au/production/raw-data-points/323b06d751235ce8598a0b24e3de55673c97887fa87054a62d-md.jpg","Angle Parking","left","Angle Degree: 90, Rear To Kerb, Vehicles Under Length: 6","Loading Zone","right","","Restricted Parking","left","Max Dur. 2 minutes 9:00a - 12:30p","","",""
"79bc7839-5734-4c6b-94f6-00d63b185c27",331948.15127362,6258925.8348397,207403,"https://s3-ap-southeast-2.amazonaws.com/data-collection.spotparking.com.au/production/raw-data-points/7b4a245bab07ce34033937be9dd0ceb9180dadc390d686bb59-md.jpg","Disabled Parking","right","","Loading Zone","left","","","","","","",""
"6d3522c9-09c5-41bb-9a61-059e062fde6c",331946.90615113,6258928.2543472,207404,"https://s3-ap-southeast-2.amazonaws.com/data-collection.spotparking.com.au/production/raw-data-points/615f89c371e62c3362a5ba9be26927c9b026afdee71b058203-md.jpg","No Stopping","right","","Disabled Parking","left","","","","","","",""
"9d93f72d-8bd6-46ef-b88d-66bf3cffd3d6",331943.59956757,6258936.0727558,207406,"https://s3-ap-southeast-2.amazonaws.com/data-collection.spotparking.com.au/production/raw-data-points/687d7d356f0e1ec69ce759be7f8921de7800d62e3a65046bb2-md.jpg","","","","","","","","","","","",""
"f266d016-a8f7-45f4-808a-1872d098f2b9",331939.25400762,6258946.5406251,207408,"https://s3-ap-southeast-2.amazonaws.com/data-collection.spotparking.com.au/production/raw-data-points/d38b3198f6ec2d7d277999df8759fa56458818ecdeb930947a-md.jpg","No Stopping","right","","","","","","","","","",""
"8c99b870-cba4-48ff-b470-9d2a2295f031",331936.95341706,6258952.1494834,207409,"https://s3-ap-southeast-2.amazonaws.com/data-collection.spotparking.com.au/production/raw-data-points/ad1729bd33a129a32150f13768174ba507cb9f3c0026cbd522-md.jpg","No Stopping","left","","","","","","","","","",""
"4e75adee-53ff-4d69-be31-3f308ec08d4e",331933.13559115,6258962.5073751,207411,"https://s3-ap-southeast-2.amazonaws.com/data-collection.spotparking.com.au/production/raw-data-points/1773ea6d7aba6807f96d0f0ffb721fcf061f63f045bf5453d3-md.jpg","No Stopping","right","","","","","","","","","",""
"04adb00e-a3ff-483a-b82d-b8ec4ddb85db",331930.49692098,6258970.3457796,207413,"https://s3-ap-southeast-2.amazonaws.com/data-collection.spotparking.com.au/production/raw-data-points/111bee1de0e03a0091239b3123c880d43b4733de9633896e53-md.jpg","No Stopping","both","","","","","","","","","",""
"38b4fd7f-20c0-4aed-8bc6-134b257f34f7",331704.74219584,6259163.0465559,212707,"https://s3-ap-southeast-2.amazonaws.com/data-collection.spotparking.com.au/production/raw-data-points/7aa9f33501d24bc6d24bcffb56e0c79bb4dbc651232d09105c-md.jpg","No Stopping","both","","","","","","","","","",""
"55a02f56-a59d-4073-bd65-c16f213844c1",331684.59759823,6259155.9180069,212708,"https://s3-ap-southeast-2.amazonaws.com/data-collection.spotparking.com.au/production/raw-data-points/76ee86407ebed757330f9d941c6069fa43b7637b397fec3249-md.jpg","No Stopping","both","","","","","","","","","",""
"0999e45f-1108-4b20-ba00-276cf9ddd0af",331660.66815808,6259145.7400786,212709,"https://s3-ap-southeast-2.amazonaws.com/data-collection.spotparking.com.au/production/raw-data-points/edc0aaeec814b00ac7a246a718b4a86503ece4c43599a38012-md.jpg","No Stopping","both","","","","","","","","","",""
"b90013bb-2991-461d-a164-e3f118056a95",332131.15954192,6258621.0068865,205333,"https://s3-ap-southeast-2.amazonaws.com/data-collection.spotparking.com.au/production/raw-data-points/5ce10602d9d77ae6b2fcd16ead470f9dc7bd45c4c225aa47af-md.jpg","No Stopping","right","","No Stopping","left","10:00a - 6:00p Sa-Su","Restricted Parking","left","Max Dur. 10 minutes 6:00a - 9:00p M-F","","",""
"9f4e173e-0f79-44bf-9e18-d517f83a662d",332118.00742027,6258616.2278593,205334,"https://s3-ap-southeast-2.amazonaws.com/data-collection.spotparking.com.au/production/raw-data-points/25edca6532db94f749d77f83a2a4cd79beb0f00b6542baf293-md.jpg","No Stopping","both","10:00a - 6:00p Sa-Su","Restricted Parking","right","Max Dur. 10 minutes 6:00a - 9:00p M-F","","","","","",""
"cd9fd0b4-dfd1-4574-b682-8695a26aac7e",332102.27434935,6258610.3990457,205335,"https://s3-ap-southeast-2.amazonaws.com/data-collection.spotparking.com.au/production/raw-data-points/f3b3c5bef3fca3ae24264da26875de37cef565ed62f8ca6a55-md.jpg","No Stopping","left","","No Stopping","right","10:00a - 6:00p Sa-Su","","","","","",""
"e8f6e97b-6bd2-4bf0-b9f6-c15748469540",332003.15105507,6258837.8327522,205204,"https://s3-ap-southeast-2.amazonaws.com/data-collection.spotparking.com.au/production/raw-data-points/ca3bf907cfda1ef4eb9971526f356260626b5ad6d6b3f52b2a-md.jpg","No Stopping","left","","No Stopping","right","Taxis, Exception Duration Limit: 1","","","","","",""
"b15b977e-0656-45c1-9095-3bb93be61a9b",332023.37811113,6258845.9510998,205205,"https://s3-ap-southeast-2.amazonaws.com/data-collection.spotparking.com.au/production/raw-data-points/f156b0a1ac5f89d02a24eb07f90bbdac38f77e17eef9a2ed55-md.jpg","No Stopping","left","Taxis, Exception Duration Limit: 1","No Stopping","right","","","","","","",""
"fbbcdc1d-7ff7-4d4c-8a77-f1552ab27280",332043.96798434,6258854.4093781,205206,"https://s3-ap-southeast-2.amazonaws.com/data-collection.spotparking.com.au/production/raw-data-points/50098d0e858009521195dc69c1df4b200a0935ec24e2e8b2b4-md.jpg","No Stopping","both","","","","","","","","","",""
"967348b2-4f82-4a27-bb7d-1bdeb33700b0",332056.01516285,6258859.4083606,205207,"https://s3-ap-southeast-2.amazonaws.com/data-collection.spotparking.com.au/production/raw-data-points/74acdb2340574b36eefa8ab20051d9589ace2137929625c211-md.jpg","No Stopping","both","","","","","","","","","",""
"45bc5069-3d88-4d63-be3b-4517629c48c8",331443.91789491,6259205.6778784,211677,"https://s3-ap-southeast-2.amazonaws.com/data-collection.spotparking.com.au/production/raw-data-points/e85280daa7ac04699c2feaa3b12c43bf3a93cc48dc5a5c846d-md.jpg","No Stopping","both","","","","","","","","","",""
"7531a68c-9bc1-4f9c-9ccd-1617b00c2b55",331460.68994221,6259232.2724652,211678,"https://s3-ap-southeast-2.amazonaws.com/data-collection.spotparking.com.au/production/raw-data-points/1ba08cc89494dbcf891d0e53e004cdf9f707ede63706ab3af5-md.jpg","No Stopping","both","","","","","","","","","",""
"7a528ddb-e1ce-4eac-a2ce-67a04736170e",331511.0225758,6259202.8784482,212655,"https://s3-ap-southeast-2.amazonaws.com/data-collection.spotparking.com.au/production/raw-data-points/9395a54f27ee705784c47c2a7834918b539147a71603ca9097-md.jpg","No Parking","right","","No Stopping","left","","","","","","",""
"9d0dc8f8-024f-4e24-9d2e-39f49fc65ec7",331509.0683107,6259209.497101,212656,"https://s3-ap-southeast-2.amazonaws.com/data-collection.spotparking.com.au/production/raw-data-points/073ad8a2b1c09065f2f9f7906c42f6134f287d974984371754-md.jpg","No Stopping","right","","No Parking","left","","Towaway","left","Inferred","","",""
"653b38f9-9a69-47a8-a026-26ea5dfa0a27",332156.11146676,6258876.0349763,205274,"https://s3-ap-southeast-2.amazonaws.com/data-collection.spotparking.com.au/production/raw-data-points/492792b4b5065e745e14fa931aff7ff209a5a20ea8b14a4886-md.jpg","No Stopping","left","","No Parking","right","","","","","","",""
"40adf3d1-a783-4cc8-a01e-207d8c3f000b",332170.29431895,6258839.3524429,205275,"https://s3-ap-southeast-2.amazonaws.com/data-collection.spotparking.com.au/production/raw-data-points/a7e2d8e9adc492ecce86af02545c6a2ba1a976c54188c4f58e-md.jpg","No Parking","both","","","","","","","","","",""
"d6faff9f-e27a-48fe-87c6-1c31cf535380",332178.34226299,6258817.7368427,205276,"https://s3-ap-southeast-2.amazonaws.com/data-collection.spotparking.com.au/production/raw-data-points/f23296aa27e52f9e506aba33bcbbad01385fee3241d2f82811-md.jpg","No Parking","both","","","","","","","","","",""
"1e7416da-9b46-4e4c-8e4f-5ffeaaf7360b",332201.0183348,6258760.6784568,205277,"https://s3-ap-southeast-2.amazonaws.com/data-collection.spotparking.com.au/production/raw-data-points/71c7d4f84e3202f8d383c795f866e12e02ca5f34f676d51fea-md.jpg","No Parking","both","","","","","","","","","",""
"7e6c1305-7a07-41d2-a376-1ce7e8906d4b",332214.32712749,6258725.8655428,205278,"https://s3-ap-southeast-2.amazonaws.com/data-collection.spotparking.com.au/production/raw-data-points/108bf3d2b6451f967a86c363b0070d59c29caebb8f66121bbc-md.jpg","No Parking","both","","","","","","","","","",""
"21538145-9c0f-4d1d-9dbd-9ded67fd71b1",332224.99725001,6258697.7612634,205279,"https://s3-ap-southeast-2.amazonaws.com/data-collection.spotparking.com.au/production/raw-data-points/78649f80da595e8cebc98f6d7fdd3945ae36529820c5f4181f-md.jpg","No Parking","left","","","","","","","","","",""
"0dd64d18-9e00-474c-aca2-250e379bf7d2",332234.04294121,6258674.0760844,205280,"https://s3-ap-southeast-2.amazonaws.com/data-collection.spotparking.com.au/production/raw-data-points/3c103c9cfb444af4565e513ce4d9e58b34a1ebed1ef9428da2-md.jpg","No Stopping","right","","","","","","","","","",""
"84f18363-079f-458b-b793-829d4019fc6f",331440.92465343,6258594.2923242,211501,"https://s3-ap-southeast-2.amazonaws.com/data-collection.spotparking.com.au/production/raw-data-points/7f63c5c659dc237bc1fbae0554605179f8818151964d028b60-md.jpg","Clearway","both","6:00a - 7:00p M-F; 9:00a - 6:00p Sa-Su inc. Public Holidays, Inferred","No Stopping","both","","","","","","",""
"866cbbcc-56ef-4799-b631-2a16dd03980b",331453.69746625,6258564.2384416,211502,"https://s3-ap-southeast-2.amazonaws.com/data-collection.spotparking.com.au/production/raw-data-points/c9260aef04d94dad4041893c0c57864e3fb530aa037cb78360-md.jpg","Clearway","both","6:00a - 7:00p M-F; 9:00a - 6:00p Sa-Su inc. Public Holidays, Inferred","","","","","","","","",""
"d4210c59-c732-487a-964d-4c92938cb41c",331465.09322307,6258537.8038222,211503,"https://s3-ap-southeast-2.amazonaws.com/data-collection.spotparking.com.au/production/raw-data-points/d10661aa56faaa44d6adbc9bc85c9f60f772070b99f231a0c5-md.jpg","No Stopping","both","","Clearway","both","6:00a - 7:00p M-F; 9:00a - 6:00p Sa-Su inc. Public Holidays, Inferred","","","","","",""
"f7fcb1d8-0b93-471c-ab36-0b49556b2732",331983.18786603,6259013.0870797,206817,"https://s3-ap-southeast-2.amazonaws.com/data-collection.spotparking.com.au/production/raw-data-points/bf579928390f63f88e99d290d9bec711b3e81531ef9ec3f023-md.jpg","No Stopping","both","","","","","","","","","",""
"80ad649c-75a5-47c1-b7b5-cd50b33f40b3",331959.90984758,6259004.1289031,206818,"https://s3-ap-southeast-2.amazonaws.com/data-collection.spotparking.com.au/production/raw-data-points/bd09f7bc9bee6ad0f7e44ef8484b8506c72bd874019aa3c8bf-md.jpg","No Stopping","both","","","","","","","","","",""
"d804837e-bb08-4f46-82eb-a4d5bed3e8fb",331936.56586238,6258994.9607693,206819,"https://s3-ap-southeast-2.amazonaws.com/data-collection.spotparking.com.au/production/raw-data-points/fd95b841366e3719c06fa7b1d6d448458907403914585475e0-md.jpg","No Stopping","both","","","","","","","","","",""
"4f2e2862-8782-419b-bb8c-b1950d00789e",331917.32006179,6258987.5122854,206820,"https://s3-ap-southeast-2.amazonaws.com/data-collection.spotparking.com.au/production/raw-data-points/5f357d8e71d8e19ac99299061ac5c26f80e81b22e6a853ec71-md.jpg","No Stopping","both","","","","","","","","","",""
"3d45286a-e9d3-4122-a3ef-6043fcc7bc6b",331874.20254197,6258971.1256208,206821,"https://s3-ap-southeast-2.amazonaws.com/data-collection.spotparking.com.au/production/raw-data-points/b1035de45fa35d4eedea5ef789f4a631ed6e3e19967d32223a-md.jpg","Bus Zone","right","","No Stopping","left","","","","","","",""
"f24ac28f-a3be-44cc-a351-8f18599520ab",331845.9687711,6258964.9668744,206822,"https://s3-ap-southeast-2.amazonaws.com/data-collection.spotparking.com.au/production/raw-data-points/99c8c541d40c5fc5a767534f7fc18216e2c12400142e84765e-md.jpg","No Stopping","right","","Bus Zone","left","","","","","","",""
"37a02392-c132-4355-97e4-6b49f787d3ba",332009.28596323,6258593.6724503,205356,"https://s3-ap-southeast-2.amazonaws.com/data-collection.spotparking.com.au/production/raw-data-points/bebcb1a808b9cc372d1f839410c691b8afdfab080af741388b-md.jpg","No Stopping","right","","","","","","","","","",""
"3b2b79e5-3776-4480-a0d6-9ff5bae5f496",332003.3242178,6258606.5498292,205357,"https://s3-ap-southeast-2.amazonaws.com/data-collection.spotparking.com.au/production/raw-data-points/3ec189598a2b819cbde64b77a07545656165e558b684d78d1e-md.jpg","No Stopping","left","","","","","","","","","",""
"8f16b43e-f0a9-403d-992d-55ed7f9f7870",331996.4554295,6258623.5163757,205358,"https://s3-ap-southeast-2.amazonaws.com/data-collection.spotparking.com.au/production/raw-data-points/3afe756d4b9613efe5c9226d3314c810ffbfdb0a0806336af2-md.jpg","Unrestricted Parking","left","No Of Driveways: 2","No Stopping","right","","","","","","",""
"f33b0641-1fe7-42f4-8459-294e78fd50b6",331967.27338654,6258692.3223704,205359,"https://s3-ap-southeast-2.amazonaws.com/data-collection.spotparking.com.au/production/raw-data-points/d68f165f725df8e2a0e42372f6d9ec14dc76cd3b8177b9dd0b-md.jpg","Unrestricted Parking","right","No Of Driveways: 2","No Stopping","left","","","","","","",""
"1a3eca63-a43b-4619-9918-6951e1c80b69",331960.20669798,6258709.288917,205360,"https://s3-ap-southeast-2.amazonaws.com/data-collection.spotparking.com.au/production/raw-data-points/82a990c099e601a815062f010416f473c06280173bab5fd94e-md.jpg","No Stopping","both","","","","","","","","","",""
"49083995-3d8a-4f06-8d1e-0703ecb22100",331521.22268519,6259008.5979935,212305,"https://s3-ap-southeast-2.amazonaws.com/data-collection.spotparking.com.au/production/raw-data-points/e824d6251151b6a455b2888d469bde4b2f818222c7623092da-md.jpg","No Stopping","both","","","","","","","","","",""
"cb04e556-3213-4492-a610-b97118ea14d5",331510.91537982,6259004.8687525,212306,"https://s3-ap-southeast-2.amazonaws.com/data-collection.spotparking.com.au/production/raw-data-points/cd352a682d96204c991a8aec943756e0dd1222227987cde937-md.jpg","Loading Zone","right","","No Stopping","left","","Towaway","both","Inferred","No Stopping","right","6:30a - 9:30a M-F; 3:30p - 6:30p M-F"
"095cbc22-4c64-41ed-b258-7a658fbca0d0",331502.3479476,6259001.3794628,212307,"https://s3-ap-southeast-2.amazonaws.com/data-collection.spotparking.com.au/production/raw-data-points/17f9be8a4a7c508904bc7b282a3ff51fc375eb31060d07a07c-md.jpg","No Stopping","right","","Loading Zone","left","","No Stopping","left","6:30a - 9:30a M-F; 3:30p - 6:30p M-F","","",""
"aafa0e38-6d09-4a43-9d68-50b7b0041b1a",331490.39147337,6258996.6204315,212308,"https://s3-ap-southeast-2.amazonaws.com/data-collection.spotparking.com.au/production/raw-data-points/12b4d47527d0dc199dadfa38e98cd7f51c0347d934d98d14bb-md.jpg","Towaway","both","Inferred","No Stopping","right","3:30p - 6:30p M-F","Loading Zone","right","","No Stopping","left",""
"a921826e-5ea6-4f75-a27f-7455a1241e73",331482.68160895,6258993.2711132,212309,"https://s3-ap-southeast-2.amazonaws.com/data-collection.spotparking.com.au/production/raw-data-points/57761575d1e651601390bc75e252e969f7cc3af4c9f029fe79-md.jpg","No Stopping","left","3:30p - 6:30p M-F","Loading Zone","left","","No Stopping","right","","","",""
"28d39386-a4ee-45ae-8d12-3cad50a6c027",331463.18018719,6258985.7226497,212310,"https://s3-ap-southeast-2.amazonaws.com/data-collection.spotparking.com.au/production/raw-data-points/ce774f882e15311c3a45d592a7abb9648d03aaa4b69fa4426a-md.jpg","No Stopping","right","3:30p - 6:30p M-F","Metered Parking","right","Max Dur. 1 hour 8:00a - 3:30p M-F; Max Dur. 1 hour 8:00a - 4:30p Sa","Towaway","both","Inferred","No Stopping","left",""
"ec609b82-b458-4ad9-be68-0284833afe59",331440.23200251,6258974.9948333,212311,"https://s3-ap-southeast-2.amazonaws.com/data-collection.spotparking.com.au/production/raw-data-points/a2a64410d18abec4487c1a8a0c9def1c892a9257485a9f6e1b-md.jpg","","","","","","","","","","","",""
"959ee5a7-c35e-4fa4-951b-838aafa49871",331433.11583889,6258973.5451284,212312,"https://s3-ap-southeast-2.amazonaws.com/data-collection.spotparking.com.au/production/raw-data-points/9097f9182d008f62fadb30d1a57b5bad3f4874757b79adea1d-md.jpg","No Stopping","both","3:30p - 6:30p M-F","Metered Parking","both","Max Dur. 1 hour 8:00a - 3:30p M-F; Max Dur. 1 hour 8:00a - 4:30p Sa","Towaway","both","Inferred","","",""
"74c3e2c8-4910-4ae0-8107-b66ceb0a5d0b",331424.11137691,6258970.1658162,212313,"https://s3-ap-southeast-2.amazonaws.com/data-collection.spotparking.com.au/production/raw-data-points/4e8c8f4e162ffbb0cc6499bc7a0308a01b3dbb644355652e9a-md.jpg","","","","","","","","","","","",""
"9974393b-6266-411b-81ed-1c16e3c8c83d",331421.43147752,6258969.1160299,212314,"https://s3-ap-southeast-2.amazonaws.com/data-collection.spotparking.com.au/production/raw-data-points/46d97a9d86a4fea7f642933dcc235d7bcc0c82e2953e4665df-md.jpg","No Stopping","both","3:30p - 6:30p M-F","Metered Parking","both","Max Dur. 1 hour 8:00a - 3:30p M-F; Max Dur. 1 hour 8:00a - 4:30p Sa","Towaway","both","Inferred","","",""
"e0107172-09f3-4e60-b9b1-b7ca31a35f14",331410.39853785,6258965.0368602,212315,"https://s3-ap-southeast-2.amazonaws.com/data-collection.spotparking.com.au/production/raw-data-points/3e2119aadc59dff031af1027834ef96a49e15cd558d390c4ab-md.jpg","No Stopping","both","3:30p - 6:30p M-F","Metered Parking","left","Max Dur. 1 hour 8:00a - 3:30p M-F; Max Dur. 1 hour 8:00a - 4:30p Sa","No Parking","right","8:30a - 3:30p M-F; 8:30a - 4:00p Sa","Towaway","both","Inferred"
"33d2701b-ffb9-4e05-b507-9c5a3545a1be",331397.88959205,6258959.8279205,212316,"https://s3-ap-southeast-2.amazonaws.com/data-collection.spotparking.com.au/production/raw-data-points/77f9f5fd15417e3659583e3875e2ce7dbf8744d3d370696967-md.jpg","No Parking","left","8:30a - 3:30p M-F; 8:30a - 4:00p Sa","No Stopping","left","3:30p - 6:30p M-F","No Stopping","right","6:30a - 9:30a M-F; 3:30p - 6:30p M-F","","",""
"bf09ea13-429f-4d0d-bd0d-cec17fdd952b",331785.09794851,6258712.9681681,214910,"https://s3-ap-southeast-2.amazonaws.com/data-collection.spotparking.com.au/production/raw-data-points/inserted_datapoint-md.jpg","","","","","","","","","","","",""
"74d9469e-92b1-40a0-a44f-d30617080863",331786.07920398,6258710.5486605,214911,"https://s3-ap-southeast-2.amazonaws.com/data-collection.spotparking.com.au/production/raw-data-points/inserted_datapoint-md.jpg","","","","","","","","","","","",""
"b5499178-0055-4950-b99c-7aa867314d64",331786.95326347,6258708.129153,214912,"https://s3-ap-southeast-2.amazonaws.com/data-collection.spotparking.com.au/production/raw-data-points/inserted_datapoint-md.jpg","","","","","","","","","","","",""
"64d4626a-dec5-4f65-8ed8-52ed74d7d298",331787.9262731,6258705.7096455,214913,"https://s3-ap-southeast-2.amazonaws.com/data-collection.spotparking.com.au/production/raw-data-points/inserted_datapoint-md.jpg","","","","","","","","","","","",""
"1b4258d6-4a50-4902-95af-422a345c114f",331788.80857844,6258703.2601441,214914,"https://s3-ap-southeast-2.amazonaws.com/data-collection.spotparking.com.au/production/raw-data-points/inserted_datapoint-md.jpg","","","","","","","","","","","",""
"7806440f-cc7d-4c86-b7ce-7b04dd35fd56",331789.78158807,6258700.8406366,214915,"https://s3-ap-southeast-2.amazonaws.com/data-collection.spotparking.com.au/production/raw-data-points/inserted_datapoint-md.jpg","","","","","","","","","","","",""
"5d32799f-d0bd-4095-bd0b-39ec4b164d52",331790.72986016,6258698.4211291,214916,"https://s3-ap-southeast-2.amazonaws.com/data-collection.spotparking.com.au/production/raw-data-points/inserted_datapoint-md.jpg","","","","","","","","","","","",""
"883548d9-2ab3-4c1a-81d1-14b437428570",331791.60391966,6258696.0016215,214917,"https://s3-ap-southeast-2.amazonaws.com/data-collection.spotparking.com.au/production/raw-data-points/inserted_datapoint-md.jpg","","","","","","","","","","","",""
"dc734a79-12c9-4c0c-9fdc-6a42e7847009",331792.57692928,6258693.5721161,214918,"https://s3-ap-southeast-2.amazonaws.com/data-collection.spotparking.com.au/production/raw-data-points/inserted_datapoint-md.jpg","","","","","","","","","","","",""
"73d625b0-eece-4cd4-830b-224f8520d4b5",331793.55818475,6258691.1526085,214919,"https://s3-ap-southeast-2.amazonaws.com/data-collection.spotparking.com.au/production/raw-data-points/inserted_datapoint-md.jpg","","","","","","","","","","","",""
"6bbb88df-73eb-4b81-99fe-9734eb2c6e51",331794.43224425,6258688.733101,214920,"https://s3-ap-southeast-2.amazonaws.com/data-collection.spotparking.com.au/production/raw-data-points/inserted_datapoint-md.jpg","","","","","","","","","","","",""
"dc2cf535-b511-4056-a5a5-cc38d499119e",331795.40525388,6258686.3035955,214921,"https://s3-ap-southeast-2.amazonaws.com/data-collection.spotparking.com.au/production/raw-data-points/inserted_datapoint-md.jpg","Disabled Parking","right","No Of Bays: 1","Unrestricted Parking","left","No Of Bays: 12","Restricted Parking","left","No Of Bays: 12, Max Dur. 2 hours 8:30a - 6:00p","","",""
"c80b5a7c-c1b4-4128-b4d8-aa03a788bc02",331676.37649146,6258707.3893036,211442,"https://s3-ap-southeast-2.amazonaws.com/data-collection.spotparking.com.au/production/raw-data-points/231d126fb08dc2c24434bbb2453840e86a938ba1d8029a6a82-md.jpg","No Parking","left","","No Stopping","right","","","","","","",""
"63ca99d9-eb7e-426b-9b31-c633ae31b595",331665.59917297,6258704.2099508,211443,"https://s3-ap-southeast-2.amazonaws.com/data-collection.spotparking.com.au/production/raw-data-points/a5d6c0624ad9322d90045b1fecf3ffa8b9c2a04090abfe7393-md.jpg","No Parking","right","","No Parking","left","Council Vehicle","","","","","",""
"30c06383-f5bb-41a0-8523-f74323354c25",331659.52198572,6258702.5402906,211444,"https://s3-ap-southeast-2.amazonaws.com/data-collection.spotparking.com.au/production/raw-data-points/ff66c72314f4fea073f3b0788609356e9cd1897e442461d1c7-md.jpg","No Parking","right","Council Vehicle","Metered Parking","left","Max Dur. 1 hour 8:30a - 6:00p M-F; Max Dur. 1 hour 8:30a - 4:30p Sa-Su","","","","","",""
"c9a0a0d3-ff76-41c9-82e7-ee2439433443",331650.50927791,6258699.4909113,211445,"https://s3-ap-southeast-2.amazonaws.com/data-collection.spotparking.com.au/production/raw-data-points/f1dd897cea5baca81ce25cdc464a9c246fd9218d74bf415f48-md.jpg","","","","","","","","","","","",""
"f7263cc6-926d-47f3-b02b-f0e9010c9956",331637.53031898,6258694.6019065,211446,"https://s3-ap-southeast-2.amazonaws.com/data-collection.spotparking.com.au/production/raw-data-points/3e97a0f1a5b434c97062d2dcd138d52e3ea1e4141256abf99f-md.jpg","No Stopping","left","","Metered Parking","right","Max Dur. 1 hour 8:30a - 6:00p M-F; Max Dur. 1 hour 8:30a - 4:30p Sa-Su","","","","","",""
"8bce9b4c-73bb-413b-86f1-b3316dc9b677",331783.02824159,6258652.7004354,214875,"https://s3-ap-southeast-2.amazonaws.com/data-collection.spotparking.com.au/production/raw-data-points/inserted_datapoint-md.jpg","","","","","","","","","","","",""
"8e89d44e-8c96-4023-9a3d-3f2770ac9afb",331785.3205863,6258653.5102705,214876,"https://s3-ap-southeast-2.amazonaws.com/data-collection.spotparking.com.au/production/raw-data-points/inserted_datapoint-md.jpg","","","","","","","","","","","",""
"84fdbef6-015b-4895-a665-8e36b52f3923",331787.53047257,6258654.4400813,214877,"https://s3-ap-southeast-2.amazonaws.com/data-collection.spotparking.com.au/production/raw-data-points/inserted_datapoint-md.jpg","","","","","","","","","","","",""
"c79bc2d2-b59c-41b1-8428-3c5ee871f166",331789.92176742,6258655.2599144,214878,"https://s3-ap-southeast-2.amazonaws.com/data-collection.spotparking.com.au/production/raw-data-points/inserted_datapoint-md.jpg","","","","","","","","","","","",""
"dd91bac5-6646-4414-95d7-abd514548857",331792.23884967,6258656.1897251,214879,"https://s3-ap-southeast-2.amazonaws.com/data-collection.spotparking.com.au/production/raw-data-points/inserted_datapoint-md.jpg","","","","","","","","","","","",""
"2df87238-7cd5-495d-b1f9-5049641342b6",331794.52294854,6258657.1195359,214880,"https://s3-ap-southeast-2.amazonaws.com/data-collection.spotparking.com.au/production/raw-data-points/inserted_datapoint-md.jpg","","","","","","","","","","","",""
"7a79a6dd-4c05-440e-848f-93c1e76c16ec",331796.90599754,6258658.0393487,214881,"https://s3-ap-southeast-2.amazonaws.com/data-collection.spotparking.com.au/production/raw-data-points/inserted_datapoint-md.jpg","","","","","","","","","","","",""
"c48e6ebd-0c97-4b9f-8277-ecaa00d0bfa4",331799.22307979,6258658.8591818,214882,"https://s3-ap-southeast-2.amazonaws.com/data-collection.spotparking.com.au/production/raw-data-points/inserted_datapoint-md.jpg","","","","","","","","","","","",""
"d4c03558-7170-4481-9925-87ff0d1e0b61",331801.60612879,6258659.7889925,214883,"https://s3-ap-southeast-2.amazonaws.com/data-collection.spotparking.com.au/production/raw-data-points/inserted_datapoint-md.jpg","","","","","","","","","","","",""
"bfe65d6d-f723-42a6-8fc3-eff231a21365",331803.89022766,6258660.7188033,214884,"https://s3-ap-southeast-2.amazonaws.com/data-collection.spotparking.com.au/production/raw-data-points/inserted_datapoint-md.jpg","","","","","","","","","","","",""
"189230ff-5a43-4ab2-a1c6-0004f4c09789",331806.31450588,6258661.5486343,214885,"https://s3-ap-southeast-2.amazonaws.com/data-collection.spotparking.com.au/production/raw-data-points/inserted_datapoint-md.jpg","","","","","","","","","","","",""
"8f0c4195-1fc9-4474-91c6-e7498a74fbef",331633.29195502,6259013.566982,207969,"https://s3-ap-southeast-2.amazonaws.com/data-collection.spotparking.com.au/production/raw-data-points/3af744982b50067fba8f8283d98b23132170447621509d205c-md.jpg","No Stopping","both","","","","","","","","","",""
"0173de2b-4e16-4c8e-861b-78d83b3744d0",331634.99059894,6258994.8607896,207970,"https://s3-ap-southeast-2.amazonaws.com/data-collection.spotparking.com.au/production/raw-data-points/c69dbd48f3aea55d7b3f541036dc07826441621829232b9fd9-md.jpg","No Stopping","both","","","","","","","","","",""
"e53b42f3-de18-457d-98a4-2008f884ba58",331465.56323619,6258667.8373543,210786,"https://s3-ap-southeast-2.amazonaws.com/data-collection.spotparking.com.au/production/raw-data-points/4115eb9e26e56baa060a4574f6a4909e9ee931a81ccf59a64a-md.jpg","No Stopping","both","","","","","","","","","",""
"f105e526-672d-40b5-9c03-cd6e5646a18f",331808.44193371,6258655.9197801,214888,"https://s3-ap-southeast-2.amazonaws.com/data-collection.spotparking.com.au/production/raw-data-points/inserted_datapoint-md.jpg","","","","","","","","","","","",""
"b5ba4f09-4663-427f-92ac-57f41a8d0b43",331806.02590133,6258655.099947,214889,"https://s3-ap-southeast-2.amazonaws.com/data-collection.spotparking.com.au/production/raw-data-points/inserted_datapoint-md.jpg","","","","","","","","","","","",""
"1ca99c5f-a4a0-4f24-8365-c790f6dec12a",331803.74180246,6258654.1601383,214890,"https://s3-ap-southeast-2.amazonaws.com/data-collection.spotparking.com.au/production/raw-data-points/inserted_datapoint-md.jpg","","","","","","","","","","","",""
"944172e6-6a5a-411e-9d94-593655ce6414",331801.45770359,6258653.2403255,214891,"https://s3-ap-southeast-2.amazonaws.com/data-collection.spotparking.com.au/production/raw-data-points/inserted_datapoint-md.jpg","","","","","","","","","","","",""
"0ecd04e2-db6e-473d-b19f-60c5f4925d56",331799.04167121,6258652.4204924,214892,"https://s3-ap-southeast-2.amazonaws.com/data-collection.spotparking.com.au/production/raw-data-points/inserted_datapoint-md.jpg","","","","","","","","","","","",""
"1520d1c9-882c-4d52-a12b-00d148af9dac",331796.75757234,6258651.5006796,214893,"https://s3-ap-southeast-2.amazonaws.com/data-collection.spotparking.com.au/production/raw-data-points/inserted_datapoint-md.jpg","","","","","","","","","","","",""
"3f96fe32-b901-4773-8a98-77620ef3be6a",331794.37452334,6258650.5608709,214894,"https://s3-ap-southeast-2.amazonaws.com/data-collection.spotparking.com.au/production/raw-data-points/inserted_datapoint-md.jpg","","","","","","","","","","","",""
"20f9a9eb-967e-4350-8802-c76639003e51",331792.04919525,6258649.7410378,214895,"https://s3-ap-southeast-2.amazonaws.com/data-collection.spotparking.com.au/production/raw-data-points/inserted_datapoint-md.jpg","No Parking","left","No Of Bays: 8, 8:00a - 1:30p Tu","Restricted Parking","left","Max Dur. 2 hours, No Of Bays: 8","Disabled Parking","right","No Of Bays: 2","","",""
"1f44ccdd-9380-427a-9eb0-1da820b6324b",331787.54696426,6258648.0013919,214896,"https://s3-ap-southeast-2.amazonaws.com/data-collection.spotparking.com.au/production/raw-data-points/inserted_datapoint-md.jpg","","","","","","","","","","","",""
"d85b76ca-c3ef-4961-b587-2eb675fae534",331785.32883215,6258647.0815791,214897,"https://s3-ap-southeast-2.amazonaws.com/data-collection.spotparking.com.au/production/raw-data-points/inserted_datapoint-md.jpg","Disabled Parking","left","No Of Bays: 2","Restricted Parking","right","Max Dur. 2 hours, No Of Bays: 1","No Parking","right","No Of Bays: 1, 8:00a - 1:30p Tu","","",""
"e4dcc305-f220-4f8f-bd3c-8e81398af62f",331381.98335841,6258654.7100263,211548,"https://s3-ap-southeast-2.amazonaws.com/data-collection.spotparking.com.au/production/raw-data-points/faeb647147fc9eb0421842ab96de6a20d38a2f30cedd2473ec-md.jpg","No Stopping","both","","","","","","","","","",""
"0893217a-5c6f-4210-9d97-05ad98b34860",331355.58016497,6258654.3401016,211549,"https://s3-ap-southeast-2.amazonaws.com/data-collection.spotparking.com.au/production/raw-data-points/eeb9f6de88f66eeb129d63ee1691f5755879ee4b77203555e3-md.jpg","No Stopping","left","","No Parking","right","Authorised Car Share: Car Share","","","","","",""
"2edc11e7-1001-45f2-9054-20994825a24d",331299.27754012,6258653.9101891,211550,"https://s3-ap-southeast-2.amazonaws.com/data-collection.spotparking.com.au/production/raw-data-points/eecf85cc9c5c10676d62f934e0a2977a1dd47ca93ae634043b-md.jpg","No Stopping","right","","No Parking","left","Authorised Car Share: Car Share","","","","","",""
"cd858459-5029-4e06-ade9-b5f74adbcce3",331292.54068533,6258653.7902136,211551,"https://s3-ap-southeast-2.amazonaws.com/data-collection.spotparking.com.au/production/raw-data-points/932159aa854493dbdba02a00bb79ff6f0a3ca1fbaa747b5307-md.jpg","No Stopping","both","","","","","","","","","",""
"5dd2d2a5-466d-4676-83c3-c103abab639f",331793.38502202,6259010.4076251,207480,"https://s3-ap-southeast-2.amazonaws.com/data-collection.spotparking.com.au/production/raw-data-points/09db70a890f6cff1f02ada36926a1ee2bf32d4082d9e28b9b8-md.jpg","No Stopping","left","","No Parking","right","Council Vehicle","","","","","",""
"202d26c6-76b0-414b-9e7a-b135fe2f7564",331800.36925214,6258992.8911905,207481,"https://s3-ap-southeast-2.amazonaws.com/data-collection.spotparking.com.au/production/raw-data-points/8b041903064684c98d0c1fa0e1de82bd6f1bd83a2dd8c6cd1d-md.jpg","No Parking","both","Council Vehicle","Taxi Zone","right","6:00p - 11:00p","","","","","",""
"3a58f7a0-8fb6-4900-b811-2acbe6cf7193",331804.40971585,6258982.8732297,207482,"https://s3-ap-southeast-2.amazonaws.com/data-collection.spotparking.com.au/production/raw-data-points/15479837168383aca4190c7db26f16f7dcd8f17a0ead6a988a-md.jpg","Taxi Zone","left","6:00p - 11:00p","No Stopping","right","","No Parking","left","Council Vehicle","","",""
"80d8e38d-dce1-43ce-aed9-4a7a1079afad",331589.20142557,6258752.2201784,210748,"https://s3-ap-southeast-2.amazonaws.com/data-collection.spotparking.com.au/production/raw-data-points/bd026ca4029a475d6c3088d33bf7c513f864ce2a5e54e070a2-md.jpg","Motorbikes Only","right","","No Stopping","left","","","","","","",""
"2663090f-a3b9-416a-91ac-efe9b746e119",331589.44055505,6258738.8029095,210749,"https://s3-ap-southeast-2.amazonaws.com/data-collection.spotparking.com.au/production/raw-data-points/dab7ff61896ba3088514195a6d3b3bcce4a219398de1ec79fd-md.jpg","No Stopping","right","","Motorbikes Only","left","","","","","","",""
"fa58b3ee-fa3a-45b2-82cf-ceb62af6e0d9",331590.48777728,6258730.0646881,210750,"https://s3-ap-southeast-2.amazonaws.com/data-collection.spotparking.com.au/production/raw-data-points/26fb741287cf8b7e80d7123db1d40c1f19b8330644265a6add-md.jpg","Motorbikes Only","right","","No Stopping","left","","","","","","",""
"71a6d66d-bee1-41b1-a8ad-79a2a1b3fae8",331590.96603625,6258726.0755001,210751,"https://s3-ap-southeast-2.amazonaws.com/data-collection.spotparking.com.au/production/raw-data-points/91100b0377784ca57569c17a4e22a3ea5e1f45947c0c19ea64-md.jpg","","","","","","","","","","","",""
"f7c6dee6-1348-4893-b956-e4291171758a",331591.1062156,6258712.0983451,210752,"https://s3-ap-southeast-2.amazonaws.com/data-collection.spotparking.com.au/production/raw-data-points/02e9ec65380c1659ad815cc98890f322831a29615991fa9f1d-md.jpg","Motorbikes Only","left","","No Stopping","right","","","","","","",""
"17624f0a-1e76-4679-9657-3680d15f2d16",331503.98062477,6258548.4816488,212303,"https://s3-ap-southeast-2.amazonaws.com/data-collection.spotparking.com.au/production/raw-data-points/inserted_datapoint-md.jpg","No Stopping","right","","","","","","","","","",""
"d2915722-ffcb-4e6a-89a1-7c41c479ff9d",331469.15017846,6258533.0047991,212302,"https://s3-ap-southeast-2.amazonaws.com/data-collection.spotparking.com.au/production/raw-data-points/inserted_datapoint-md.jpg","No Stopping","left","","","","","","","","","",""
"904e28d9-dde4-41a2-9823-4b565f302785",331805.43220054,6259045.790423,212754,"https://s3-ap-southeast-2.amazonaws.com/data-collection.spotparking.com.au/production/raw-data-points/9ed4baef415b0b95bf58ce0ed045737b92e275c03d79aabeb8-md.jpg","No Stopping","both","","","","","","","","","",""
"d730b7cf-806f-4794-b8ad-b798e60a1f2e",331820.06032832,6259051.9291735,212755,"https://s3-ap-southeast-2.amazonaws.com/data-collection.spotparking.com.au/production/raw-data-points/15dfbe271dc95c745480cec1121a580d9a5f824f49b5fe4489-md.jpg","Loading Zone","left","","No Stopping","right","","","","","","",""
"8ce61cfe-08e7-4b5e-b2e7-90109e402200",331853.38178512,6259064.6065931,212756,"https://s3-ap-southeast-2.amazonaws.com/data-collection.spotparking.com.au/production/raw-data-points/622563ab0dbf487424db25ec40373f67dd7e82f763c84fa408-md.jpg","Loading Zone","both","","","","","","","","","",""
"6b5c3e7a-b227-4ad4-a861-a68b1d2f6988",331869.09836435,6259071.2052499,212757,"https://s3-ap-southeast-2.amazonaws.com/data-collection.spotparking.com.au/production/raw-data-points/d76d9e497a5b1fe71f15e81471dd342cc5c7d9babe77963c61-md.jpg","Loading Zone","right","","No Parking","left","Council Vehicle","","","","","",""
"2a338b91-3567-42c5-bc19-672997c5313e",331873.60059534,6259073.2848266,212758,"https://s3-ap-southeast-2.amazonaws.com/data-collection.spotparking.com.au/production/raw-data-points/c4d9403b069ffebcdfe0c71298dfda9a8ee507e7ff7ae40735-md.jpg","No Stopping","left","","No Parking","right","Council Vehicle","","","","","",""
"278c6862-6ccd-4412-9960-eb0e1ca14c1f",331400.76739171,6258687.5433432,211708,"https://s3-ap-southeast-2.amazonaws.com/data-collection.spotparking.com.au/production/raw-data-points/0729c98ec9142e32ac5ed2aa698ede80f4cfea618460889ca1-md.jpg","","","","","","","","","","","",""
"ced8b2a2-8051-46cb-88fb-eb3092c2e993",331410.81907591,6258662.4184573,211709,"https://s3-ap-southeast-2.amazonaws.com/data-collection.spotparking.com.au/production/raw-data-points/c157b18452d5e778a17d7a1f42af751c929307f98cbfb6ef1a-md.jpg","Clearway","both","6:00a - 7:00p M-F; 9:00a - 6:00p Sa-Su inc. Public Holidays, Inferred","","","","","","","","",""
"86ab57c2-05eb-40b3-a748-c6b6389c1a08",331415.23060261,6258653.9701769,211710,"https://s3-ap-southeast-2.amazonaws.com/data-collection.spotparking.com.au/production/raw-data-points/9c798d7bbe651fb391ab238f60260e6cb8df022639bb8610b8-md.jpg","No Stopping","both","","Clearway","both","6:00a - 7:00p M-F; 9:00a - 6:00p Sa-Su inc. Public Holidays, Inferred","","","","","",""
"d5e56914-b746-46d5-adf3-5ef822b9bc8e",331428.89396661,6258620.7069476,211711,"https://s3-ap-southeast-2.amazonaws.com/data-collection.spotparking.com.au/production/raw-data-points/061bb717bc890b52f8aa720fe5e20203534eca37affd3de13d-md.jpg","No Stopping","both","","Clearway","both","6:00a - 7:00p M-F; 9:00a - 6:00p Sa-Su inc. Public Holidays, Inferred","","","","","",""
"9346da7f-e51c-44df-9503-e2e245af9d93",331409.46675744,6258702.9002174,210803,"https://s3-ap-southeast-2.amazonaws.com/data-collection.spotparking.com.au/production/raw-data-points/cd3ac3599e410391b600fdbec813c58c987ab058513e5ce792-md.jpg","No Stopping","left","","Metered Parking","right","Max Dur. 1 hour 8:30a - 6:00p M-F; Max Dur. 1 hour 8:30a - 4:30p Sa, No Of Driveways: 1","","","","","",""
"ce8c663c-86d2-4e13-8bf0-2ae6b318fbb5",331422.25606195,6258707.4392934,210804,"https://s3-ap-southeast-2.amazonaws.com/data-collection.spotparking.com.au/production/raw-data-points/af955453494ca756966be5f42e2afcaf7ba5d551fd4976d18c-md.jpg","","","","","","","","","","","",""
"68659920-bd73-427f-9219-443572ac829d",331430.0648765,6258710.5786544,210805,"https://s3-ap-southeast-2.amazonaws.com/data-collection.spotparking.com.au/production/raw-data-points/cf02247ec69cb8eba9596564300b901f246dda5179a82a1013-md.jpg","Metered Parking","both","Max Dur. 1 hour 8:30a - 6:00p M-F; Max Dur. 1 hour 8:30a - 4:30p Sa, No Of Driveways: 1","","","","","","","","",""
"f4cc3b9b-3e37-4e98-aa38-569924a58fdd",331439.73725186,6258714.1879198,210806,"https://s3-ap-southeast-2.amazonaws.com/data-collection.spotparking.com.au/production/raw-data-points/06bea7cfaa5ee8d2174fc119d0c45a04f22683bae808ca43d2-md.jpg","Motorbikes Only","right","","Metered Parking","left","Max Dur. 1 hour 8:30a - 6:00p M-F; Max Dur. 1 hour 8:30a - 4:30p Sa, No Of Driveways: 1","","","","","",""
"71be3a14-5024-4d04-98c5-a434353c0533",331452.88937351,6258718.966947,210807,"https://s3-ap-southeast-2.amazonaws.com/data-collection.spotparking.com.au/production/raw-data-points/1bc26a793a14bad67dde4550fb104ee4c07dfc3de0a771d439-md.jpg","Motorbikes Only","left","","No Stopping","right","","","","","","",""
"ba756f9e-cb9c-4685-b7a2-249f9b7e5c0d",331460.69818806,6258722.4462388,210808,"https://s3-ap-southeast-2.amazonaws.com/data-collection.spotparking.com.au/production/raw-data-points/b2956d05eb1ae56fe6e8f34afb6bff1432812dd44ca57cb122-md.jpg","No Stopping","left","","Metered Parking","right","Max Dur. 1 hour 8:30a - 6:00p M-F; Max Dur. 1 hour 8:30a - 4:30p Sa","","","","","",""
"9012d945-bd4c-4731-8148-52cb7e6e323e",331465.56323619,6258724.4058399,210809,"https://s3-ap-southeast-2.amazonaws.com/data-collection.spotparking.com.au/production/raw-data-points/899d87abab4ad6afe351aace78db421ad77d6333772b16fcb4-md.jpg","","","","","","","","","","","",""
"74f1dc4c-a689-44b2-8eb2-89c233a680da",331470.11494224,6258725.4756222,210810,"https://s3-ap-southeast-2.amazonaws.com/data-collection.spotparking.com.au/production/raw-data-points/5fdcfc704301242cd9ab7d1f8a2e97574c65ea78a0e5c4bef8-md.jpg","Metered Parking","left","Max Dur. 1 hour 8:30a - 6:00p M-F; Max Dur. 1 hour 8:30a - 4:30p Sa","No Parking","right","Authorised Car Share: Car Share","","","","","",""
"1a6b649a-e001-4d34-988a-76209962f4e5",331476.53845495,6258727.9351216,210811,"https://s3-ap-southeast-2.amazonaws.com/data-collection.spotparking.com.au/production/raw-data-points/4a2dded9faedcbbc417ecff6360cc19ab3339949db34cb33ea-md.jpg","No Parking","left","Authorised Car Share: Car Share","No Stopping","right","","","","","","",""
"10a09e71-fd5a-44a0-adcf-9c553be95b0b",331289.01146397,6259024.684719,211631,"https://s3-ap-southeast-2.amazonaws.com/data-collection.spotparking.com.au/production/raw-data-points/9b9fd2acdbffb44861e8564553cef3a2c059c61f8fab32547b-md.jpg","No Parking","left","","No Stopping","right","","","","","","",""
"04f4bbb9-e0cb-4271-b2a0-eb55ca548722",331289.89376931,6259027.5741309,211632,"https://s3-ap-southeast-2.amazonaws.com/data-collection.spotparking.com.au/production/raw-data-points/af7b100eeaeeeed082f31c946093155efa364342a6a7cf1008-md.jpg","No Stopping","both","","","","","","","","","",""
"1d88d9ff-b160-4ea2-8170-dbe5a469c7bb",331301.86673523,6259057.4080583,211633,"https://s3-ap-southeast-2.amazonaws.com/data-collection.spotparking.com.au/production/raw-data-points/714517605ba172e25e11177708637d1ee085e9cf64ee4bdcb4-md.jpg","No Stopping","both","","","","","","","","","",""
"54080a41-2ca6-425a-ab5c-e43483d818cd",331315.86817884,6259087.8418636,211634,"https://s3-ap-southeast-2.amazonaws.com/data-collection.spotparking.com.au/production/raw-data-points/9792780a6d8042f5128771aa99f5042becebfae056328993df-md.jpg","No Stopping","left","","No Parking","right","","","","","","",""
"71ddfd5f-747c-4a4f-a9d1-694a3e92f2d3",331321.84641595,6259100.5892689,211635,"https://s3-ap-southeast-2.amazonaws.com/data-collection.spotparking.com.au/production/raw-data-points/b5edbcb48dfd4274cdcef74042d4d65f6942183e75a26a0d30-md.jpg","No Parking","left","","No Stopping","right","","","","","","",""
"a16fc394-06ec-4a3e-bacb-7edeffc26be9",331326.77743084,6259110.0973336,211636,"https://s3-ap-southeast-2.amazonaws.com/data-collection.spotparking.com.au/production/raw-data-points/4024523d538c7f26ac6cbb5fc570c3eb7cde2baa6974a80884-md.jpg","Restricted Parking","right","Max Dur. 2 hours 8:30a - 6:00p M-F, Area Permit: 6","No Stopping","left","","","","","","",""
"f55fd079-5c55-4472-bc9a-17b24cd3b58c",331339.02250962,6259135.8420933,211637,"https://s3-ap-southeast-2.amazonaws.com/data-collection.spotparking.com.au/production/raw-data-points/e6a5ca77259d911aeaa85dcc55740c4a66161ff1e31828ff0f-md.jpg","Restricted Parking","both","Max Dur. 2 hours 8:30a - 6:00p M-F, Area Permit: 6","","","","","","","","",""
"99b5530e-5375-46a4-8bbe-e7e54ff70cc9",331364.13935135,6259176.7737618,211638,"https://s3-ap-southeast-2.amazonaws.com/data-collection.spotparking.com.au/production/raw-data-points/0d9802eb64421f09ac7abfbeb2ac9de0c0d08bdc1609259aa6-md.jpg","No Stopping","right","","Restricted Parking","left","Max Dur. 2 hours 8:30a - 6:00p M-F, Area Permit: 6","","","","","",""
"861324bc-f207-4a52-8e89-7cc31ee6e7f2",331370.98340212,6259187.531572,211639,"https://s3-ap-southeast-2.amazonaws.com/data-collection.spotparking.com.au/production/raw-data-points/54dc683115a7557b6e915e0c4744c8749545253221a8bea13a-md.jpg","No Stopping","both","","","","","","","","","",""
"4b85e603-f50d-458a-a998-768d876b1fa1",331462.5864864,6258798.6707235,210846,"https://s3-ap-southeast-2.amazonaws.com/data-collection.spotparking.com.au/production/raw-data-points/4322218480ee4e5bce24cfd5cc4152abb11476885d1fac4ec4-md.jpg","No Stopping","both","","","","","","","","","",""
"adfe0a97-a727-4cd5-b8e1-12717ff9ad0a",331468.05348117,6258783.5837944,210847,"https://s3-ap-southeast-2.amazonaws.com/data-collection.spotparking.com.au/production/raw-data-points/d9d52faaff49e61a07e2f859d987a3a2b135d171967c246eb9-md.jpg","Loading Zone","right","","No Stopping","left","","","","","","",""
"ebf1e7af-ae2a-4d8f-a1fb-7ca3c3040dfa",331473.04221697,6258772.9059679,210848,"https://s3-ap-southeast-2.amazonaws.com/data-collection.spotparking.com.au/production/raw-data-points/cd494cc0494582152d6d86a8dc62d27b12411883a931c2b9b3-md.jpg","No Stopping","right","","Loading Zone","left","","","","","","",""
"06dcf4f5-75e9-4a25-80a6-29b3dae76949",331476.1756378,6258763.6478523,210849,"https://s3-ap-southeast-2.amazonaws.com/data-collection.spotparking.com.au/production/raw-data-points/fbaf6abdc8f601ce6c103f3684143fb5e14ce9009bfb227d4b-md.jpg","No Stopping","left","","Metered Parking","right","Max Dur. 30 minutes 8:30a - 6:00p M-F; Max Dur. 30 minutes 8:30a - 4:30p Sa","","","","","",""
"c4811385-0e97-4b12-b63d-576dc1cdf481",331480.99121087,6258753.4099362,210850,"https://s3-ap-southeast-2.amazonaws.com/data-collection.spotparking.com.au/production/raw-data-points/94a4cad240ecc93d3b9c47e0ca96f3f159fb1ff7d41526a281-md.jpg","","","","","","","","","","","",""
"2ea2b976-1f46-4410-8f45-9794daf01947",331484.95746198,6258743.8318858,210851,"https://s3-ap-southeast-2.amazonaws.com/data-collection.spotparking.com.au/production/raw-data-points/3f0431f2d9fce7b2d82fddbbd850001882f203a52837b2fb5f-md.jpg","No Stopping","right","","Metered Parking","left","Max Dur. 30 minutes 8:30a - 6:00p M-F; Max Dur. 30 minutes 8:30a - 4:30p Sa","","","","","",""
"5a40a503-8c5e-4aab-94ce-825352fabfe1",332209.82489651,6258934.4430875,206753,"https://s3-ap-southeast-2.amazonaws.com/data-collection.spotparking.com.au/production/raw-data-points/9be83cec0498f8d6f3c5ffdafd39a5a7c4b6ef4403a719ae62-md.jpg","Metered Parking","right","Max Dur. 1 hour 8:30a - 6:00p M-F; Max Dur. 1 hour 8:30a - 4:30p Sa-Su","No Stopping","left","","","","","","",""
"e425e37e-42cd-461a-ab30-0b205c532dbe",332205.2814363,6258944.571026,206754,"https://s3-ap-southeast-2.amazonaws.com/data-collection.spotparking.com.au/production/raw-data-points/f1a0e50e7d7078e3652a7892e514e00d2809a41ab51b6d4847-md.jpg","","","","","","","","","","","",""
"ffb5df51-fc18-4f56-bd59-fdf77c6e619e",332201.02658064,6258955.1488729,206755,"https://s3-ap-southeast-2.amazonaws.com/data-collection.spotparking.com.au/production/raw-data-points/06108ce88901532da741f3960714967b3483cf80c2335273ba-md.jpg","No Stopping","right","","Metered Parking","none","Max Dur. 1 hour 8:30a - 6:00p M-F; Max Dur. 1 hour 8:30a - 4:30p Sa-Su","","","","","",""
"ddd09083-3a65-4a1a-8afb-0972a737955f",332198.51984398,6258961.1876437,206756,"https://s3-ap-southeast-2.amazonaws.com/data-collection.spotparking.com.au/production/raw-data-points/31b1b4b20c94832b278abec16fa8412a401408918a500bb3dd-md.jpg","Metered Parking","right","Max Dur. 1 hour 8:30a - 6:00p M-F; Max Dur. 1 hour 8:30a - 4:30p Sa-Su","No Stopping","left","","","","","","",""
"c0c1e9b1-54a8-4fa8-a34c-742036981ad2",332191.71702243,6258978.0442126,206757,"https://s3-ap-southeast-2.amazonaws.com/data-collection.spotparking.com.au/production/raw-data-points/3f39fd916b353bd8c2266c0c69c01be16eb21bb3f219eb0874-md.jpg","Metered Parking","left","Max Dur. 1 hour 8:30a - 6:00p M-F; Max Dur. 1 hour 8:30a - 4:30p Sa-Su","No Stopping","right","","","","","","",""
"429829d5-310d-4571-929b-59a8393f0e15",332186.97566196,6258990.1617461,206758,"https://s3-ap-southeast-2.amazonaws.com/data-collection.spotparking.com.au/production/raw-data-points/d86a7d3305b209f2a2dae737077d8f43ae71ae90aae10c2a04-md.jpg","No Stopping","left","","Metered Parking","right","Max Dur. 1 hour 8:30a - 6:00p M-F; Max Dur. 1 hour 8:30a - 4:30p Sa-Su","","","","","",""
"a10cb3d9-97ae-4cad-bf65-2c6da3a4a4ed",332183.10011514,6258999.7497945,206759,"https://s3-ap-southeast-2.amazonaws.com/data-collection.spotparking.com.au/production/raw-data-points/69f7d167696a2aa777e6beadf02cf3a142a02fcc71ca5617cb-md.jpg","No Parking","right","","Metered Parking","left","Max Dur. 1 hour 8:30a - 6:00p M-F; Max Dur. 1 hour 8:30a - 4:30p Sa-Su","","","","","",""
"25558671-ef22-464f-a5e6-b414a341f0d8",332179.50492703,6259009.1078897,206760,"https://s3-ap-southeast-2.amazonaws.com/data-collection.spotparking.com.au/production/raw-data-points/7e59d9afc4bb45a6b59394ea7d44082e414c1816b28a671f05-md.jpg","Metered Parking","right","Max Dur. 1 hour 8:30a - 6:00p M-F; Max Dur. 1 hour 8:30a - 4:30p Sa-Su","No Parking","left","","","","","","",""
"c40aa755-f282-4ddf-8549-f73c361ba6a2",332177.3774992,6259014.6367643,206761,"https://s3-ap-southeast-2.amazonaws.com/data-collection.spotparking.com.au/production/raw-data-points/99db6b45bd2f57fd6d4fbcceeb9cba815cc1f4ff96732bad46-md.jpg","","","","","","","","","","","",""
"4e2596d5-cbd1-4020-bdce-7f302f57ee93",332172.52894276,6259026.7442998,206762,"https://s3-ap-southeast-2.amazonaws.com/data-collection.spotparking.com.au/production/raw-data-points/884488e2ea278a14b91bed07367c5c431fb027c544069227e5-md.jpg","No Stopping","right","","Metered Parking","left","Max Dur. 1 hour 8:30a - 6:00p M-F; Max Dur. 1 hour 8:30a - 4:30p Sa-Su","","","","","",""
"556ed052-81d3-4803-8ae4-bc00bf9ef9dd",332166.41877213,6259042.2811374,206763,"https://s3-ap-southeast-2.amazonaws.com/data-collection.spotparking.com.au/production/raw-data-points/d7d1076e97612b9a177c8775d4a335bd53b8b0232688764b71-md.jpg","No Stopping","left","","No Stopping","right","8:30a - 6:00p","","","","","",""
"ae941807-ca52-4e89-a573-70e7ac10f3f7",332160.48176424,6259059.3676594,206764,"https://s3-ap-southeast-2.amazonaws.com/data-collection.spotparking.com.au/production/raw-data-points/57b55bd570bc4cc28ed5461fdc87c76ec20fc4f9979e71b562-md.jpg","No Stopping","right","","No Stopping","left","8:30a - 6:00p","","","","","",""
"256781c1-59d8-4ed9-b8a1-846a568cfdd8",332283.17992737,6258960.9077007,206717,"https://s3-ap-southeast-2.amazonaws.com/data-collection.spotparking.com.au/production/raw-data-points/5a9d73824a0d2f3930dcf4c5a6ff9b37400efb98cb08e7e3d7-md.jpg","Metered Parking","right","Max Dur. 1 hour 8:30a - 6:00p M-F; Max Dur. 1 hour 8:30a - 4:30p Sa","No Stopping","left","","","","","","",""
"79333ac8-a542-4c8b-9acf-cc6d95b16b70",332274.00230266,6258982.2633538,206718,"https://s3-ap-southeast-2.amazonaws.com/data-collection.spotparking.com.au/production/raw-data-points/37388e4af181b653381b206874aed9daf7eb6000d7e1939e88-md.jpg","","","","","","","","","","","",""
"4d237e22-efff-4b0e-bdc8-ea100777a1dc",332271.07502794,6258989.1019618,206719,"https://s3-ap-southeast-2.amazonaws.com/data-collection.spotparking.com.au/production/raw-data-points/6bdf77a166dccca9df852b9ecc586b763426ac7cbdcc29bd5d-md.jpg","Metered Parking","both","Max Dur. 1 hour 8:30a - 6:00p M-F; Max Dur. 1 hour 8:30a - 4:30p Sa","","","","","","","","",""
"511fb513-b030-4585-a596-160d074b55c4",332260.53683893,6259016.0964672,206720,"https://s3-ap-southeast-2.amazonaws.com/data-collection.spotparking.com.au/production/raw-data-points/d106bfea65e0f1de519d58014859e024ab3dbb460addf27692-md.jpg","","","","","","","","","","","",""
"70f0d054-05a3-461d-b64e-8e4fcf1916bf",332259.65453359,6259018.6159543,206721,"https://s3-ap-southeast-2.amazonaws.com/data-collection.spotparking.com.au/production/raw-data-points/02c10133a0ab8c293c6e4103bf12eb367936e7012e8e0f6e60-md.jpg","Metered Parking","both","Max Dur. 1 hour 8:30a - 6:00p M-F; Max Dur. 1 hour 8:30a - 4:30p Sa","","","","","","","","",""
"e2a20aa2-0169-4389-8e8f-0b74adcb6593",332252.20029035,6259036.6922749,206722,"https://s3-ap-southeast-2.amazonaws.com/data-collection.spotparking.com.au/production/raw-data-points/96a0a57b1a5f3911d7545acdcb32609b5a372ac3fe22b21e23-md.jpg","Metered Parking","left","Max Dur. 1 hour 8:30a - 6:00p M-F; Max Dur. 1 hour 8:30a - 4:30p Sa","No Stopping","right","","","","","","",""
"a93a5afb-99ca-4562-afa6-bca439ae4e0e",332249.75952043,6259043.0709766,206723,"https://s3-ap-southeast-2.amazonaws.com/data-collection.spotparking.com.au/production/raw-data-points/cbbcedd42df6a3842724787c3e81b3bdc529fcccd480532a4b-md.jpg","No Stopping","left","","Loading Zone","right","","","","","","",""
"9ada0bbb-c891-4ba2-83d8-1f4e430b683e",332244.64709697,6259054.8585772,206724,"https://s3-ap-southeast-2.amazonaws.com/data-collection.spotparking.com.au/production/raw-data-points/8f18491637ccbefd5713797c17bac4dd4133ab3e7fa4dd9c2c-md.jpg","No Parking","right","","Loading Zone","left","","","","","","",""
"b4f8c832-9650-44cc-9841-97f706d5ee9f",332238.91623518,6259069.9555043,206725,"https://s3-ap-southeast-2.amazonaws.com/data-collection.spotparking.com.au/production/raw-data-points/78436a3ff68681afb1e6196369cd26cfc784d5d5cd881b360e-md.jpg","No Stopping","right","","No Parking","left","","","","","","",""
"d5d02875-242d-436b-8189-54a08661d0d4",332230.77758686,6259090.9912226,206726,"https://s3-ap-southeast-2.amazonaws.com/data-collection.spotparking.com.au/production/raw-data-points/5b657e65b9f55024ffb9a4b6f39a279a02f2af565175dbdff0-md.jpg","No Stopping","both","","","","","","","","","",""
"4fec89bf-3d4d-4f08-9333-ce4aa5943664",331488.54440424,6258625.6459422,211487,"https://s3-ap-southeast-2.amazonaws.com/data-collection.spotparking.com.au/production/raw-data-points/c8aacd24d2c193f06da09dba9047e45f85039e62f22accd190-md.jpg","No Stopping","right","","No Parking","left","","","","","","",""
"7b6ba42a-bf06-4e7a-bcb5-b61c70346d2a",331514.72495988,6258636.6437037,211488,"https://s3-ap-southeast-2.amazonaws.com/data-collection.spotparking.com.au/production/raw-data-points/bf4bb932659440ff7c54cc2bdd1e2275ecd934d88fd37c02bc-md.jpg","No Parking","right","","No Stopping","left","","","","","","",""
"1b99726d-633a-44b1-8b09-09e518a1a635",331523.09449184,6258640.3429507,211489,"https://s3-ap-southeast-2.amazonaws.com/data-collection.spotparking.com.au/production/raw-data-points/39c11bdc025476c7b2cbc18c33ee6114133f8461d3908199a8-md.jpg","No Parking","left","8:00a - 6:30p","No Stopping","right","","","","","","",""
"63f079c3-dbda-4be5-9cf3-a2f6e3581f1f",331546.47146042,6258649.4011069,211490,"https://s3-ap-southeast-2.amazonaws.com/data-collection.spotparking.com.au/production/raw-data-points/04d87400ad4d8e9f59c5ce63f6e95ffcf4e4c1202512ad3fbb-md.jpg","No Parking","both","8:00a - 6:30p","","","","","","","","",""
"2edb9cc0-5cea-40e4-994b-f246b27df75f",331564.48038437,6258656.8295949,211491,"https://s3-ap-southeast-2.amazonaws.com/data-collection.spotparking.com.au/production/raw-data-points/e120c63f1c3a962c69d3cf08ccf2fb4ebe2b7538bdb590da60-md.jpg","No Parking","right","8:00a - 6:30p","No Stopping","left","","","","","","",""
"92597413-459f-4fa0-a65b-772e0be07063",331646.47706005,6258691.9924376,211492,"https://s3-ap-southeast-2.amazonaws.com/data-collection.spotparking.com.au/production/raw-data-points/45553ada0228940d66611950081437ca0aee9b72b38245fce8-md.jpg","No Stopping","right","","Metered Parking","left","Max Dur. 2 hours 8:30a - 3:30p M-F; Max Dur. 2 hours 8:30a - 11:00a Sa; Max Dur. 2 hours 8:30a - 4:30p Su","No Stopping","left","3:30p - 6:30p M-F; 11:00a - 6:00p Sa","","",""
"9bdeb01e-fd6e-457f-9780-ebb75bb8df86",331660.71763315,6258697.3513468,211493,"https://s3-ap-southeast-2.amazonaws.com/data-collection.spotparking.com.au/production/raw-data-points/0072a25a29d9f431ecc5dde335f65ce42668c277ef3ac8849b-md.jpg","","","","","","","","","","","",""
"61c60054-f7b2-4136-a222-e28a2a81146b",331671.0414302,6258699.9708136,211494,"https://s3-ap-southeast-2.amazonaws.com/data-collection.spotparking.com.au/production/raw-data-points/25d3a87f04691d1a199d7b5a9478adda776eb5e86369747115-md.jpg","No Stopping","both","3:30p - 6:30p M-F; 11:00a - 6:00p Sa","Metered Parking","right","Max Dur. 2 hours 8:30a - 3:30p M-F; Max Dur. 2 hours 8:30a - 11:00a Sa; Max Dur. 2 hours 8:30a - 4:30p Su","Motorbikes Only","left","","","",""
"75ceda21-b702-452c-a44c-d99e2486374a",331676.6815877,6258701.5204982,211495,"https://s3-ap-southeast-2.amazonaws.com/data-collection.spotparking.com.au/production/raw-data-points/d4f1a8d8a2f62d408d179b343d8c0b8149c281d0620ddf4a47-md.jpg","No Stopping","left","Taxis, Exception Duration Limit: 1","No Stopping","right","3:30p - 6:30p M-F; 11:00a - 6:00p Sa","Motorbikes Only","right","","","",""
"b79525f4-146f-40f3-859a-86235560cd6b",331676.6815877,6258701.6304758,211496,"https://s3-ap-southeast-2.amazonaws.com/data-collection.spotparking.com.au/production/raw-data-points/2215e79e835dbbe4feb82faa782a6c4c0c21d64118398d10db-md.jpg","No Stopping","both","Taxis, Exception Duration Limit: 1","","","","","","","","",""
"26c493a7-2d3a-4930-97fa-58b11bc6e028",331684.69654836,6258704.6498612,211497,"https://s3-ap-southeast-2.amazonaws.com/data-collection.spotparking.com.au/production/raw-data-points/4b20ee19d2e72c4c533fbabcb89070f85c66796bcba1660d22-md.jpg","No Stopping","left","","No Stopping","right","Taxis, Exception Duration Limit: 1","","","","","",""
"0155b539-fca4-463d-867a-d07a6ad9273d",331684.59759823,6258704.6398633,211498,"https://s3-ap-southeast-2.amazonaws.com/data-collection.spotparking.com.au/production/raw-data-points/29b94745a4acb7c08ea9af43ac19a8b8751c7b8c68097cbf8c-md.jpg","","","","","","","","","","","",""
"30029d56-92c6-472d-a881-039bf850df3e",331557.00140359,6258870.7960426,210868,"https://s3-ap-southeast-2.amazonaws.com/data-collection.spotparking.com.au/production/raw-data-points/02870d3f020355bef86bfb6836fd4761fd42cc219202728536-md.jpg","No Stopping","both","","","","","","","","","",""
"f59d72bf-236e-4d8a-addf-98ff7142f552",331555.71505188,6258896.1708777,211066,"https://s3-ap-southeast-2.amazonaws.com/data-collection.spotparking.com.au/production/raw-data-points/inserted_datapoint-md.jpg","No Stopping","right","","Bus Zone","left","","","","","","",""
"6a08a34f-bf9e-407e-af7f-6beec885e352",331553.35674041,6258961.9074972,210869,"https://s3-ap-southeast-2.amazonaws.com/data-collection.spotparking.com.au/production/raw-data-points/8fb66b2dfa7206cf38358a48d0c8fa13318ec2fbeffbffb17a-md.jpg","No Stopping","left","","Bus Zone","right","","","","","","",""
"1cc4d18c-b04e-4801-82ac-b53d7118dd5c",331551.79827584,6258996.9303684,210870,"https://s3-ap-southeast-2.amazonaws.com/data-collection.spotparking.com.au/production/raw-data-points/f1fce5d6df84d3ca360457b695b39c2f607e762ec9652fe7d4-md.jpg","No Stopping","both","","","","","","","","","",""
"0d9babfc-fd92-4ebb-a938-3ff96e9a6d6f",332051.29029407,6258849.4503875,205297,"https://s3-ap-southeast-2.amazonaws.com/data-collection.spotparking.com.au/production/raw-data-points/10912dd4046ae60fdf3b4c44708180c489200c52d24c352ced-md.jpg","No Stopping","both","","","","","","","","","",""
"b8960fc6-c618-4f41-99b6-334c8cce92cd",332030.68392918,6258841.5319993,205298,"https://s3-ap-southeast-2.amazonaws.com/data-collection.spotparking.com.au/production/raw-data-points/dc62e76013a638f7aca2ac74af0a2904bdac5fe2c1641db976-md.jpg","No Stopping","both","","","","","","","","","",""
"95c3330f-4d5c-4790-aaac-9f4499c5fc8c",331455.50330615,6258612.7385695,211459,"https://s3-ap-southeast-2.amazonaws.com/data-collection.spotparking.com.au/production/raw-data-points/b34aac1b02901a0e9fdd6d657363b4328d673b9ed97160f75e-md.jpg","No Stopping","both","","","","","","","","","",""
"d3c432d5-c263-465f-8f8f-8ffad08d4c40",331466.82485037,6258617.167668,211460,"https://s3-ap-southeast-2.amazonaws.com/data-collection.spotparking.com.au/production/raw-data-points/f03eeea193c29bbad31f701fcf27a7e4daf96a2a2f7ea20287-md.jpg","No Stopping","both","","","","","","","","","",""
"66d827a9-ccce-424e-a2ee-729e0044b72f",331386.32067251,6259199.0192338,211650,"https://s3-ap-southeast-2.amazonaws.com/data-collection.spotparking.com.au/production/raw-data-points/db2cff864d789318776d644c8b949b46cc6f94253244f34bbb-md.jpg","No Stopping","both","","","","","","","","","",""
"4f13f04d-bd77-4901-8d0e-7a1733fdd329",331370.07635924,6259174.7641708,211651,"https://s3-ap-southeast-2.amazonaws.com/data-collection.spotparking.com.au/production/raw-data-points/cfe319f302ffcdbc7be1ed5af27de2d2290de182aa9fbc77a3-md.jpg","No Stopping","left","","Restricted Parking","right","Max Dur. 2 hours 8:30a - 6:00p, Area Permit: 6","","","","","",""
"2f82dfa8-06d5-46e5-8bf3-e4020f51565a",331359.10938633,6259157.597665,211652,"https://s3-ap-southeast-2.amazonaws.com/data-collection.spotparking.com.au/production/raw-data-points/2ce87a63b8361ea51919a634824fc20487417cc159ab9a0fd5-md.jpg","No Parking","right","","Restricted Parking","left","Max Dur. 2 hours 8:30a - 6:00p, Area Permit: 6","","","","","",""
"999cf574-2088-40c0-8e0c-8d92aae06cb5",331354.50820521,6259150.1991709,211653,"https://s3-ap-southeast-2.amazonaws.com/data-collection.spotparking.com.au/production/raw-data-points/ed79078d317904d624c181c454154eb7667a50f50c6ae02cff-md.jpg","No Parking","right","Authorised Car Share: Authorised Car Share Vehicles Excepted","No Parking","left","","","","","","",""
"37691334-e1c4-406b-9158-c433208ef8ff",331350.36054553,6259143.6904958,211654,"https://s3-ap-southeast-2.amazonaws.com/data-collection.spotparking.com.au/production/raw-data-points/163934f421ef6eb7f548f54d8ccfff9ef758e767157d169527-md.jpg","No Parking","left","Authorised Car Share: Authorised Car Share Vehicles Excepted","No Stopping","right","","","","","","",""
"9fd7cc06-9ba3-4461-82eb-e22fdda4fcca",331332.88760147,6259109.8773783,211655,"https://s3-ap-southeast-2.amazonaws.com/data-collection.spotparking.com.au/production/raw-data-points/8d23e2d685ea50f674d7558e65fc05b3740d22fa10446d8dcb-md.jpg","No Stopping","both","","","","","","","","","",""
"a63f5c97-2cc2-43ef-96d1-d20d30d7b140",331320.91463555,6259085.3723663,211656,"https://s3-ap-southeast-2.amazonaws.com/data-collection.spotparking.com.au/production/raw-data-points/4ceff01c50c95db73d08617f617404cc6c06ebb7b284e2b02d-md.jpg","Truck Zone","right","","No Stopping","left","","","","","","",""
"5b8a969d-4f7f-49ed-963e-f0cfae179674",331309.16430743,6259059.8775556,211657,"https://s3-ap-southeast-2.amazonaws.com/data-collection.spotparking.com.au/production/raw-data-points/1a33f62fb4716f1e3830bbc9bda3bfb56c78c94654f40e0903-md.jpg","Truck Zone","both","","","","","","","","","",""
"51f4b826-47aa-44fe-bc2b-f6d37c30ceca",331964.18119493,6259130.4531902,206945,"https://s3-ap-southeast-2.amazonaws.com/data-collection.spotparking.com.au/production/raw-data-points/65b3652261dacaae700545e8aaa7dc921df296c41fb336a963-md.jpg","No Parking","right","Pickup Dropoff, Exception Duration Limit: 2, No Of Bays: 1","No Stopping","left","","","","","","",""
"31d79a9d-0cff-485b-91e1-a4b860c49b70",331960.00879771,6259140.3611734,206946,"https://s3-ap-southeast-2.amazonaws.com/data-collection.spotparking.com.au/production/raw-data-points/47e88ef010aecde99524b373ee1ad03998318520a736cc432f-md.jpg","No Parking","right","6:30a - 9:30a M-F; 3:30p - 6:30p M-F","No Parking","left","Pickup Dropoff, Exception Duration Limit: 2, No Of Bays: 1","Metered Parking","right","Max Dur. 30 minutes 9:30a - 2:45p M-F; Max Dur. 30 minutes 8:30a - 4:00p Sa, No Of Bays: 6","","",""
"512588e0-fb0e-4e20-843d-9f67bee86ae9",331955.17673296,6259153.4685055,206947,"https://s3-ap-southeast-2.amazonaws.com/data-collection.spotparking.com.au/production/raw-data-points/1697ff67ef4ad2f8bddc3c5f604a57e76dedc31773e66e8fdf-md.jpg","Metered Parking","both","Max Dur. 30 minutes 9:30a - 2:45p M-F; Max Dur. 30 minutes 8:30a - 4:00p Sa, No Of Bays: 6","No Parking","both","6:30a - 9:30a M-F; 3:30p - 6:30p M-F","","","","","",""
"2ba714dc-c92e-48c9-9c96-109703829795",331954.30267346,6259155.5680781,206948,"https://s3-ap-southeast-2.amazonaws.com/data-collection.spotparking.com.au/production/raw-data-points/104446cce7397dea51ff5727985bcc1055576c91cc26124523-md.jpg","","","","","","","","","","","",""
"444e6774-136f-407f-bc10-a17995d00efe",331947.64827712,6259175.5240161,206949,"https://s3-ap-southeast-2.amazonaws.com/data-collection.spotparking.com.au/production/raw-data-points/e0c83fe24fb058b63f08bcbf6ca26375e5bfbf9741db026052-md.jpg","No Stopping","right","","Metered Parking","left","Max Dur. 30 minutes 9:30a - 2:45p M-F; Max Dur. 30 minutes 8:30a - 4:00p Sa, No Of Bays: 6","No Parking","left","6:30a - 9:30a M-F; 3:30p - 6:30p M-F","","",""
"b373c3fc-ac0a-41ac-b239-cf05c8aed078",331943.31096302,6259185.3220218,206950,"https://s3-ap-southeast-2.amazonaws.com/data-collection.spotparking.com.au/production/raw-data-points/185fcdaf33c4ef29c76bb261426214e498502bd32800a13869-md.jpg","Metered Parking","right","Max Dur. 30 minutes 9:30a - 2:45p M-F; Max Dur. 30 minutes 8:30a - 4:00p Sa, No Of Bays: 3","No Parking","right","6:30a - 9:30a M-F; 3:30p - 6:30p M-F","No Stopping","left","","Bus Zone","right","2:45p - 3:30p School Days Only"
"2c560bf4-de44-46da-bfaa-d4e06bea0cad",331939.33646606,6259195.240003,206951,"https://s3-ap-southeast-2.amazonaws.com/data-collection.spotparking.com.au/production/raw-data-points/ddc931a03c5f37370cbbe17ceff1b0e2932edd7c463eb92c55-md.jpg","","","","","","","","","","","",""
"97ecaf42-6326-4d87-b985-dd3f27e8c422",331934.10860078,6259208.1273798,206952,"https://s3-ap-southeast-2.amazonaws.com/data-collection.spotparking.com.au/production/raw-data-points/5f54b48ab331843f8e22f54ced5322900812f7954f84af9a6e-md.jpg","Bus Zone","left","2:45p - 3:30p School Days Only","No Stopping","right","","No Parking","left","6:30a - 9:30a M-F; 3:30p - 6:30p M-F","Metered Parking","left","Max Dur. 30 minutes 9:30a - 2:45p M-F; Max Dur. 30 minutes 8:30a - 4:00p Sa, No Of Bays: 3"
"ba9beabf-5476-486c-9c0c-1178222bb7ba",332346.97802468,6258965.366793,205261,"https://s3-ap-southeast-2.amazonaws.com/data-collection.spotparking.com.au/production/raw-data-points/029e3e47a3d84c38c89232ec3ebd9a5e10840034f3b03f4a4b-md.jpg","No Parking","right","","No Stopping","left","","","","","","",""
"8773df5d-8f0a-4a7d-a3b9-dc8a3df0f41a",332330.79143233,6258958.9680955,205262,"https://s3-ap-southeast-2.amazonaws.com/data-collection.spotparking.com.au/production/raw-data-points/fa7ae1bd2737c94e4b4ca8088dd32c569f7388bf8ace648795-md.jpg","Unrestricted Parking","right","No Of Driveways: 1, No Of Bays: 7","No Parking","left","","No Parking","right","4:30a - 6:30a F","","",""
"3d85a708-23b7-4d2c-867e-4fdedeb42f4c",332287.58320822,6258941.6816141,205263,"https://s3-ap-southeast-2.amazonaws.com/data-collection.spotparking.com.au/production/raw-data-points/a31c4b52d4cbaf17dfe9829a8444fbfaea8271711bdf190682-md.jpg","No Stopping","right","","Unrestricted Parking","left","No Of Driveways: 1, No Of Bays: 7","No Parking","left","4:30a - 6:30a F","","",""
"3aa711e4-b6dd-484d-90df-e305fa177440",332351.52148489,6258991.7314266,206691,"https://s3-ap-southeast-2.amazonaws.com/data-collection.spotparking.com.au/production/raw-data-points/25a4874ca6d46bf7b27d5c3f6edc18ad60a769203d0c8fd1b2-md.jpg","No Stopping","left","","Works Zone","right","7:00a - 5:00p M-F; 7:00a - 1:00p Sa","","","","","",""
"0364e287-2e18-40b6-a896-71d5e1cb2ece",332345.13095556,6259007.9281298,206692,"https://s3-ap-southeast-2.amazonaws.com/data-collection.spotparking.com.au/production/raw-data-points/c27c30268250e70ced0146d2cb16ebd198421bc8bff764f04c-md.jpg","Works Zone","both","7:00a - 5:00p M-F; 7:00a - 1:00p Sa","","","","","","","","",""
"52e89fbc-90f0-481c-a8fa-7e6a520c3374",332334.27942447,6259035.3625456,206693,"https://s3-ap-southeast-2.amazonaws.com/data-collection.spotparking.com.au/production/raw-data-points/d83d83aefb3f6a4dd41800fe6c0042d26897ef70002c45aae2-md.jpg","Works Zone","both","7:00a - 5:00p M-F; 7:00a - 1:00p Sa","","","","","","","","",""
"6eef65ab-30e6-4e43-9cd4-4caf840750fe",332330.09053557,6259046.0403722,206694,"https://s3-ap-southeast-2.amazonaws.com/data-collection.spotparking.com.au/production/raw-data-points/576dc46fd3f96e5716d32921296ec653e3cc20a2986a3d6622-md.jpg","Works Zone","left","7:00a - 5:00p M-F; 7:00a - 1:00p Sa","No Stopping","right","","","","","","",""
"7bb2a77f-d411-4639-ba42-5ea5f66df7e2",332323.8236939,6259061.2472768,206695,"https://s3-ap-southeast-2.amazonaws.com/data-collection.spotparking.com.au/production/raw-data-points/38f3ccd14621e66a02259370174366942b934f65c69e2bd343-md.jpg","Works Zone","right","7:00a - 5:00p M-F; 7:00a - 1:00p Sa","No Stopping","left","","","","","","",""
"227e35d4-5839-41d3-8104-60a1f97c2967",332319.93990124,6259071.4851929,206696,"https://s3-ap-southeast-2.amazonaws.com/data-collection.spotparking.com.au/production/raw-data-points/b801e636e9c78ab65d96416036c995f540b9d879f33356fa7c-md.jpg","No Stopping","right","","Works Zone","left","7:00a - 5:00p M-F; 7:00a - 1:00p Sa","","","","","",""
"fa7e1679-4393-4280-a169-9a35e9ded380",332315.75101234,6259082.2829951,206697,"https://s3-ap-southeast-2.amazonaws.com/data-collection.spotparking.com.au/production/raw-data-points/46ba6d66d2aa8ac60322197e8efca0b6d75be9b5810b2a3e6a-md.jpg","No Stopping","left","","","","","","","","","",""
"371870aa-2c12-4c8a-8653-4ed51e1c31e3",332300.24057921,6259122.4948101,206698,"https://s3-ap-southeast-2.amazonaws.com/data-collection.spotparking.com.au/production/raw-data-points/c7a83610810722ba7851b0344e7a6370d8a82a709d7cb172f7-md.jpg","No Stopping","right","","","","","","","","","",""
"690a92c0-498f-4733-a708-be75bdb1c06e",332090.21067915,6259041.821231,206774,"https://s3-ap-southeast-2.amazonaws.com/data-collection.spotparking.com.au/production/raw-data-points/1770e61b8a5a7ba38cadf7531b4c43991b3b86570c25e36186-md.jpg","No Stopping","both","","","","","","","","","",""
"2fcbedd2-2498-410a-9e0e-5051543f3e52",332101.36730648,6259013.9569027,206775,"https://s3-ap-southeast-2.amazonaws.com/data-collection.spotparking.com.au/production/raw-data-points/1648ca52fd31ac204081a027329e126fe37c372a67f02f2683-md.jpg","No Stopping","both","","","","","","","","","",""
"5d0b9efe-23be-4818-aab1-685f37199b4e",332112.96920941,6258985.6526639,206776,"https://s3-ap-southeast-2.amazonaws.com/data-collection.spotparking.com.au/production/raw-data-points/15c4b4fa022bba872532a8b6c6b14a36718ddf48e6888e25f9-md.jpg","","","","","","","","","","","",""
"77f2a162-bafd-4609-b13c-efcfa403c476",332116.84475623,6258975.6147071,206777,"https://s3-ap-southeast-2.amazonaws.com/data-collection.spotparking.com.au/production/raw-data-points/03c126eb542aa704313b2b528f1816668b51d12a0fcbd6d047-md.jpg","No Parking","right","","No Stopping","left","","","","","","",""
"9041560a-e5e4-4f5c-bb65-54f2adf69e69",332123.72179037,6258958.0982725,206778,"https://s3-ap-southeast-2.amazonaws.com/data-collection.spotparking.com.au/production/raw-data-points/e79216a85bb4a1f9274a0e1eacfbf3d4af9f8c851a1ea8df05-md.jpg","No Stopping","right","","No Parking","left","","","","","","",""
"affff92a-f1a8-4693-bc98-629a33780c6d",332143.71796279,6258907.4285862,206779,"https://s3-ap-southeast-2.amazonaws.com/data-collection.spotparking.com.au/production/raw-data-points/f99a84fe0dfc58d0b0fffab1280689fff9feb0e0692b861ff2-md.jpg","No Stopping","both","","","","","","","","","",""
"64fd24f3-338b-4a62-bcb2-69dae78b96f6",331428.99291674,6258703.6800586,210798,"https://s3-ap-southeast-2.amazonaws.com/data-collection.spotparking.com.au/production/raw-data-points/5bf2cc0a5eafb18c4c5fd195e3ba4e1d1665cdb8e8809a9084-md.jpg","Metered Parking","right","Max Dur. 1 hour 8:30a - 6:00p M-F; Max Dur. 1 hour 8:30a - 4:30p Sa","No Stopping","left","","","","","","",""
"1d74ca2b-b0b2-4fef-9256-d39499d2a6a1",331419.98020892,6258700.3007465,210799,"https://s3-ap-southeast-2.amazonaws.com/data-collection.spotparking.com.au/production/raw-data-points/2db660fa6c0f1c52cb941ebadfbe4e09106c69c7d5437bb319-md.jpg","","","","","","","","","","","",""
"9aa5a9f4-3887-4a00-92e9-70c79c317d52",331408.85656497,6258695.8916439,210800,"https://s3-ap-southeast-2.amazonaws.com/data-collection.spotparking.com.au/production/raw-data-points/08098fa54122609f7cddc2a59d7fd12d1a8badd09a6462b37c-md.jpg","Metered Parking","left","Max Dur. 1 hour 8:30a - 6:00p M-F; Max Dur. 1 hour 8:30a - 4:30p Sa","No Stopping","right","","","","","","",""
"79e4dfde-cc16-4b1e-b4a2-a67091051b21",332032.72065272,6259318.3549433,207012,"https://s3-ap-southeast-2.amazonaws.com/data-collection.spotparking.com.au/production/raw-data-points/3e5f2c8395ca8aacc837149ae5a35371a8afad6883a02bff8a-md.jpg","No Stopping","left","","Restricted Parking","right","Max Dur. 30 minutes 8:30a - 6:00p M-F; Max Dur. 30 minutes 8:30a - 12:30p Sa","","","","","",""
"2c1692e2-3fa8-4e55-a2d1-f5a441bdf2ac",332018.9418469,6259313.3459629,207013,"https://s3-ap-southeast-2.amazonaws.com/data-collection.spotparking.com.au/production/raw-data-points/04578a5dcad944a0625c595fc7ffb891c1776306250626c9cf-md.jpg","No Stopping","right","","Restricted Parking","left","Max Dur. 30 minutes 8:30a - 6:00p M-F; Max Dur. 30 minutes 8:30a - 12:30p Sa","","","","","",""
"95a9f10f-b8ff-426c-95f3-b7dc5f7b8520",331997.04913029,6259305.0776459,207014,"https://s3-ap-southeast-2.amazonaws.com/data-collection.spotparking.com.au/production/raw-data-points/d08422442f35222e84e672a35757bd7cb1c1698d6efab6d959-md.jpg","No Stopping","left","","Disabled Parking","right","","","","","","",""
"5ac8715a-dc2a-4472-9a7a-f040a9c98489",331981.68712237,6259298.7089422,207015,"https://s3-ap-southeast-2.amazonaws.com/data-collection.spotparking.com.au/production/raw-data-points/af7fc8717c62c0776a3e34041f4ba0b95c99876a1bcddb733c-md.jpg","Disabled Parking","left","","No Stopping","right","","","","","","",""
"3f0f4e47-a905-40bb-9270-9eaf0a825cbe",331972.38581,6259294.8897196,207016,"https://s3-ap-southeast-2.amazonaws.com/data-collection.spotparking.com.au/production/raw-data-points/39652fd6ca616d4f6e33300003ee426b01907e47a5b6e5ee39-md.jpg","No Stopping","left","","No Parking","right","","","","","","",""
"6e5a5056-9569-45c8-91f0-05cc079bb7ce",331953.08228851,6259287.2112825,207017,"https://s3-ap-southeast-2.amazonaws.com/data-collection.spotparking.com.au/production/raw-data-points/9333876e4b9479114a6f6c9fde9ca2f71ad3b81adfc666cfef-md.jpg","No Parking","left","","No Stopping","right","","","","","","",""
"0978dee9-40e4-4560-80fe-40c10ac5bbcd",331298.14785945,6258834.2534808,211575,"https://s3-ap-southeast-2.amazonaws.com/data-collection.spotparking.com.au/production/raw-data-points/b0a7fc20c572843e3f12302f74dd2160fe6cb195161c77d4aa-md.jpg","No Stopping","both","","","","","","","","","",""
"dec4c5af-68cf-41e6-a19e-5ae3d2be0332",331316.54433807,6258840.3622374,211576,"https://s3-ap-southeast-2.amazonaws.com/data-collection.spotparking.com.au/production/raw-data-points/41686bf41f2debab01156283754316837089def1600ea0a9fb-md.jpg","No Stopping","both","","","","","","","","","",""
"84cafb62-757d-4e5f-b850-875e12b34214",331825.44486465,6258929.9939931,207549,"https://s3-ap-southeast-2.amazonaws.com/data-collection.spotparking.com.au/production/raw-data-points/b2fd8706812dd7bebccf347548e60f08a3b1a81ca71c306e94-md.jpg","No Stopping","right","","Metered Parking","left","Max Dur. 1 hour 8:30a - 6:00p M-F; Max Dur. 1 hour 8:30a - 4:30p Sa-Su, No Of Bays: 2","","","","","",""
"c8f56d32-30e4-4a05-babb-fff0a0d32ecc",331827.70422598,6258922.9354298,207550,"https://s3-ap-southeast-2.amazonaws.com/data-collection.spotparking.com.au/production/raw-data-points/53029fb6a2fc627b6f7f3e732780a362efd55e3724b0ad632f-md.jpg","","","","","","","","","","","",""
"6d5531e3-8af5-4f25-a3fb-11db92ff3fd3",331830.89536773,6258915.8868645,207551,"https://s3-ap-southeast-2.amazonaws.com/data-collection.spotparking.com.au/production/raw-data-points/9242bfd4050443ea94357979daf82ec00c1306693d13bd9d47-md.jpg","Metered Parking","right","Max Dur. 1 hour 8:30a - 6:00p M-F; Max Dur. 1 hour 8:30a - 4:30p Sa-Su, No Of Bays: 2","No Stopping","left","","","","","","",""
"deb5bed6-0edc-4b8e-a317-392ca7479d90",331840.88933101,6258905.4289932,207552,"https://s3-ap-southeast-2.amazonaws.com/data-collection.spotparking.com.au/production/raw-data-points/197020087bc0477cd5005aa9bd907c6561b356313edec14e1a-md.jpg","","","","","","","","","","","",""
"7ec01845-f3e0-4a9e-96a6-5b02154bca83",331863.86225322,6258842.7117591,207553,"https://s3-ap-southeast-2.amazonaws.com/data-collection.spotparking.com.au/production/raw-data-points/35b020a59b4058d582d30676410cbffdf7e1ce9e5f31714fab-md.jpg","No Stopping","right","","No Stopping","left","Authorised Vehicles","","","","","",""
"2ac495fc-ff3b-4f44-baf2-8fa77d1e82a1",331873.43567845,6258819.6764479,207554,"https://s3-ap-southeast-2.amazonaws.com/data-collection.spotparking.com.au/production/raw-data-points/c18bfde933f2fe60ef4e8d17e1ce1ae5057c0be1efba15541a-md.jpg","No Stopping","right","Authorised Vehicles","No Stopping","left","Taxis, Exception Duration Limit: 1","","","","","",""
"21724809-8355-4838-96da-19cb51bdc5be",331878.31721827,6258805.7992725,207555,"https://s3-ap-southeast-2.amazonaws.com/data-collection.spotparking.com.au/production/raw-data-points/85c3d9f93ca1e9f98f05e1a09efab5f53cbe8824733f1be442-md.jpg","No Stopping","left","","No Stopping","right","Taxis, Exception Duration Limit: 1","","","","","",""
"2f19a8df-7890-4a0e-a904-33e8f99a3843",331879.78497856,6258800.1604203,207556,"https://s3-ap-southeast-2.amazonaws.com/data-collection.spotparking.com.au/production/raw-data-points/c6710ae60fb3c1857b5a4a01d24bcad5de09a4b0dc9208c4f9-md.jpg","No Stopping","both","","","","","","","","","",""
"1cf6dfeb-94e9-410e-a96f-297116341271",331875.43941861,6258511.6691419,206606,"https://s3-ap-southeast-2.amazonaws.com/data-collection.spotparking.com.au/production/raw-data-points/inserted_datapoint-md.jpg","No Stopping","right","","","","","","","","","",""
"cfceac6c-d28e-472f-a2ad-12e7679dae54",331909.14018425,6258526.9160384,205383,"https://s3-ap-southeast-2.amazonaws.com/data-collection.spotparking.com.au/production/raw-data-points/0007dc03329de71560ae2fdaada0cb6d4981c3af59fc2fe936-md.jpg","No Stopping","left","","","","","","","","","",""
"aa0682c7-1f96-4eb6-ad42-e2e5f8096983",331740.75179788,6259121.1850767,212721,"https://s3-ap-southeast-2.amazonaws.com/data-collection.spotparking.com.au/production/raw-data-points/cdb840bc14155d1ef0d18103d3dc92117574e76500b7a3b766-md.jpg","Restricted Parking","right","Max Dur. 2 hours","No Stopping","left","","","","","","",""
"628db0fc-4861-4ad9-88bc-9e45aeef4aab",331733.17386697,6259142.8006769,212722,"https://s3-ap-southeast-2.amazonaws.com/data-collection.spotparking.com.au/production/raw-data-points/bfec174a67db29c2e504f7fa2048572b63470cc91ced7a8313-md.jpg","Restricted Parking","left","Max Dur. 2 hours","Bus Zone","right","","","","","","",""
"0cc31703-f59a-4a62-ae5f-3e6a463a6f2b",331725.58769022,6259162.746617,212723,"https://s3-ap-southeast-2.amazonaws.com/data-collection.spotparking.com.au/production/raw-data-points/283e51e0a82c0a09d5b820f240704c584bb3faa91bb93dea47-md.jpg","No Stopping","right","","Bus Zone","left","","","","","","",""
"9dd008c8-1376-4962-8276-cae98d4d1afe",331576.33790846,6258713.827993,210757,"https://s3-ap-southeast-2.amazonaws.com/data-collection.spotparking.com.au/production/raw-data-points/c55c0dda15b0069363fda274a49faeaab40e7bb5412dfba619-md.jpg","No Stopping","both","","","","","","","","","",""
"4ae6486c-3462-4dad-bf00-f36c2f1ef922",331566.86343337,6258710.4486809,210758,"https://s3-ap-southeast-2.amazonaws.com/data-collection.spotparking.com.au/production/raw-data-points/ac8eef270ed40e74c624a8425a77f1d97b69ff0a85ee79aeba-md.jpg","No Stopping","both","","","","","","","","","",""
"8047003f-28b3-430e-ad6c-e4fee92e9dcc",332235.39525967,6258928.7842393,205226,"https://s3-ap-southeast-2.amazonaws.com/data-collection.spotparking.com.au/production/raw-data-points/73e397d8e6278abacaaaf7b3a58b61aef6bbc9c6551561a1a2-md.jpg","Loading Zone","right","","No Stopping","left","Taxis, Exception Duration Limit: 1","No Parking","both","4:30a - 6:30a F, Street Sweeping","","",""
"48290ddd-136d-4e6c-86f2-56887a8d04eb",332246.61785376,6258933.3133174,205227,"https://s3-ap-southeast-2.amazonaws.com/data-collection.spotparking.com.au/production/raw-data-points/c094a4dab86e02c936afa9d4fc124ecea72c3f892c108dc077-md.jpg","No Parking","both","4:30a - 6:30a F, Street Sweeping","Metered Parking","right","Max Dur. 2 hours 8:30a - 6:00p M-F; Max Dur. 2 hours 8:30a - 4:30p Sa-Su, No Of Bays: 5","Loading Zone","left","","","",""
"175f0272-8641-4a69-93e8-a93b2ca79f10",332265.2039868,6258940.1819194,205228,"https://s3-ap-southeast-2.amazonaws.com/data-collection.spotparking.com.au/production/raw-data-points/7a69a9bc546d52a86a8c2fba31257e83cdd0ba8d24ef531542-md.jpg","","","","","","","","","","","",""
"f251a4fb-4381-49d1-8289-5f15868ab821",332275.65971737,6258944.6910015,205229,"https://s3-ap-southeast-2.amazonaws.com/data-collection.spotparking.com.au/production/raw-data-points/ce4747d746c409225f12fcd4d968b740d538148faf04ceede6-md.jpg","No Parking","both","4:30a - 6:30a F, Street Sweeping","No Stopping","right","","Metered Parking","left","Max Dur. 2 hours 8:30a - 6:00p M-F; Max Dur. 2 hours 8:30a - 4:30p Sa-Su, No Of Bays: 5","","",""
"7517a118-21b9-4f7a-94c3-6323f3861c2d",331517.50380941,6258930.4339035,210880,"https://s3-ap-southeast-2.amazonaws.com/data-collection.spotparking.com.au/production/raw-data-points/f74ffdb6bb412ec53d01acfd8cd05a7adfbfd4137c9fa71df8-md.jpg","Taxi Zone","left","","No Stopping","right","","","","","","",""
"1735ac78-d18c-4e38-8955-2c11aa6a1af8",331506.4626239,6258926.7946443,210881,"https://s3-ap-southeast-2.amazonaws.com/data-collection.spotparking.com.au/production/raw-data-points/a6f1018e0b594f7badb12b72cc24e69d5ed98a38434e8649db-md.jpg","Taxi Zone","both","","","","","","","","","",""
"ca4ea0aa-25e0-4225-adcc-6bdae202e196",331496.52638152,6258923.3053545,210882,"https://s3-ap-southeast-2.amazonaws.com/data-collection.spotparking.com.au/production/raw-data-points/e4239c32aa15372fc64723a07c1217f0ecee5e2428b7212416-md.jpg","Taxi Zone","left","","Taxi Zone","right","","","","","","",""
"16faf33b-8e57-4019-a5f8-586223e1f047",331491.92520041,6258920.9958246,210883,"https://s3-ap-southeast-2.amazonaws.com/data-collection.spotparking.com.au/production/raw-data-points/262cf1eb1ed84feda5a12e35432d20da2fa1d880961c3d5b51-md.jpg","","","","","","","","","","","",""
"3cc5375b-003d-4ce2-8679-fc62ed8cce36",331481.26332373,6258917.2565857,210884,"https://s3-ap-southeast-2.amazonaws.com/data-collection.spotparking.com.au/production/raw-data-points/83bab83eda703579f2649f21ebcf05ad34fb9dab2f54db73d8-md.jpg","Taxi Zone","left","","Taxi Zone","right","","","","","","",""
"a7af1047-4649-4da4-a1ad-cae45bc3265c",331468.82859053,6258913.0374445,210885,"https://s3-ap-southeast-2.amazonaws.com/data-collection.spotparking.com.au/production/raw-data-points/0b35cc640482d783b7d9c4949b4a9ed8e96078fb2c3c007e1e-md.jpg","Taxi Zone","left","","No Stopping","right","","","","","","",""
"3ee22469-46c5-4a1c-9708-f711d64c6bf3",331458.24092646,6258908.63834,210886,"https://s3-ap-southeast-2.amazonaws.com/data-collection.spotparking.com.au/production/raw-data-points/bc47dd80c80f3f9611a3a330bfe9d879a8e6378db9fbc5c9be-md.jpg","Taxi Zone","right","","No Stopping","left","","","","","","",""
"f73141f3-165e-4207-a6d0-ca873c722ed8",331451.61951349,6258905.7489281,210887,"https://s3-ap-southeast-2.amazonaws.com/data-collection.spotparking.com.au/production/raw-data-points/bd73bccc193db76b799c625de131b22312c0dd66ce6d3474c9-md.jpg","No Stopping","right","","Taxi Zone","left","","","","","","",""
"f9da1097-b563-4dec-8f95-6389bf083112",331447.94186693,6258904.6891438,210888,"https://s3-ap-southeast-2.amazonaws.com/data-collection.spotparking.com.au/production/raw-data-points/496193fd2da91d09d7ab1696d531b6f2ef0d1a316e24f365a5-md.jpg","Taxi Zone","right","","No Stopping","left","","","","","","",""
"12454752-519f-4723-956e-7793a2686c9c",331440.22375667,6258901.6697584,210889,"https://s3-ap-southeast-2.amazonaws.com/data-collection.spotparking.com.au/production/raw-data-points/7da5666a44c5b8c4fbb9217cf4ab63bd1a499cd359979e8803-md.jpg","No Stopping","right","","Taxi Zone","left","","","","","","",""
"b732bfac-5c01-4adf-86b2-628b8a1d6242",331434.69904099,6258899.1302753,210890,"https://s3-ap-southeast-2.amazonaws.com/data-collection.spotparking.com.au/production/raw-data-points/48f4bd58e062a231990c46c281d982fe29a7d5fc68b3100f2f-md.jpg","Taxi Zone","both","","","","","","","","","",""
"85d4a45b-3e14-44a1-8be1-a6c59cd5ebf4",331429.36397973,6258897.2606558,210891,"https://s3-ap-southeast-2.amazonaws.com/data-collection.spotparking.com.au/production/raw-data-points/48d6a42304eceb89e139daf3c82820a78014a3a386b693bf04-md.jpg","Taxi Zone","both","","","","","","","","","",""
"f8905efc-507a-4194-b6c7-c3c311e12f89",331424.58963588,6258895.7309672,210892,"https://s3-ap-southeast-2.amazonaws.com/data-collection.spotparking.com.au/production/raw-data-points/5bc5c4afeeb0155db203638bbbcf04a0aeaa772d70efb7a36a-md.jpg","","","","","","","","","","","",""
"916d97bf-431f-4e8d-bbc6-c986d223a0ee",331415.49446963,6258891.6917894,210893,"https://s3-ap-southeast-2.amazonaws.com/data-collection.spotparking.com.au/production/raw-data-points/88f7064f062b3da5e2f9759368c9425211886f97d0d8e5ab02-md.jpg","No Stopping","left","","Taxi Zone","right","","","","","","",""
"9e46ee04-0ff1-4172-b133-691d11a7e745",331404.62644684,6258888.0625281,210894,"https://s3-ap-southeast-2.amazonaws.com/data-collection.spotparking.com.au/production/raw-data-points/757f59ac9303e196a6e139b13343ed6faf86358c68d9c53a71-md.jpg","Disabled Parking","left","","No Stopping","right","","","","","","",""
"772a7dfd-9ffa-4d19-94b2-8bc56db2fdb6",331386.30418082,6258881.2039242,210895,"https://s3-ap-southeast-2.amazonaws.com/data-collection.spotparking.com.au/production/raw-data-points/c5059a6bf99e0416e5f3a05e086f543a8a01da2da85189f7a9-md.jpg","","","","","","","","","","","",""
"25a6652f-fa5f-471c-86fb-33fb593f6b5b",331378.75923329,6258878.394496,210896,"https://s3-ap-southeast-2.amazonaws.com/data-collection.spotparking.com.au/production/raw-data-points/4f81e65a2d2a5b79e382c0c524e1c1dfcaaf7f7b259aa486a4-md.jpg","Disabled Parking","right","","No Parking","left","Authorised Car Share: Car Share","","","","","",""
"5b5041d1-f9ac-47aa-a699-63fc65eba241",331372.96240475,6258876.1849457,210897,"https://s3-ap-southeast-2.amazonaws.com/data-collection.spotparking.com.au/production/raw-data-points/bbe368df7d7dcd4c432c8065be57483412ae817eca8cf0f533-md.jpg","No Parking","both","Authorised Car Share: Car Share","","","","","","","","",""
"0fe0dc88-d144-4045-be33-8f14c371dacf",331365.61535748,6258872.9556031,210898,"https://s3-ap-southeast-2.amazonaws.com/data-collection.spotparking.com.au/production/raw-data-points/acc5eed976e7013b2c6c3df869e5883150f0b0e184f9c7ec7d-md.jpg","No Stopping","left","","No Parking","right","Authorised Car Share: Car Share","","","","","",""
"895ee937-6b71-409b-bb97-2310c6999139",331357.68285527,6258870.9160182,210899,"https://s3-ap-southeast-2.amazonaws.com/data-collection.spotparking.com.au/production/raw-data-points/e2ff09ed7304ea4b6c480ac1c6e36dba29264a6df97d7e99ac-md.jpg","No Stopping","both","","","","","","","","","",""
"654061f6-8407-4ad9-ac26-ad0cb9202f40",331385.98259289,6259046.5802623,212439,"https://s3-ap-southeast-2.amazonaws.com/data-collection.spotparking.com.au/production/raw-data-points/9dec81f62308161f37ea439ac6e34299c973827ab3cedaf982-md.jpg","No Stopping","both","","","","","","","","","",""
"24925e44-00b4-41f5-8f9e-ee5e24bf0fe0",331394.01404523,6259046.8402094,212441,"https://s3-ap-southeast-2.amazonaws.com/data-collection.spotparking.com.au/production/raw-data-points/9b3749e90dedb6b5e2fbb1b0f0005de933622a342ab28e62f6-md.jpg","No Stopping","left","","Motorbikes Only","right","","","","","","",""
"1aab3c01-1fe2-4438-b998-aa66eed1e47d",331399.90982391,6259049.1697352,212443,"https://s3-ap-southeast-2.amazonaws.com/data-collection.spotparking.com.au/production/raw-data-points/8687c3c3329b0e52c4043c2f4d600c37cdf5159f17ccdd3d7f-md.jpg","No Stopping","right","","Motorbikes Only","left","","","","","","",""
"3bfeda8d-9637-435e-9a9f-b9e4072e529d",331418.12489396,6259056.1383168,212446,"https://s3-ap-southeast-2.amazonaws.com/data-collection.spotparking.com.au/production/raw-data-points/4814c4c2ba0466063f1314b77621f9da8738e3e5e3ed1f81d0-md.jpg","Metered Parking","right","Max Dur. 1 hour 8:30a - 6:00p M-F; Max Dur. 1 hour 8:30a - 4:30p Sa","No Stopping","left","","","","","","",""
"7da6fe0d-e455-4620-bab9-ef3ea4eba10c",331424.73806108,6259059.2476839,212448,"https://s3-ap-southeast-2.amazonaws.com/data-collection.spotparking.com.au/production/raw-data-points/95bad6f500225db38eea2c9d792a353c1a2b983d2566931274-md.jpg","","","","","","","","","","","",""
"c8d471d1-4d0c-49ba-81bc-625cf49d9317",331427.5334023,6259059.6276065,212450,"https://s3-ap-southeast-2.amazonaws.com/data-collection.spotparking.com.au/production/raw-data-points/1ae87c6e5ae4a6a6c916198e971a9f862c601da3267daf9b13-md.jpg","Metered Parking","left","Max Dur. 1 hour 8:30a - 6:00p M-F; Max Dur. 1 hour 8:30a - 4:30p Sa","No Stopping","right","","","","","","",""
"510b9dd7-8895-42f2-bb5d-2d33bb7db433",331434.67430346,6259062.8569492,212452,"https://s3-ap-southeast-2.amazonaws.com/data-collection.spotparking.com.au/production/raw-data-points/9e3657bb67c960697e191d4499e149c7fdd76fe496c0b9452b-md.jpg","No Stopping","left","","Metered Parking","right","Max Dur. 1 hour 8:30a - 6:00p M-F; Max Dur. 1 hour 8:30a - 4:30p Sa, No Of Bays: 11","","","","","",""
"21b8ee2e-3526-4184-8e19-53721c55a180",331452.0318057,6259071.3752153,212454,"https://s3-ap-southeast-2.amazonaws.com/data-collection.spotparking.com.au/production/raw-data-points/b1f0b94b7b687ca78b7c4b42a12c25a7c69d5559a281b7e51e-md.jpg","Metered Parking","both","Max Dur. 1 hour 8:30a - 6:00p M-F; Max Dur. 1 hour 8:30a - 4:30p Sa, No Of Bays: 11","","","","","","","","",""
"5e161787-5326-492f-9d05-52010b061d9b",331472.48149956,6259077.8438987,212456,"https://s3-ap-southeast-2.amazonaws.com/data-collection.spotparking.com.au/production/raw-data-points/5fc686f9537a85930ad4af9d87daf4ad71c8bcc03b9e6ce011-md.jpg","Metered Parking","both","Max Dur. 1 hour 8:30a - 6:00p M-F; Max Dur. 1 hour 8:30a - 4:30p Sa, No Of Bays: 11","","","","","","","","",""
"083b41b5-235f-4028-8cc8-4bef1be966f6",331475.69737883,6259079.0136606,212459,"https://s3-ap-southeast-2.amazonaws.com/data-collection.spotparking.com.au/production/raw-data-points/7cf56146b480e9c9ce174e2c7933d104886fafaecf633193f8-md.jpg","","","","","","","","","","","",""
"9d342f69-94b7-4aec-bba5-030bffa2670f",331488.56914178,6259084.6725087,212460,"https://s3-ap-southeast-2.amazonaws.com/data-collection.spotparking.com.au/production/raw-data-points/22180cb7ee44e5bc288c0cec3117eb29e7f76c1ac52190f8c0-md.jpg","Metered Parking","both","Max Dur. 1 hour 8:30a - 6:00p M-F; Max Dur. 1 hour 8:30a - 4:30p Sa, No Of Bays: 11","","","","","","","","",""
"ce237b0e-e84b-40fe-b143-d0b0c2ad5ba3",331505.21750141,6259091.4011391,212462,"https://s3-ap-southeast-2.amazonaws.com/data-collection.spotparking.com.au/production/raw-data-points/b1cf9f374695067f925f255fcfc1d47860b6220ebb684d3358-md.jpg","Metered Parking","left","Max Dur. 1 hour 8:30a - 6:00p M-F; Max Dur. 1 hour 8:30a - 4:30p Sa, No Of Bays: 11","No Parking","right","Authorised Car Share: Car Share, No Of Bays: 1","","","","","",""
"fe1c2e54-b271-4c8f-81e9-07c35cd2b265",331508.07880938,6259092.1109946,212624,"https://s3-ap-southeast-2.amazonaws.com/data-collection.spotparking.com.au/production/raw-data-points/e6fc9840cbdc89304e2475251e39f6643b03fd526d5e3d8bbf-md.jpg","Loading Zone","right","","No Parking","left","Authorised Car Share: Car Share, No Of Bays: 1","","","","","",""
"2f5fe008-cfa8-41fa-94ba-baf382d69ecb",331522.04726962,6259097.6898591,212626,"https://s3-ap-southeast-2.amazonaws.com/data-collection.spotparking.com.au/production/raw-data-points/3105a68f468e283124d8f344848640e870ff4d68e72619334a-md.jpg","No Stopping","right","","Loading Zone","left","","","","","","",""
"3eed04e3-eca9-4bfe-869f-568d03d211ef",331529.74888819,6259101.4890857,212627,"https://s3-ap-southeast-2.amazonaws.com/data-collection.spotparking.com.au/production/raw-data-points/f870086205531a82bb6c584272b7c0f1db110fd6c8b80fb5b6-md.jpg","No Stopping","both","","","","","","","","","",""
"f90e7908-5b80-4e9f-8b6a-c5acdb8ee5c5",331417.4075055,6258604.5302403,211543,"https://s3-ap-southeast-2.amazonaws.com/data-collection.spotparking.com.au/production/raw-data-points/1596265b295e370c0fd5e688dd165747f5ab10884eb0fe4d78-md.jpg","","","","","","","","","","","",""
"694579a3-e6af-4b8c-8a9b-2f7c8363fea1",331405.23663932,6258632.7045055,211544,"https://s3-ap-southeast-2.amazonaws.com/data-collection.spotparking.com.au/production/raw-data-points/7f274117ca32a890a3b4d8c47848f89c8d7852114cf2502ce3-md.jpg","No Stopping","both","","Clearway","both","6:00a - 7:00p M-F; 9:00a - 6:00p Sa-Su inc. Public Holidays","","","","","",""
"9d4f61ec-4be6-40ee-9ae7-3c64df039c5a",331399.22541883,6258648.6912514,211545,"https://s3-ap-southeast-2.amazonaws.com/data-collection.spotparking.com.au/production/raw-data-points/ac294cc5186e22e3930a3287d25c75296c358fb3d3282d01cd-md.jpg","","","","","","","","","","","",""
"483c552c-f4f8-4d0f-a056-e72d56d2615d",331837.99503967,6258969.2560014,207485,"https://s3-ap-southeast-2.amazonaws.com/data-collection.spotparking.com.au/production/raw-data-points/4eec0418dafda6c665ee4f35db310c7d39de4ac4f3e898362b-md.jpg","Taxi Zone","right","6:00p - 11:00p","No Stopping","left","","Loading Zone","right","5:30a - 6:00p","","",""
"6a6a2dd7-f8dd-4d0b-a1b1-619c60e14f5c",331861.33077902,6258975.1148089,207486,"https://s3-ap-southeast-2.amazonaws.com/data-collection.spotparking.com.au/production/raw-data-points/d69c4bba12354f103f1f21864eae1d0644f5d52ced88fd2347-md.jpg","Taxi Zone","left","6:00p - 11:00p","No Stopping","right","","Loading Zone","left","5:30a - 6:00p","","",""
"ba1f811a-55ed-4ff0-9467-60b9b6593a0b",331896.1364878,6258986.3825154,207487,"https://s3-ap-southeast-2.amazonaws.com/data-collection.spotparking.com.au/production/raw-data-points/869306f92acbaaf22d6716da21b5c80a1824ec3f7f5738dfd4-md.jpg","No Stopping","left","","Bus Zone","right","","","","","","",""
"a99863d3-fe8a-4573-a6ee-9d5581a7d912",331920.50295769,6258996.2305108,207488,"https://s3-ap-southeast-2.amazonaws.com/data-collection.spotparking.com.au/production/raw-data-points/579b6678c32d0734d38da2a2b6a54eccbc1cc455c887e7bac3-md.jpg","Bus Zone","left","","Metered Parking","right","Max Dur. 1 hour 8:30a - 6:00p M-F; Max Dur. 1 hour 8:30a - 4:30p Sa-Su, No Of Bays: 10","","","","","",""
"18557e00-00c4-4b57-b090-56a2ff76350e",331946.04858332,6259009.2078693,207489,"https://s3-ap-southeast-2.amazonaws.com/data-collection.spotparking.com.au/production/raw-data-points/49830b535182c78277d1b0a6dd461ad308adb848dceb8d901e-md.jpg","","","","","","","","","","","",""
"ab56f439-0ebb-4e40-9d58-cb501ffcf3c3",331949.9900969,6259010.72756,207545,"https://s3-ap-southeast-2.amazonaws.com/data-collection.spotparking.com.au/production/raw-data-points/6631186723a8d4e47b0e5e52fa23daefce23b8ea314f96aa67-md.jpg","Metered Parking","both","Max Dur. 1 hour 8:30a - 6:00p M-F; Max Dur. 1 hour 8:30a - 4:30p Sa-Su, No Of Bays: 10","","","","","","","","",""
"a267c2ef-3966-4e53-bbfa-7b65be62750b",331983.91350033,6259019.4257895,207546,"https://s3-ap-southeast-2.amazonaws.com/data-collection.spotparking.com.au/production/raw-data-points/9681b2c331beeddfb4454863c266b32fd141ec75d98f02c5b5-md.jpg","No Stopping","right","","Metered Parking","left","Max Dur. 1 hour 8:30a - 6:00p M-F; Max Dur. 1 hour 8:30a - 4:30p Sa-Su, No Of Bays: 10","","","","","",""
"762e8ec7-383f-4149-a490-716ab11d7b66",331422.60238741,6259185.5719709,211646,"https://s3-ap-southeast-2.amazonaws.com/data-collection.spotparking.com.au/production/raw-data-points/8d270059e0fcdbdf505c221eaa4fb9318eca6867dce6a76025-md.jpg","No Stopping","both","","","","","","","","","",""
"c6f1936f-d048-442a-a43c-b8f0ad0836f2",331404.81610126,6259196.0098463,211647,"https://s3-ap-southeast-2.amazonaws.com/data-collection.spotparking.com.au/production/raw-data-points/fc6d2d5f1c051dd7d2f3e20dd80c3cd9f60c657a79fe4f8a70-md.jpg","No Stopping","both","","","","","","","","","",""
"e7d075ac-df43-42b9-bedc-71bf44f75286",331902.27139595,6258797.5709474,205198,"https://s3-ap-southeast-2.amazonaws.com/data-collection.spotparking.com.au/production/raw-data-points/3b1a0b977c0dee924fd19b2e411222bdcad344dde274f45ab3-md.jpg","No Stopping","left","","No Stopping","right","Taxis, Exception Duration Limit: 1","","","","","",""
"e2932362-1da4-4b17-bb4a-eef7f7f71d42",331921.83053862,6258805.5693194,205199,"https://s3-ap-southeast-2.amazonaws.com/data-collection.spotparking.com.au/production/raw-data-points/77ecc35c755dcae3e7c70e632714dcb23aa307f0a04214cda9-md.jpg","No Stopping","left","Exception Duration Limit: 1, Taxis","No Parking","right","","Truck Zone","right","Max Dur. undefined 9:30a - 3:30p M-F","","",""
"0e2a6461-4b43-40d6-8492-b7c5a58362be",331956.24044687,6258818.6066656,205200,"https://s3-ap-southeast-2.amazonaws.com/data-collection.spotparking.com.au/production/raw-data-points/999106eda6cc8a2a0a3c148a1ece72036e285aa4d3f8733b9d-md.jpg","Truck Zone","left","Max Dur. undefined 9:30a - 3:30p M-F","No Stopping","right","","No Parking","left","","","",""
"f70fbcd4-63e1-47ec-807c-f4978f9f88e1",331973.36706547,6258825.1153408,205201,"https://s3-ap-southeast-2.amazonaws.com/data-collection.spotparking.com.au/production/raw-data-points/ee50faea650bd991d89c72b613026e60f294ebcf804b3b4449-md.jpg","No Stopping","both","","","","","","","","","",""
"a739ea7d-4c1c-4319-b6ff-d50e1b15b755",331906.45203901,6259216.1857396,206955,"https://s3-ap-southeast-2.amazonaws.com/data-collection.spotparking.com.au/production/raw-data-points/a902df573c8bd0d388dad91c460f7deba7ae550eb81dafba31-md.jpg","No Stopping","left","","Disabled Parking","right","No Of Bays: 2","","","","","",""
"fe163383-3486-4f7e-b56d-e9f5a110b9bc",331893.6792262,6259211.0767795,206956,"https://s3-ap-southeast-2.amazonaws.com/data-collection.spotparking.com.au/production/raw-data-points/c15ffed85a09910c2dadb2c12a0d4050da6124d9a669f484eb-md.jpg","No Parking","right","8:00a - 8:55a M-F School Days Only; 2:30p - 4:00p M-F School Days Only","Restricted Parking","right","Max Dur. 2 hours 8:55a - 2:30p M-F; Max Dur. 2 hours 8:30a - 6:00p Sa-Su","Disabled Parking","left","No Of Bays: 2","","",""
"2ccff86a-39c5-4ee6-a417-b7a0b5c42436",331877.27824189,6259205.1279903,206957,"https://s3-ap-southeast-2.amazonaws.com/data-collection.spotparking.com.au/production/raw-data-points/b2ad3c51d36a9b51cf6efcd09ab46b050f29d3c517d95cf447-md.jpg","Restricted Parking","both","Max Dur. 2 hours 8:55a - 2:30p M-F; Max Dur. 2 hours 8:30a - 6:00p Sa-Su","No Parking","both","8:00a - 8:55a M-F School Days Only; 2:30p - 4:00p M-F School Days Only","","","","","",""
"f5ec39c8-dd8a-4357-949c-8c7d5735fa88",331854.46199073,6259196.2997873,206958,"https://s3-ap-southeast-2.amazonaws.com/data-collection.spotparking.com.au/production/raw-data-points/ec4a9eb4312f85e7815f0d71dd199ce3ec3838941184777484-md.jpg","Restricted Parking","both","Max Dur. 2 hours 8:55a - 2:30p M-F; Max Dur. 2 hours 8:30a - 6:00p Sa-Su","No Parking","both","8:00a - 8:55a M-F School Days Only; 2:30p - 4:00p M-F School Days Only","","","","","",""
"2f968d84-7344-4f80-b574-af7f9150fb91",331831.94258995,6259187.5715639,206959,"https://s3-ap-southeast-2.amazonaws.com/data-collection.spotparking.com.au/production/raw-data-points/a20c326c5a7654f6a98f44fb3e62b275a4eb1984acaf1efa76-md.jpg","No Parking","both","8:00a - 8:55a M-F School Days Only; 2:30p - 4:00p M-F School Days Only","Restricted Parking","both","Max Dur. 2 hours 8:55a - 2:30p M-F; Max Dur. 2 hours 8:30a - 6:00p Sa-Su","","","","","",""
"e7850b74-1b78-424f-b253-13420820f371",331819.07082701,6259182.0226934,206960,"https://s3-ap-southeast-2.amazonaws.com/data-collection.spotparking.com.au/production/raw-data-points/b41ebfef52ff01370ed16fd99a3c57fbe3b46bd9c36fa91dd4-md.jpg","No Stopping","right","","No Parking","left","8:00a - 8:55a M-F School Days Only; 2:30p - 4:00p M-F School Days Only","Restricted Parking","left","Max Dur. 2 hours 8:55a - 2:30p M-F; Max Dur. 2 hours 8:30a - 6:00p Sa-Su","","",""
"ba83314c-133d-4d71-93ee-49896cfd77b2",331809.77776049,6259177.6435847,206961,"https://s3-ap-southeast-2.amazonaws.com/data-collection.spotparking.com.au/production/raw-data-points/18a1961414a66117acec806ba246614ad792dda66d8deba4da-md.jpg","No Stopping","both","","","","","","","","","",""
"a33cf5cd-a9b2-4289-9715-a6f555c4e1b1",331959.95932265,6259106.8579929,206922,"https://s3-ap-southeast-2.amazonaws.com/data-collection.spotparking.com.au/production/raw-data-points/ca43d80b7ca402c55cfb566b3be1928981bb4ff5fa4e418074-md.jpg","No Stopping","both","","","","","","","","","",""
"5ba77dfe-aa7b-4b31-9e82-6eb94321df7f",331936.31848705,6259097.5698835,206923,"https://s3-ap-southeast-2.amazonaws.com/data-collection.spotparking.com.au/production/raw-data-points/df6ff7a77b2c3031ff276271117ae17e2239c126591c151acf-md.jpg","No Stopping","both","","","","","","","","","",""
"1ccfcf72-9217-4d00-8889-1656e63a91c7",331922.07791395,6259092.3209519,206924,"https://s3-ap-southeast-2.amazonaws.com/data-collection.spotparking.com.au/production/raw-data-points/420def1ef39273c58ff493104e7f8e0e5e18d20b91a6204a3b-md.jpg","No Stopping","both","","","","","","","","","",""
"0d455775-6ab3-493c-a99a-54eec778f055",331338.89057611,6258928.6142739,211694,"https://s3-ap-southeast-2.amazonaws.com/data-collection.spotparking.com.au/production/raw-data-points/17df7b92970d08ed7f0144ba0f93bab5415aff9220ab6e5aae-md.jpg","Towaway","both","Inferred","No Stopping","both","","","","","","",""
"426584d8-c85c-420e-bfd5-19862b331c9d",331338.71741338,6258921.5057208,211695,"https://s3-ap-southeast-2.amazonaws.com/data-collection.spotparking.com.au/production/raw-data-points/3ced845bbbe73428c0f8a6426787e378788d7d3496cdec11f4-md.jpg","Clearway","both","6:00a - 7:00p M-F; 9:00a - 6:00p Sa-Su inc. Public Holidays, Inferred","","","","","","","","",""
"b86c06c2-a80e-4221-a097-9b88b95ee21b",331343.9700162,6258882.5536494,211696,"https://s3-ap-southeast-2.amazonaws.com/data-collection.spotparking.com.au/production/raw-data-points/cafb54192a0a665be75efec05cd30c2bc9ad335e9b96a0c991-md.jpg","Clearway","both","6:00a - 7:00p M-F; 9:00a - 6:00p Sa-Su inc. Public Holidays, Inferred","No Stopping","both","","Towaway","both","Inferred","","",""
"70b4353d-6296-48b7-b85f-1af377314bfb",331541.58167476,6259118.5656099,212635,"https://s3-ap-southeast-2.amazonaws.com/data-collection.spotparking.com.au/production/raw-data-points/c4a60587c76b701393e75d3e6fa1f8cac647b486210f012a3b-md.jpg","Metered Parking","right","Max Dur. 1 hour 8:30a - 6:00p M-F; Max Dur. 1 hour 8:30a - 4:30p Sa","No Stopping","left","","","","","","",""
"709c494b-a48e-49eb-9094-3b4a4b133573",331540.42725655,6259127.3038312,212637,"https://s3-ap-southeast-2.amazonaws.com/data-collection.spotparking.com.au/production/raw-data-points/ba14b3835e5ff287ec5aa1c2ed8f23c3228dba23dd446ac62e-md.jpg","Metered Parking","both","Max Dur. 1 hour 8:30a - 6:00p M-F; Max Dur. 1 hour 8:30a - 4:30p Sa","","","","","","","","",""
"bec671f4-18f4-4347-a4d6-e74273e44dab",331537.46699845,6259147.8796431,212638,"https://s3-ap-southeast-2.amazonaws.com/data-collection.spotparking.com.au/production/raw-data-points/da0a5db5cf37f46693510029cba303912d2c84fa148cf74d64-md.jpg","","","","","","","","","","","",""
"bdc3aaa1-96c5-4fb6-b07a-2a1a19d262ff",331532.4865085,6259161.876794,212639,"https://s3-ap-southeast-2.amazonaws.com/data-collection.spotparking.com.au/production/raw-data-points/a55469e922caf040f4900eec6542ac2f7e4e543d4db54f4c94-md.jpg","Metered Parking","both","Max Dur. 1 hour 8:30a - 6:00p M-F; Max Dur. 1 hour 8:30a - 4:30p Sa","","","","","","","","",""
"76b6772f-2cb7-4cfa-a6b6-2da8fd2e6100",331527.53900192,6259169.8851639,212640,"https://s3-ap-southeast-2.amazonaws.com/data-collection.spotparking.com.au/production/raw-data-points/8b703a3afe31024820ea8b845b662cf8c0564b085bb51594ac-md.jpg","Metered Parking","left","Max Dur. 1 hour 8:30a - 6:00p M-F; Max Dur. 1 hour 8:30a - 4:30p Sa","No Stopping","right","","","","","","",""
"5fbe71f0-1648-4f25-9e85-4dfda1ffc7bb",331662.96874864,6258985.2527453,207469,"https://s3-ap-southeast-2.amazonaws.com/data-collection.spotparking.com.au/production/raw-data-points/f1e7b9b9688b4b7e82aead8f376a783193589e07a391a503fa-md.jpg","No Stopping","left","","No Parking","right","","","","","","",""
"de37d609-1ca1-4be6-8838-3e45f38d900f",331676.95370056,6258990.0417705,207470,"https://s3-ap-southeast-2.amazonaws.com/data-collection.spotparking.com.au/production/raw-data-points/0decf7f47805ff0bf79b4d46ab83f888cb2292331f4206268e-md.jpg","No Parking","left","","No Stopping","right","","","","","","",""
"3a87134e-7964-46a4-ba72-676bedfc9700",331685.69429552,6258993.4210827,207471,"https://s3-ap-southeast-2.amazonaws.com/data-collection.spotparking.com.au/production/raw-data-points/85bcfc676ae88a334620059cf86a4623087c52448c197ae3e0-md.jpg","No Stopping","left","","Taxi Zone","right","","","","","","",""
"de798cc6-6ef3-449d-9396-bdebf5e1fb33",331701.88913372,6258999.8097823,207472,"https://s3-ap-southeast-2.amazonaws.com/data-collection.spotparking.com.au/production/raw-data-points/6a157bdda0a14e14749b54b5fa62050e92326333be51789f8e-md.jpg","Bus Zone","right","","Taxi Zone","left","","","","","","",""
"e610dc2d-8ad9-49a9-8680-dc22855691af",331712.44381441,6259004.2088868,207473,"https://s3-ap-southeast-2.amazonaws.com/data-collection.spotparking.com.au/production/raw-data-points/1b030e03ca499533b338fad8d8dd4015f10ba49e77c01d5d16-md.jpg","Bus Zone","both","","","","","","","","","",""
"4791c2a3-cfc5-4953-9ff7-df000ce6ae80",331719.79910753,6259006.9983191,207474,"https://s3-ap-southeast-2.amazonaws.com/data-collection.spotparking.com.au/production/raw-data-points/092367c16b7f163dcdb39038f7a6315c30c94d1b7e76b8c147-md.jpg","","","","","","","","","","","",""
"87998b3c-0ee6-4a20-b2fb-4ea8d1e4aec0",331735.0951487,6259012.9271123,207475,"https://s3-ap-southeast-2.amazonaws.com/data-collection.spotparking.com.au/production/raw-data-points/45dc8438e9ed07e9d13e0201feb6c098b413ac6f26ff2af98a-md.jpg","No Stopping","right","","Bus Zone","left","","","","","","",""
"fbc17318-881e-4533-b762-5726ced28bac",331742.34324583,6259016.2764305,207476,"https://s3-ap-southeast-2.amazonaws.com/data-collection.spotparking.com.au/production/raw-data-points/e993031cea548f5bdee6e57c2c6329123863419c2f178be970-md.jpg","No Stopping","left","","Metered Parking","right","Max Dur. 1 hour 8:30a - 6:00p M-F; Max Dur. 1 hour 8:30a - 4:30p Sa-Su","","","","","",""
"4cfd7a9e-9aa4-4a87-b090-d76882224d04",331761.72097993,6259025.274599,207477,"https://s3-ap-southeast-2.amazonaws.com/data-collection.spotparking.com.au/production/raw-data-points/17a95ac24fc2a7f613539c5a46a2474b863b95e00df1a7bfe4-md.jpg","No Stopping","right","","Metered Parking","left","Max Dur. 1 hour 8:30a - 6:00p M-F; Max Dur. 1 hour 8:30a - 4:30p Sa-Su","","","","","",""
"9d5501cd-bc30-4ca7-a04a-80748c2f542a",331473.52047594,6258516.0082587,211506,"https://s3-ap-southeast-2.amazonaws.com/data-collection.spotparking.com.au/production/raw-data-points/552f4afc47b508970b1a7dbedf8f2f885a614cc11442a12a28-md.jpg","No Stopping","left","","Bus Zone","right","","Clearway","both","6:00a - 7:00p M-F; 9:00a - 6:00p Sa-Su inc. Public Holidays","","",""
"22dec28f-dc8d-4f9d-bf8e-b79efc55a02b",331480.64488541,6258495.7223878,211507,"https://s3-ap-southeast-2.amazonaws.com/data-collection.spotparking.com.au/production/raw-data-points/56f1470b739eafca47e8d37075bbf5b5f1d1ac784117a61a8b-md.jpg","No Parking","right","","Bus Zone","left","","Clearway","both","6:00a - 7:00p M-F; 9:00a - 6:00p Sa-Su inc. Public Holidays","","",""
"8e5d6446-e8a5-4ffe-88fe-423c9989343e",331493.99490732,6258436.6044211,211508,"https://s3-ap-southeast-2.amazonaws.com/data-collection.spotparking.com.au/production/raw-data-points/8ac5ea83aea5850a4f5521671ab184cab6ac02b1fc478735bc-md.jpg","Clearway","both","6:00a - 7:00p M-F; 9:00a - 6:00p Sa-Su inc. Public Holidays","No Parking","both","","","","","","",""
"88adb6f9-fa70-4919-ba57-70a887f0b5c5",331463.75739629,6258634.4041595,210793,"https://s3-ap-southeast-2.amazonaws.com/data-collection.spotparking.com.au/production/raw-data-points/96779c41174de83a94e8860c7d8fc91b8709406cdb7c1a05c6-md.jpg","No Stopping","both","","","","","","","","","",""
"e528fe08-3f4c-475b-8e29-8601b8447d6d",331449.27769371,6258672.6463754,210794,"https://s3-ap-southeast-2.amazonaws.com/data-collection.spotparking.com.au/production/raw-data-points/e524069c3350cff86e9ffecd978347f42cbbc792928e979fdf-md.jpg","No Stopping","both","","","","","","","","","",""
"e63fe939-a8d3-4009-aea8-bc09dff456a5",331442.43364294,6258688.2831926,210795,"https://s3-ap-southeast-2.amazonaws.com/data-collection.spotparking.com.au/production/raw-data-points/5eb457bc16713282658a538c40cec26e9ba3e83ac14f113913-md.jpg","No Stopping","both","","","","","","","","","",""
"4d1901eb-b136-4d32-b93a-3eee27a7aeff",332297.75858008,6258952.8493409,205232,"https://s3-ap-southeast-2.amazonaws.com/data-collection.spotparking.com.au/production/raw-data-points/d2177d505511c0da9dd9194325259a8b41e164f041662f4dde-md.jpg","No Stopping","left","","","","","","","","","",""
"586199d0-1021-424b-989d-37d866cde52a",332337.68495816,6258968.8560828,205233,"https://s3-ap-southeast-2.amazonaws.com/data-collection.spotparking.com.au/production/raw-data-points/fd8c8e882fce619f14494670ba6f71401e6338b553e9d3820f-md.jpg","No Stopping","right","","","","","","","","","",""
"a6a65bd1-3249-4005-915a-e060d1a1a85b",331817.39692061,6259187.9814805,206964,"https://s3-ap-southeast-2.amazonaws.com/data-collection.spotparking.com.au/production/raw-data-points/5107fef3f1bb43f7eee2644278ad89489506dc96634203aa7e-md.jpg","Restricted Parking","right","Max Dur. 2 hours 8:30a - 6:00p M-F; Max Dur. 2 hours 8:30a - 4:30p Sa-Su, No Of Driveways: 5","No Stopping","left","","","","","","",""
"c9e634c6-70ce-4355-a564-3e76aa225bfa",331839.80912541,6259196.8196815,206965,"https://s3-ap-southeast-2.amazonaws.com/data-collection.spotparking.com.au/production/raw-data-points/dc3a06d943ebe774af24d7f05db352b36587c04efd1c840207-md.jpg","Restricted Parking","both","Max Dur. 2 hours 8:30a - 6:00p M-F; Max Dur. 2 hours 8:30a - 4:30p Sa-Su, No Of Driveways: 5","","","","","","","","",""
"d36d7fc3-f423-48c1-94a1-746130be845e",331855.00621645,6259202.8484543,206966,"https://s3-ap-southeast-2.amazonaws.com/data-collection.spotparking.com.au/production/raw-data-points/41324cd88b75086028e9244f3fe90b8d54bcdb8ad08f2a2150-md.jpg","Restricted Parking","both","Max Dur. 2 hours 8:30a - 6:00p M-F; Max Dur. 2 hours 8:30a - 4:30p Sa-Su, No Of Driveways: 5","","","","","","","","",""
"938ee282-3717-4caa-b514-e62403d17a52",331883.78421304,6259214.0061832,206967,"https://s3-ap-southeast-2.amazonaws.com/data-collection.spotparking.com.au/production/raw-data-points/41d8c0a33f233dcab43e6f8fb14aa58c5e56d9e0e295679f03-md.jpg","Restricted Parking","both","Max Dur. 2 hours 8:30a - 6:00p M-F; Max Dur. 2 hours 8:30a - 4:30p Sa-Su, No Of Driveways: 5","","","","","","","","",""
"5af80efe-6723-4bc9-a40e-d94ad61a1668",331898.42058667,6259219.9249785,206968,"https://s3-ap-southeast-2.amazonaws.com/data-collection.spotparking.com.au/production/raw-data-points/5b051887151c04e4fd19dd7bf87a89484bb6aafb9ee134a91e-md.jpg","No Stopping","right","","Restricted Parking","left","Max Dur. 2 hours 8:30a - 6:00p M-F; Max Dur. 2 hours 8:30a - 4:30p Sa-Su, No Of Driveways: 5","","","","","",""
"5bc6dd14-b287-4333-9219-5ad285fa69d7",331922.04493058,6259260.4967202,207020,"https://s3-ap-southeast-2.amazonaws.com/data-collection.spotparking.com.au/production/raw-data-points/42193b3fd23aa64c7ed489a917fc35316e9623d5c0ef88a0f3-md.jpg","No Stopping","both","","","","","","","","","",""
"b918c8b5-1eef-4a48-a3dd-3eb352a5aea1",331934.25702598,6259229.762976,207021,"https://s3-ap-southeast-2.amazonaws.com/data-collection.spotparking.com.au/production/raw-data-points/c5c62cdaf499a532e35b7db9084e18074cc6a25d2793251727-md.jpg","No Parking","right","","No Stopping","left","","","","","","",""
"5bd36bf4-48ee-47e4-9463-68519114f4d0",331943.08007938,6259207.7374592,207022,"https://s3-ap-southeast-2.amazonaws.com/data-collection.spotparking.com.au/production/raw-data-points/ad1d88e0bf26ff54b0ee5b120e9d9caaab00e1af507229aab2-md.jpg","No Parking","left","","No Stopping","right","","","","","","",""
"afd64eaf-94f6-41ae-bcf3-0c044433c2f6",331955.77867959,6259176.0039185,207023,"https://s3-ap-southeast-2.amazonaws.com/data-collection.spotparking.com.au/production/raw-data-points/c5ce5f58905d24fe81269a9a1f1f29935aefa0122d1e6eabb6-md.jpg","No Stopping","both","","","","","","","","","",""
"ef3b607b-6b2e-43b1-8b95-c141584e0b82",331969.47502697,6259140.4111633,207024,"https://s3-ap-southeast-2.amazonaws.com/data-collection.spotparking.com.au/production/raw-data-points/0aa91321c74a630ce9c36a8c745d97974a150cdb46b551cdb9-md.jpg","No Stopping","both","","","","","","","","","",""
"fa52b2fc-073a-455d-b11f-9ba7c5e939c5",331985.84302789,6259098.8896149,207025,"https://s3-ap-southeast-2.amazonaws.com/data-collection.spotparking.com.au/production/raw-data-points/62d28e305c649b4a8d721ca36ba2e9383de24dbeb942b17234-md.jpg","No Stopping","both","","","","","","","","","",""
"155490f3-7da0-4ec1-9d8f-0cf49ad05b45",331856.89451479,6258916.4567485,206853,"https://s3-ap-southeast-2.amazonaws.com/data-collection.spotparking.com.au/production/raw-data-points/2c77bddb2de29bf1311501efedda8d259d9f175009f5e4585d-md.jpg","No Stopping","both","","","","","","","","","",""
"b144da2d-e679-41cb-8bf3-5bf00717a0c3",331875.20028913,6258924.0052121,206854,"https://s3-ap-southeast-2.amazonaws.com/data-collection.spotparking.com.au/production/raw-data-points/bb76a436199d5f12232e5bb73f7e4a193adbec7c2950069387-md.jpg","No Stopping","both","","","","","","","","","",""
"74224fbf-d61a-47b1-b836-2b31bb10a169",331900.03677215,6259317.3451489,207000,"https://s3-ap-southeast-2.amazonaws.com/data-collection.spotparking.com.au/production/raw-data-points/54fa3d3381ef7885b2030bb15472544fca6d280d0543e246e1-md.jpg","No Parking","both","","","","","","","","","",""
"116cc58b-9a15-40e1-aa97-be1ccba96087",331908.00225774,6259296.7393431,207001,"https://s3-ap-southeast-2.amazonaws.com/data-collection.spotparking.com.au/production/raw-data-points/bb4e1defc3aba2b68cc046a6d4886d55d185cbd9bebd285b88-md.jpg","No Stopping","right","","No Parking","left","","","","","","",""
"0276616b-3b5c-4a24-9603-ce9c8ac861d9",331272.64346304,6258783.3338453,211600,"https://s3-ap-southeast-2.amazonaws.com/data-collection.spotparking.com.au/production/raw-data-points/810e239dd73b57f8b094a299e2b80241fdb8ee15d6324bc776-md.jpg","No Stopping","both","","","","","","","","","",""
"c150c4af-535c-48dd-bd7f-e15b160bee0b",331261.89912792,6258814.1975631,211601,"https://s3-ap-southeast-2.amazonaws.com/data-collection.spotparking.com.au/production/raw-data-points/f495adbebdbb7daaa100504396d9aef17edda1380e3a78fbe4-md.jpg","No Stopping","both","","","","","","","","","",""
"1e93eb8b-007e-4767-89bd-7010f785ac5e",331244.48390477,6258867.7066715,211602,"https://s3-ap-southeast-2.amazonaws.com/data-collection.spotparking.com.au/production/raw-data-points/87fb5f3061ee54eeee1651fa1c09727c047ddc47a9f8a56664-md.jpg","No Stopping","both","","","","","","","","","",""
"f7b39053-0172-4ad7-b14f-d85cc7e62311",331211.17893966,6258969.0460441,211603,"https://s3-ap-southeast-2.amazonaws.com/data-collection.spotparking.com.au/production/raw-data-points/4f76bf9ad5ce7ababf7e5f2abbbc3d9205b0c13202fac928f2-md.jpg","No Stopping","both","","","","","","","","","",""
"86a44165-a33e-498e-ab83-2b978e4ae1d3",331902.11472491,6259288.211079,206995,"https://s3-ap-southeast-2.amazonaws.com/data-collection.spotparking.com.au/production/raw-data-points/633d9bd87745f611c58ebb7fd2123870e0deeaf00fde6fc174-md.jpg","No Parking","right","","No Stopping","left","","","","","","",""
"9d0f7fe0-d8d4-4e78-9d78-71fb5b0521c8",331895.70770389,6259305.5175563,206996,"https://s3-ap-southeast-2.amazonaws.com/data-collection.spotparking.com.au/production/raw-data-points/d72bf6c012702773bfeb37eeabc4bf92ffb6dabde7d5a5dedb-md.jpg","No Parking","left","","No Stopping","right","","","","","","",""
"b42e52b6-deb7-4661-96e0-af47d334b076",331723.52622915,6258875.0651737,207627,"https://s3-ap-southeast-2.amazonaws.com/data-collection.spotparking.com.au/production/raw-data-points/d0eca7ce35c8a0859c56f31137e12e75dd6905b11ddf9bcdfc-md.jpg","Motorbikes Only","left","","No Stopping","right","","","","","","",""
"b32c2f73-b206-4295-9d93-ab7b892983ca",331716.90481618,6258872.3857191,207628,"https://s3-ap-southeast-2.amazonaws.com/data-collection.spotparking.com.au/production/raw-data-points/33fe81c1686d6d73025783fa3f4311d838a24b74ffa8afe85b-md.jpg","Motorbikes Only","right","","No Stopping","left","","","","","","",""
"e304c07d-f9bb-40d7-bfce-b5dd3abd0f04",331711.47905063,6258870.1861668,207629,"https://s3-ap-southeast-2.amazonaws.com/data-collection.spotparking.com.au/production/raw-data-points/1ee275bcf7e7663751b802584183b9f5e454ee498612f84838-md.jpg","No Stopping","right","","Loading Zone","left","","","","","","",""
"f9215d7b-9c6f-4bcd-a99a-42eed5540f9e",331707.06752393,6258868.5664965,207630,"https://s3-ap-southeast-2.amazonaws.com/data-collection.spotparking.com.au/production/raw-data-points/c20f50919ab55dda3020112d0d31630d1d05e5dc01fc67bb24-md.jpg","","","","","","","","","","","",""
"ecbf3c88-aa48-46e4-ab1e-5a9d8913f26d",331701.9056254,6258866.5868994,207631,"https://s3-ap-southeast-2.amazonaws.com/data-collection.spotparking.com.au/production/raw-data-points/afe8d26f1de7cab337ee4a3b1af82ca470c21c8f75f775f950-md.jpg","Loading Zone","both","","","","","","","","","",""
"c28274fd-fc84-4d34-a96a-0a13a0a461c0",331695.64702958,6258864.137398,207632,"https://s3-ap-southeast-2.amazonaws.com/data-collection.spotparking.com.au/production/raw-data-points/f5f50e5cd0a268cf3a664fc42dfe308cdfb595879c93abf22e-md.jpg","No Stopping","left","","Loading Zone","right","","","","","","",""
"d92f7a74-28fe-48b2-9faa-d52c7a7d513f",331204.88736046,6258979.8238503,211606,"https://s3-ap-southeast-2.amazonaws.com/data-collection.spotparking.com.au/production/raw-data-points/dc7550ae9f30ab77d49b7939ac0928c80b573acff345cd11e9-md.jpg","No Stopping","both","","","","","","","","","",""
"4228f751-f8b6-4507-903c-a448918b11ba",331211.79737798,6258956.8685228,211607,"https://s3-ap-southeast-2.amazonaws.com/data-collection.spotparking.com.au/production/raw-data-points/c550d2bd29cd4d60993042c558df2118dc0d2f62de8235ad7e-md.jpg","No Stopping","both","","","","","","","","","",""
"7b57787d-fd19-44fd-9d61-08c32f9760cc",331216.01925026,6258942.1915103,211608,"https://s3-ap-southeast-2.amazonaws.com/data-collection.spotparking.com.au/production/raw-data-points/8b208ca9e58b5a11f1754fa47d355ddd21baeb0b18019ef453-md.jpg","No Stopping","both","","","","","","","","","",""
"b437ee1c-cd50-48db-b3a1-f5d64636e1a0",331226.16163874,6258907.8684967,211609,"https://s3-ap-southeast-2.amazonaws.com/data-collection.spotparking.com.au/production/raw-data-points/f908d445e03d067f289fe4109d109d4ce34401bb1ead56decf-md.jpg","No Stopping","both","","","","","","","","","",""
"f67560ac-4fbf-4810-b66b-a79d52f09cd2",331237.21931594,6258874.8952083,211610,"https://s3-ap-southeast-2.amazonaws.com/data-collection.spotparking.com.au/production/raw-data-points/b7dac848b3e3049765085f7a5aaf9bd8a8bdb8bb568e4ee9c3-md.jpg","No Stopping","both","","","","","","","","","",""
"40102c6a-980b-48d1-8429-68bd70d299e0",331247.1885417,6258841.022103,211611,"https://s3-ap-southeast-2.amazonaws.com/data-collection.spotparking.com.au/production/raw-data-points/ef46da10600fa74cdf3e53eccea57ab06c7343fe82556b10f7-md.jpg","No Stopping","both","","","","","","","","","",""
"298f9c85-0af9-45c6-902c-e985c4ec491f",331258.47710254,6258803.9396511,211612,"https://s3-ap-southeast-2.amazonaws.com/data-collection.spotparking.com.au/production/raw-data-points/8812b2d71c16dad83e9ae4d9199e5f6ebc964e88a06784ed67-md.jpg","No Stopping","both","","","","","","","","","",""
"e838b4a3-8518-46b2-8e3a-296f9b870dcc",331505.20925557,6259169.2752881,212643,"https://s3-ap-southeast-2.amazonaws.com/data-collection.spotparking.com.au/production/raw-data-points/6075e66d7df4f2e1fc8000e4f3e28dbb7a034064a945966ad3-md.jpg","No Stopping","left","","Works Zone","right","6:00a - 5:00p M-F","Metered Parking","right","Max Dur. 1 hour 8:00a - 4:30p Sa","","",""
"0693505a-dbf7-4f22-924c-2cfaf6493e5e",331498.22502545,6259166.5958335,212644,"https://s3-ap-southeast-2.amazonaws.com/data-collection.spotparking.com.au/production/raw-data-points/07611db7861de13f814c7f6efec58613637090c967aa6e4138-md.jpg","","","","","","","","","","","",""
"5f4105fb-1bc2-4f33-b150-91802a26a246",331494.54737889,6259165.2061163,212645,"https://s3-ap-southeast-2.amazonaws.com/data-collection.spotparking.com.au/production/raw-data-points/8dcf038c422ab34454924a530d22e6c0582c3ab7e4e650108c-md.jpg","Works Zone","left","6:00a - 5:00p M-F","Metered Parking","right","Max Dur. 1 hour 8:30a - 6:00p M-F; Max Dur. 1 hour 8:30a - 4:30p Sa","Metered Parking","left","Max Dur. 1 hour 8:00a - 4:30p Sa","","",""
"1de025cf-087b-4972-ba1c-700d487445ae",331480.84278567,6259159.6372499,212646,"https://s3-ap-southeast-2.amazonaws.com/data-collection.spotparking.com.au/production/raw-data-points/7f53c4f565aa2389756fd196ab6f099421636f5b8051fbdd4a-md.jpg","No Stopping","right","","Metered Parking","left","Max Dur. 1 hour 8:30a - 6:00p M-F; Max Dur. 1 hour 8:30a - 4:30p Sa","","","","","",""
"d33ccf85-990a-4e9d-ae59-190709633b44",331564.49687605,6258714.4978567,210761,"https://s3-ap-southeast-2.amazonaws.com/data-collection.spotparking.com.au/production/raw-data-points/e6fb0b51d9203bcfd4e7f1e545f4b6c4963d45aa644ba7efff-md.jpg","No Parking","right","","No Stopping","left","","","","","","",""
"3a4c6727-c9c1-44c2-8068-23ff876d174d",331568.88366522,6258717.247297,210762,"https://s3-ap-southeast-2.amazonaws.com/data-collection.spotparking.com.au/production/raw-data-points/2823eddf9577fc43a10e24aae0df724e2f74694e55485fdf92-md.jpg","Restricted Parking","right","Max Dur. 10 minutes","No Parking","left","","","","","","",""
"2c715925-e448-4290-8962-ee6b88f91650",331572.81693295,6258719.0969206,210763,"https://s3-ap-southeast-2.amazonaws.com/data-collection.spotparking.com.au/production/raw-data-points/c643afb019f67b3cc274dc4e6a36b5eb36811f9e8c8abf1c8d-md.jpg","Restricted Parking","left","Max Dur. 10 minutes","No Stopping","right","","","","","","",""
"8093a3ac-f1e7-4d18-b488-6fde500c561a",332238.4544679,6259122.6347816,206663,"https://s3-ap-southeast-2.amazonaws.com/data-collection.spotparking.com.au/production/raw-data-points/de2d45a4a8e1f245feb4bf6169485c260b03c969146db6e782-md.jpg","No Parking","right","4:30a - 6:30a W, Street Sweeping","No Stopping","left","","","","","","",""
"b62a8e4d-a2d0-4036-82e1-e92185b77310",332260.17402178,6259131.3330111,206664,"https://s3-ap-southeast-2.amazonaws.com/data-collection.spotparking.com.au/production/raw-data-points/a7ab4e738e4cf3187dc6f7575421741510b118b7556abecc97-md.jpg","No Parking","both","4:30a - 6:30a W, Street Sweeping","","","","","","","","",""
"ff5d755a-88c8-4e5a-a5d9-bf33f2655721",332285.53823883,6259141.2209984,206665,"https://s3-ap-southeast-2.amazonaws.com/data-collection.spotparking.com.au/production/raw-data-points/22ea10b33bf6730cb5e6667980b7ca986e12e01164f4e71ad5-md.jpg","No Parking","left","4:30a - 6:30a W, Street Sweeping","No Stopping","right","","","","","","",""
"a7cf5209-356d-4a4d-a957-02857bf7d9eb",331919.95048612,6259243.150251,206971,"https://s3-ap-southeast-2.amazonaws.com/data-collection.spotparking.com.au/production/raw-data-points/e3669ae9f0f18100b3e0536a232f786801bfe23bdeff2cabf5-md.jpg","No Stopping","both","","","","","","","","","",""
"0478a9cf-5727-4347-9621-9ffc48d3f274",331235.67734306,6259003.2190883,211627,"https://s3-ap-southeast-2.amazonaws.com/data-collection.spotparking.com.au/production/raw-data-points/c8642fbe04893c27ddfcc04364c9e15bef3c6d769c0f8604fd-md.jpg","No Parking","left","","No Parking","right","Wedding Car, Funeral Car","","","","","",""
"c77128b8-69d4-4b8f-8e81-2661145b938a",331252.06183568,6258998.9599553,211628,"https://s3-ap-southeast-2.amazonaws.com/data-collection.spotparking.com.au/production/raw-data-points/523d7f9a3a600a4d77ca6b025809316b50009ed3efa7655341-md.jpg","No Parking","left","Wedding Car, Funeral Car","No Stopping","right","","","","","","",""
"655d3101-54c0-430b-8575-1ae419c2788e",331374.9826366,6258767.2871116,211704,"https://s3-ap-southeast-2.amazonaws.com/data-collection.spotparking.com.au/production/raw-data-points/5f7fe17466e8118bf81f6b1c0b4d212f3dca11c7a44402703a-md.jpg","No Stopping","both","","Clearway","both","6:00a - 7:00p M-F; 9:00a - 6:00p Sa-Su inc. Public Holidays, Inferred","","","","","",""
"742bfe50-8bee-46b7-8fff-35988fb38d62",331388.07703734,6258722.6961879,211705,"https://s3-ap-southeast-2.amazonaws.com/data-collection.spotparking.com.au/production/raw-data-points/0bda055eb11c2754e7c209638e1f5ca468105f176419075ea9-md.jpg","Clearway","both","6:00a - 7:00p M-F; 9:00a - 6:00p Sa-Su inc. Public Holidays, Inferred","","","","","","","","",""
"1510bfdf-382f-48f1-8334-ec09666b4e36",331785.77410774,6258763.5578707,207620,"https://s3-ap-southeast-2.amazonaws.com/data-collection.spotparking.com.au/production/raw-data-points/de27261cfd3e6a90a27c9ce82bf3e6be8b465f431734757aad-md.jpg","No Stopping","both","","","","","","","","","",""
"0a3c3fac-a1e7-4e4b-b6a6-521fb3197ea7",331782.68191613,6258772.4960513,207621,"https://s3-ap-southeast-2.amazonaws.com/data-collection.spotparking.com.au/production/raw-data-points/8153b1a9ca2c24079e62beb1b5e4b73a6d87f35398bbae55f6-md.jpg","No Stopping","both","","","","","","","","","",""
"7114c637-72ca-4722-b3d5-376c92cc4187",331778.91356529,6258780.4144396,207622,"https://s3-ap-southeast-2.amazonaws.com/data-collection.spotparking.com.au/production/raw-data-points/286591671aa2e8723da8dddd957edfd063157ab004753cf29a-md.jpg","No Stopping","both","","","","","","","","","",""
"7f4ebc99-5115-4247-9c36-475a7d95002c",331758.9421304,6258831.0841259,207623,"https://s3-ap-southeast-2.amazonaws.com/data-collection.spotparking.com.au/production/raw-data-points/c0856b0f9185e0d82b6fa09621afd0e2f52c15bd253b0d97a2-md.jpg","No Stopping","both","","","","","","","","","",""
"ec0226ea-c8c3-4575-8b60-adc69bd71c48",331745.36947069,6258865.4571294,207624,"https://s3-ap-southeast-2.amazonaws.com/data-collection.spotparking.com.au/production/raw-data-points/b7fb239bd9a3f0c2d2cd4c4e4cbd1d8db1ba4fb3ce5f443172-md.jpg","No Stopping","both","","","","","","","","","",""
"95057f8f-2a7b-420a-8397-ae2eba6c7077",331268.42983661,6258812.5379009,211596,"https://s3-ap-southeast-2.amazonaws.com/data-collection.spotparking.com.au/production/raw-data-points/9867a58e3e407c86fa8c44236724545a67bc89dc6f7ce7b7bc-md.jpg","No Stopping","left","","No Parking","right","8:30a - 6:00p M-F","","","","","",""
"162b397d-8319-490c-9bb8-780f89e165d9",331274.3668445,6258795.3414012,211597,"https://s3-ap-southeast-2.amazonaws.com/data-collection.spotparking.com.au/production/raw-data-points/e01d90478a4b397c7b8b0e5c71e823cce7310908def86f8139-md.jpg","No Parking","both","8:30a - 6:00p M-F","","","","","","","","",""
"e948cb04-76a0-49c5-94d6-ab17fb3fc3bb",331546.44672289,6258984.8528267,210873,"https://s3-ap-southeast-2.amazonaws.com/data-collection.spotparking.com.au/production/raw-data-points/35a25203466f62a4583501ca8825a809504e3ef7e5d34ed429-md.jpg","No Stopping","right","","Mail Zone","left","","","","","","",""
"ce42a038-5781-46da-ad47-a18a65a1387e",331547.08989875,6258980.4337262,210874,"https://s3-ap-southeast-2.amazonaws.com/data-collection.spotparking.com.au/production/raw-data-points/0251f4ab339901d6b84fca9bb5302576027c5645755772c3d7-md.jpg","Mail Zone","right","","Towaway","both","Inferred","No Stopping","left","","","",""
"201fb0e6-680d-487a-9c80-b414150e43b6",331546.98270277,6258971.3355781,210875,"https://s3-ap-southeast-2.amazonaws.com/data-collection.spotparking.com.au/production/raw-data-points/8fcfced3394cd58963efa5a6b900216b00440fc0e5049c8ca4-md.jpg","No Stopping","left","6:00a - 6:00p","No Stopping","right","","No Parking","left","Coaches","","",""
"e2d19dce-21db-430e-8ec5-94a959f5013d",331546.36426445,6258963.2272285,210876,"https://s3-ap-southeast-2.amazonaws.com/data-collection.spotparking.com.au/production/raw-data-points/9010a2909c085984c53321762156992fba7945da4337cee373-md.jpg","","","","","","","","","","","",""
"31b428e0-2de4-451c-928e-44d64267d84f",331546.281806,6258952.9093287,210877,"https://s3-ap-southeast-2.amazonaws.com/data-collection.spotparking.com.au/production/raw-data-points/5b729e773f863e6fcc7d730c8d1be463d7134b9ecf8d4f5718-md.jpg","No Stopping","right","6:00a - 6:00p","No Parking","right","Coaches","No Stopping","left","","","",""
"656309b2-f5cd-40fc-b27b-9fdc753d2f8a",331720.2031539,6259190.1510389,212744,"https://s3-ap-southeast-2.amazonaws.com/data-collection.spotparking.com.au/production/raw-data-points/bb9a9c96be0bf7352e43c243ba85b4530eaa72872e99b1f9ce-md.jpg","Restricted Parking","right","Max Dur. 2 hours 9:30a - 3:30p M-F; Max Dur. 2 hours 8:30a - 4:30p Sa","No Parking","right","6:30a - 9:30a M-F; 3:30p - 6:30p M-F","No Stopping","left","","","",""
"b35d457e-ea2d-4892-8824-ca86da3aa407",331723.68290019,6259181.7827422,212745,"https://s3-ap-southeast-2.amazonaws.com/data-collection.spotparking.com.au/production/raw-data-points/636a975d750f9c87c2a657bb8e224b0217a4e707dbd71842fc-md.jpg","Restricted Parking","left","Max Dur. 2 hours 9:30a - 3:30p M-F; Max Dur. 2 hours 8:30a - 4:30p Sa","No Parking","left","6:30a - 9:30a M-F; 3:30p - 6:30p M-F","No Parking","right","","","",""
"b1a68903-2854-44ed-99ad-80c6cf51b892",331727.32756337,6259173.7443784,212746,"https://s3-ap-southeast-2.amazonaws.com/data-collection.spotparking.com.au/production/raw-data-points/788d60ee53aa7903b951ffd353ada134c7e977c9f569f06894-md.jpg","No Parking","left","","Bus Zone","right","","Restricted Parking","right","Max Dur. 2 hours 8:30a - 6:00p Sa-Su, No Of Driveways: 1","","",""
"e8c24777-5073-461d-a4b8-8f6f229038eb",331733.97371387,6259159.7772214,212747,"https://s3-ap-southeast-2.amazonaws.com/data-collection.spotparking.com.au/production/raw-data-points/7af941b9bfbd2663f13269549d8da6361e90fbe6a8bfce308d-md.jpg","Bus Zone","left","","Bus Zone","right","","Restricted Parking","left","Max Dur. 2 hours 8:30a - 6:00p Sa-Su, No Of Driveways: 1","","",""
"4bbfd4bb-7bab-4e28-9309-7619d2f24394",331742.90396324,6259131.8729012,212748,"https://s3-ap-southeast-2.amazonaws.com/data-collection.spotparking.com.au/production/raw-data-points/3081f3bd329acd630e02b3a5414db9f489807a7104c50d37be-md.jpg","Bus Zone","left","","No Stopping","right","","","","","","",""
"ae5534b0-70f0-472c-b8d4-96e1edfd482a",331746.58985564,6259121.0651011,212749,"https://s3-ap-southeast-2.amazonaws.com/data-collection.spotparking.com.au/production/raw-data-points/65529395d32a50167ab22deef22f34e1902029eb8eff8f6d69-md.jpg","No Stopping","both","","","","","","","","","",""
"7861b242-b409-4423-97dd-f4498785cf4d",331761.38290031,6259085.9322523,212750,"https://s3-ap-southeast-2.amazonaws.com/data-collection.spotparking.com.au/production/raw-data-points/8e7cab0db374206f5fbd668e92b80444c25fefbbef212f270a-md.jpg","No Stopping","both","","","","","","","","","",""
"d6822a7c-2586-47a1-993c-38475b2f5416",331772.28390647,6259061.6172015,212751,"https://s3-ap-southeast-2.amazonaws.com/data-collection.spotparking.com.au/production/raw-data-points/4c796f2bd4af065956f09c58394874885acd5fe5407d5f0d24-md.jpg","No Stopping","both","","","","","","","","","",""
"d4731b5a-e94b-4c65-8a50-97e49aa9bd95",331548.58239656,6258927.9944001,210916,"https://s3-ap-southeast-2.amazonaws.com/data-collection.spotparking.com.au/production/raw-data-points/2b133662b75594ccd4112a75caa1635249e5e2283acd93af08-md.jpg","No Stopping","right","","Towaway","both","Inferred","Bus Zone","left","","","",""
"4138ed69-dbd5-4242-8781-fbb00376333c",331549.5389145,6258915.46695,210917,"https://s3-ap-southeast-2.amazonaws.com/data-collection.spotparking.com.au/production/raw-data-points/01497c87eaef4f2e2fe095af92f94e2c280ae2fb7de326f39c-md.jpg","Bus Zone","right","","No Parking","left","","","","","","",""
"0baad607-f2c7-4622-8e80-5c3207d6e62f",331549.65435632,6258897.8405378,210918,"https://s3-ap-southeast-2.amazonaws.com/data-collection.spotparking.com.au/production/raw-data-points/420616d62cb18006b1477c5f6e1ea21f92388ff5a24918b293-md.jpg","No Parking","right","","Towaway","both","Inferred","No Stopping","left","","","",""
"ca9ac6bc-8bef-471a-837b-2b54ec4071c2",331246.95765806,6258822.0359676,211620,"https://s3-ap-southeast-2.amazonaws.com/data-collection.spotparking.com.au/production/raw-data-points/4c9d017fcc0cef36ec8f75a766ebb02d75b2a0da0ee462383b-md.jpg","No Stopping","left","","Restricted Parking","right","Max Dur. 1 hour 8:30a - 6:00p M-F, No Of Driveways: 10, Area Permit: 6","","","","","",""
"dc9c7e2a-d877-4797-8671-fc6bbad1fb81",331232.40374288,6258869.8162421,211621,"https://s3-ap-southeast-2.amazonaws.com/data-collection.spotparking.com.au/production/raw-data-points/09689c41736b9f9919848a7ada7cd788ed427f18609982f0b4-md.jpg","Restricted Parking","both","Max Dur. 1 hour 8:30a - 6:00p M-F, No Of Driveways: 10, Area Permit: 6","","","","","","","","",""
"cbb01512-9901-45f1-a0e8-ceb349c17228",331222.58294232,6258901.0398866,211622,"https://s3-ap-southeast-2.amazonaws.com/data-collection.spotparking.com.au/production/raw-data-points/9e8cf8391c93923c6229cb7f3a8d334a955a0c1eb6be37085b-md.jpg","Restricted Parking","both","Max Dur. 1 hour 8:30a - 6:00p M-F, No Of Driveways: 10, Area Permit: 6","","","","","","","","",""
"4c1db219-1538-41ff-a442-b9935c2f5c3b",331212.061245,6258936.1227456,211623,"https://s3-ap-southeast-2.amazonaws.com/data-collection.spotparking.com.au/production/raw-data-points/7fd67725b29b7dee8592805e36f293edc10dbe84df9e91684d-md.jpg","Restricted Parking","both","Max Dur. 1 hour 8:30a - 6:00p M-F, No Of Driveways: 10, Area Permit: 6","","","","","","","","",""
"cf559abc-b8fd-48c5-8f39-f82d9c47197c",331201.30866404,6258973.085222,211624,"https://s3-ap-southeast-2.amazonaws.com/data-collection.spotparking.com.au/production/raw-data-points/c34f97d46105f50a02e5934c7e4a82883640d69e75c8b03fc2-md.jpg","Restricted Parking","left","Max Dur. 1 hour 8:30a - 6:00p M-F, No Of Driveways: 10, Area Permit: 6","No Stopping","right","","","","","","",""
"8f2c1fc8-1e1b-4cce-82cd-d8f82f3181b7",331460.29414169,6258620.7069476,211455,"https://s3-ap-southeast-2.amazonaws.com/data-collection.spotparking.com.au/production/raw-data-points/1ef25edcaef7844583cdc94457b1f2e7523917437379cfa45d-md.jpg","No Stopping","both","","","","","","","","","",""
"e3bce21b-a22a-4c34-a357-5d34de447f13",331445.4598678,6258615.1180852,211456,"https://s3-ap-southeast-2.amazonaws.com/data-collection.spotparking.com.au/production/raw-data-points/f4f6b9cd491cf9973a5e0e18b7c9d822e3b1453515482867da-md.jpg","No Stopping","both","","","","","","","","","",""
"93599352-cfbc-419e-8ecc-81ef86576743",332224.61794118,6258656.4896641,207095,"https://s3-ap-southeast-2.amazonaws.com/data-collection.spotparking.com.au/production/raw-data-points/2dc0d787279f3d48d2e32829801b9092004987991f18e1e34e-md.jpg","No Stopping","right","","Unrestricted Parking","left","No Of Driveways: 1","","","","","",""
"94ba3d78-8dc1-490f-8cf3-7fa74e63ed30",332182.2920224,6258640.7628652,207096,"https://s3-ap-southeast-2.amazonaws.com/data-collection.spotparking.com.au/production/raw-data-points/be301f87466c063aaa860d94787977d234371ed259604ad6e3-md.jpg","No Stopping","left","","Unrestricted Parking","right","No Of Driveways: 1","","","","","",""
"8ae22e3f-d931-44c2-85d8-f5179a3412f2",331384.47360338,6258796.4111835,210826,"https://s3-ap-southeast-2.amazonaws.com/data-collection.spotparking.com.au/production/raw-data-points/8af41c084ffe05e89bb03d0c39545881e4def0c8b8c6c112d4-md.jpg","No Stopping","left","","Unrestricted Parking","right","Taxis Prohibited, Inferred","Metered Parking","right","Max Dur. 30 minutes 8:30a - 6:00p M-F; Max Dur. 30 minutes 8:30a - 12:30p Sa, Taxis Prohibited","","",""
"2480160e-967c-4289-8d02-a6e078dca532",331395.1437259,6258800.0304468,210827,"https://s3-ap-southeast-2.amazonaws.com/data-collection.spotparking.com.au/production/raw-data-points/415490176bd8fe81aa7ead7a7ab0e173f37510459571784fd9-md.jpg","Metered Parking","left","Max Dur. 30 minutes 8:30a - 6:00p M-F; Max Dur. 30 minutes 8:30a - 12:30p Sa, Taxis Prohibited","No Stopping","right","","","","","","",""
"d4a86d5a-80cf-46b3-8e36-9968db70c612",331402.91131123,6258802.0600337,210828,"https://s3-ap-southeast-2.amazonaws.com/data-collection.spotparking.com.au/production/raw-data-points/cc684643cd946c274af4c475af5761def5d126cfe5a9bff7c9-md.jpg","No Stopping","left","","Bus Zone","right","9:30p - 12:00a Su; 12:00a - 2:00a M-W, Taxis Prohibited","Metered Parking","right","Max Dur. 30 minutes 8:30a - 6:00p M-F; Max Dur. 30 minutes 8:30a - 12:30p Sa, Taxis Prohibited","","",""
"d99f852d-c24c-4637-bff8-4666d4206080",331409.90378719,6258808.1787882,210829,"https://s3-ap-southeast-2.amazonaws.com/data-collection.spotparking.com.au/production/raw-data-points/e4e4cea808e5c3d12e9e5424f910041282cb6b6137282db6c1-md.jpg","","","","","","","","","","","",""
"0406c687-e586-401d-bc08-d5cbd1819be9",331416.20361223,6258808.4987231,210830,"https://s3-ap-southeast-2.amazonaws.com/data-collection.spotparking.com.au/production/raw-data-points/195c74dfda20c8daeb773abb6e0466760580d4a83060cdd3a8-md.jpg","Metered Parking","both","Max Dur. 30 minutes 8:30a - 6:00p M-F; Max Dur. 30 minutes 8:30a - 12:30p Sa, Taxis Prohibited","Bus Zone","both","9:30p - 12:00a Su; 12:00a - 2:00a M-W, Taxis Prohibited","","","","","",""
"44a71ed7-b0dc-45bc-ae66-5c6a326daf83",331420.26056763,6258810.9182306,210831,"https://s3-ap-southeast-2.amazonaws.com/data-collection.spotparking.com.au/production/raw-data-points/e42aee5df454e15c1cf6c85937cdf58aa0960de13100df7802-md.jpg","","","","","","","","","","","",""
"ae9bf05e-2cff-4afb-a563-301cab0ffb48",331438.74775054,6258817.5668773,210832,"https://s3-ap-southeast-2.amazonaws.com/data-collection.spotparking.com.au/production/raw-data-points/fd7bcf66db8752be8d20d829e30ddf8c1ff3d286bc41cd0f70-md.jpg","Bus Zone","left","9:30p - 12:00a Su; 12:00a - 2:00a M-W, Taxis Prohibited","Loading Zone","right","Taxis Prohibited","Metered Parking","left","Max Dur. 30 minutes 8:30a - 6:00p M-F; Max Dur. 30 minutes 8:30a - 12:30p Sa, Taxis Prohibited","","",""
"3c83d57e-159f-42d3-86f8-bc57cc2cab2b",331456.26192382,6258826.3050986,210833,"https://s3-ap-southeast-2.amazonaws.com/data-collection.spotparking.com.au/production/raw-data-points/cd3cbb3c6248a6505a05d485e4d498c3988600959a9609c9eb-md.jpg","Bus Zone","right","","Unrestricted Parking","left","Inferred, Taxis Prohibited","Loading Zone","left","Taxis Prohibited","","",""
"e34bcf94-79e0-424f-ad77-769afb4c89ec",331462.38858614,6258826.6250335,210834,"https://s3-ap-southeast-2.amazonaws.com/data-collection.spotparking.com.au/production/raw-data-points/bd918bd4a19db0cf543680b508767748ee38e578f9fbb7f26e-md.jpg","Bus Zone","both","","","","","","","","","",""
"cb1ea0ee-93de-42ef-ac34-04b45e1ef982",331506.40490299,6258845.3712178,210835,"https://s3-ap-southeast-2.amazonaws.com/data-collection.spotparking.com.au/production/raw-data-points/32a5343c8eee026d8f83f5b27a04fd2cbdedd03a6c543bd84f-md.jpg","Bus Zone","both","","","","","","","","","",""
"ac3e3b52-eaaf-4a8e-9376-e43c19f87a92",331526.39282956,6258851.8299031,210836,"https://s3-ap-southeast-2.amazonaws.com/data-collection.spotparking.com.au/production/raw-data-points/45bab61ddb3aa3ecca810cc5bae7107b3d1b4e71d802d5149d-md.jpg","Bus Zone","left","","No Stopping","right","","","","","","",""
"26f9d3bd-da9f-4e1e-ad57-d1a5db4965c1",331675.61787379,6258982.3733314,206825,"https://s3-ap-southeast-2.amazonaws.com/data-collection.spotparking.com.au/production/raw-data-points/59664df0818e0d0cc42395d5c87285b752f92d742136b467a1-md.jpg","Loading Zone","left","","No Stopping","right","","","","","","",""
"e9a106c1-26ef-4573-bb62-42ac165713f4",331687.27749762,6258987.1223648,206826,"https://s3-ap-southeast-2.amazonaws.com/data-collection.spotparking.com.au/production/raw-data-points/cebac8b2467579b5b2a9f2c64986b975cdfa627dcb2967c184-md.jpg","Loading Zone","right","","No Stopping","left","","","","","","",""
"f4518635-4987-487e-843e-f300fafca2d6",331693.00011356,6258989.331915,206827,"https://s3-ap-southeast-2.amazonaws.com/data-collection.spotparking.com.au/production/raw-data-points/08621d11f01e04fcb2208e6d4564e983cc61e29ccdd9504759-md.jpg","Disabled Parking","left","","No Stopping","right","","","","","","",""
"af5cb698-e6db-48f7-a6d6-81933283facf",331704.6597374,6258993.8709911,206828,"https://s3-ap-southeast-2.amazonaws.com/data-collection.spotparking.com.au/production/raw-data-points/67c5c0434ea887319b267b0dbc5ee6015e653fffbd1c3085c7-md.jpg","No Stopping","left","","Disabled Parking","right","","","","","","",""
"cdb50a4c-e4b8-4f64-810d-1723ed380993",331709.26091852,6258995.7306126,206829,"https://s3-ap-southeast-2.amazonaws.com/data-collection.spotparking.com.au/production/raw-data-points/e89ca9822870ed3b3467249228548319a56ae387dce782386b-md.jpg","No Stopping","right","","Metered Parking","left","Max Dur. 1 hour 8:30a - 6:00p M-F; Max Dur. 1 hour 8:30a - 4:30p Sa-Su","","","","","",""
"581261b3-dd75-4501-9511-260c37b2c6ba",331727.5749387,6259002.8191697,206830,"https://s3-ap-southeast-2.amazonaws.com/data-collection.spotparking.com.au/production/raw-data-points/222d2464e34622e08aee291b62b5e7371fe681cc75ad17d566-md.jpg","","","","","","","","","","","",""
"3847e8b5-0776-45c9-9393-80099bb9e69c",331735.39199909,6259005.7285775,206831,"https://s3-ap-southeast-2.amazonaws.com/data-collection.spotparking.com.au/production/raw-data-points/e1fa57d8728bdb3686db8e643ef591eda652b46f37e145a5e7-md.jpg","Loading Zone","left","","Metered Parking","right","Max Dur. 1 hour 8:30a - 6:00p M-F; Max Dur. 1 hour 8:30a - 4:30p Sa-Su","","","","","",""
"6280fbd8-774f-41c3-93e7-27106b6c07cc",331754.62955383,6259013.1670634,206832,"https://s3-ap-southeast-2.amazonaws.com/data-collection.spotparking.com.au/production/raw-data-points/5d28e9c611a384da7c78156b7ecc321e8e9b4f11e5362d111d-md.jpg","Loading Zone","right","","No Stopping","left","","","","","","",""
"760e0664-a96f-47fa-b1ec-750860608e21",331766.94884521,6259018.14605,206833,"https://s3-ap-southeast-2.amazonaws.com/data-collection.spotparking.com.au/production/raw-data-points/78abf3484369f900842e7f3173426c3225b31b96285cf0aa85-md.jpg","No Stopping","both","","","","","","","","","",""
"9da77865-5f65-4b65-b068-194526d92d56",331470.27161328,6258469.5677115,211511,"https://s3-ap-southeast-2.amazonaws.com/data-collection.spotparking.com.au/production/raw-data-points/6e994c57d116bdc17c412a8bfae2ea0bf5d74141b2a77cfb37-md.jpg","Clearway","both","6:00a - 7:00p M-F; 9:00a - 6:00p Sa-Su inc. Public Holidays, Inferred","","","","","","","","",""
"e85e4892-1e44-464b-a9d0-4b48ec6940fa",331468.45752754,6258477.7560448,211512,"https://s3-ap-southeast-2.amazonaws.com/data-collection.spotparking.com.au/production/raw-data-points/f1a3565e4fe33785dad007a556a04a965195977ba96d7883c8-md.jpg","No Stopping","both","","","","","","","","","",""
"21851898-19bd-4753-8472-fc7584c916fc",331796.42773857,6258675.7857364,214924,"https://s3-ap-southeast-2.amazonaws.com/data-collection.spotparking.com.au/production/raw-data-points/inserted_datapoint-md.jpg","Unrestricted Parking","left","No Of Bays: 1","Disabled Parking","right","No Of Bays: 1","Restricted Parking","left","No Of Bays: 1, Max Dur. 2 hours 8:30a - 6:00p","","",""
"eabb5243-0254-4815-bcce-0227fd4f728c",331792.35429149,6258674.2760437,214925,"https://s3-ap-southeast-2.amazonaws.com/data-collection.spotparking.com.au/production/raw-data-points/inserted_datapoint-md.jpg","Restricted Parking","right","No Of Bays: 3, Max Dur. 2 hours 8:30a - 6:00p","Unrestricted Parking","right","No Of Bays: 3","Disabled Parking","left","No Of Bays: 1","","",""
"0e72c36c-fa9e-417d-b6d3-0bfe76d06de0",331789.87229235,6258673.336235,214926,"https://s3-ap-southeast-2.amazonaws.com/data-collection.spotparking.com.au/production/raw-data-points/inserted_datapoint-md.jpg","","","","","","","","","","","",""
"3fe41483-d032-47fd-963a-c24b265f9c15",331787.48099751,6258672.4164222,214927,"https://s3-ap-southeast-2.amazonaws.com/data-collection.spotparking.com.au/production/raw-data-points/inserted_datapoint-md.jpg","","","","","","","","","","","",""
"eeaabf4c-7715-4f6d-8fbe-138fdb70ede7",331353.45273714,6258518.197813,211521,"https://s3-ap-southeast-2.amazonaws.com/data-collection.spotparking.com.au/production/raw-data-points/11eb32f9647565ef0ef776a2247f05002bb7a8c25895eeea72-md.jpg","No Parking","left","","No Stopping","right","","","","","","",""
"ab473810-c1eb-4806-b473-b187ada33138",331372.9541589,6258520.5473348,211522,"https://s3-ap-southeast-2.amazonaws.com/data-collection.spotparking.com.au/production/raw-data-points/e9850c0d1b9bfe0bde84f9bd994602108e146fc4ef75d32e38-md.jpg","No Parking","right","","","","","","","","","",""
"6e33c322-d719-4c52-b77c-999a1d6edac4",331416.87152562,6258525.5363193,211523,"https://s3-ap-southeast-2.amazonaws.com/data-collection.spotparking.com.au/production/raw-data-points/a689ae2db5b30562eeecbce996e43e0e72acf2e7d9164ed60c-md.jpg","Works Zone","left","7:00a - 5:00p M-F; 7:00a - 12:00p Sa","No Stopping","right","","","","","","",""
"62fbaee6-2f2b-46ea-acdb-2fba693a0b6e",331427.93744867,6258527.3959407,211524,"https://s3-ap-southeast-2.amazonaws.com/data-collection.spotparking.com.au/production/raw-data-points/2d0b8b03678e852c823685ad5a8adf2e299a1e1203142db5c3-md.jpg","No Stopping","left","","Works Zone","right","7:00a - 5:00p M-F; 7:00a - 12:00p Sa","","","","","",""
"6cbd1dc1-b6b1-4fad-ad67-e53d2068c867",331439.11881353,6258528.7056741,211525,"https://s3-ap-southeast-2.amazonaws.com/data-collection.spotparking.com.au/production/raw-data-points/8768134b0c0a4d2d7ff651395a6c626f054b4e3907c41caa65-md.jpg","No Stopping","right","","Works Zone","left","7:00a - 5:00p M-F; 7:00a - 12:00p Sa","","","","","",""
"6a1a8d16-6dbd-497a-9537-98125c48c8db",331744.58611548,6258469.5377176,207594,"https://s3-ap-southeast-2.amazonaws.com/data-collection.spotparking.com.au/production/raw-data-points/10d630f5662c4918b282248c92ce7d380a13cdef93deeecefd-md.jpg","No Stopping","both","","","","","","","","","",""
"e2b6ae9d-5241-4442-8904-1fdab601e6c1",331716.46778643,6258457.3901902,207595,"https://s3-ap-southeast-2.amazonaws.com/data-collection.spotparking.com.au/production/raw-data-points/9ed9d9f4ec0a20b46a903641a20d3a3a34e22e445aff29d7e9-md.jpg","No Stopping","both","","","","","","","","","",""
"4ebdc5ab-982b-4c44-aeb5-2d090e0a9415",331675.47769444,6258439.2438838,207596,"https://s3-ap-southeast-2.amazonaws.com/data-collection.spotparking.com.au/production/raw-data-points/7544dcd0e12af05329c489b3cde5dc8024e0b1133d62a3c345-md.jpg","No Stopping","both","","","","","","","","","",""
"5ed8f718-f04e-421f-8806-f592a2b9151a",331604.20886218,6259023.5949409,212782,"https://s3-ap-southeast-2.amazonaws.com/data-collection.spotparking.com.au/production/raw-data-points/151a80475b31af1ef2b6be540f60332cfb17484b3c2ccb2375-md.jpg","No Stopping","both","","","","","","","","","",""
"d60d4785-678f-4a7c-89ce-a968dbff3643",331584.88060315,6259023.1450324,212783,"https://s3-ap-southeast-2.amazonaws.com/data-collection.spotparking.com.au/production/raw-data-points/1d1e2ce247f61509c0e1b4f188b67657728313f981f1e913f8-md.jpg","Towaway","both","Inferred","","","","","","","","",""
"b1d34a34-48da-4812-b607-c713e5da0a62",331560.15956196,6259021.9352787,212784,"https://s3-ap-southeast-2.amazonaws.com/data-collection.spotparking.com.au/production/raw-data-points/8a1567f2deb90aa068c5870470d832d5c991ccc7490056e241-md.jpg","No Stopping","both","","","","","","","","","",""
"b5d95009-4119-418d-acbb-f0e151221240",331442.59855983,6258699.6008889,210778,"https://s3-ap-southeast-2.amazonaws.com/data-collection.spotparking.com.au/production/raw-data-points/081b79a5337448dc3d5e6c90c08f62b1e3e90cddb5a564d813-md.jpg","No Stopping","both","","","","","","","","","",""
"a0f1f879-fea6-4fc8-a2c2-9f5c7173d216",331449.76419852,6258680.9846782,210779,"https://s3-ap-southeast-2.amazonaws.com/data-collection.spotparking.com.au/production/raw-data-points/8ae8210b1a3a24b1cb69fbb6d48b0d8ed82a29e47e92d98e2b-md.jpg","No Stopping","both","","","","","","","","","",""
"889f184a-1ce5-4e3d-9aef-94a4f6419e41",331507.90564665,6258562.4288099,211482,"https://s3-ap-southeast-2.amazonaws.com/data-collection.spotparking.com.au/production/raw-data-points/4b19f43a8158c92f72cf631b26d8560a5e586c41ca71d36efe-md.jpg","No Parking","left","","No Stopping","right","","","","","","",""
"ef05eb3b-6188-40bb-a9f2-cc2e764ed07a",331501.12756264,6258577.7156983,211483,"https://s3-ap-southeast-2.amazonaws.com/data-collection.spotparking.com.au/production/raw-data-points/347c19bec4a00af25af5c4672d364d2b5fad1779105b40ab06-md.jpg","No Parking","both","","","","","","","","","",""
"904e1eab-9bb4-4624-9bce-bdbf8205a563",331487.12611903,6258611.8687465,211484,"https://s3-ap-southeast-2.amazonaws.com/data-collection.spotparking.com.au/production/raw-data-points/2de59466228ce6cb84313c302c311b691b93d4906f6b01670e-md.jpg","No Stopping","left","","No Parking","right","","","","","","",""
"9fd5e3ce-fa9c-47da-9fef-3988c6339505",331294.94847186,6258659.379076,211554,"https://s3-ap-southeast-2.amazonaws.com/data-collection.spotparking.com.au/production/raw-data-points/ea07a9b34ecee8f8c44a8cee0e9f3f4c871eb694e2d0267f3a-md.jpg","Restricted Parking","right","Max Dur. 5 minutes 8:30a - 9:30a School Days Only; Max Dur. 5 minutes 2:30p - 3:30p School Days Only","Bus Zone","left","","Restricted Parking","right","Max Dur. 2 hours 9:30a - 2:30p M-F","","",""
"9561cc58-e27f-4f9e-b8b3-efece7ea62c7",331322.98434247,6258659.4290658,211555,"https://s3-ap-southeast-2.amazonaws.com/data-collection.spotparking.com.au/production/raw-data-points/44146d8a510a5cf28ea47af1636b4f307f1be6b69ce8645f8f-md.jpg","Restricted Parking","both","Max Dur. 2 hours 9:30a - 2:30p M-F","Restricted Parking","both","Max Dur. 5 minutes 8:30a - 9:30a School Days Only; Max Dur. 5 minutes 2:30p - 3:30p School Days Only","","","","","",""
"d76381b3-0dcb-489c-a5ca-49fc01a2ece9",331346.61693222,6258659.8389823,211556,"https://s3-ap-southeast-2.amazonaws.com/data-collection.spotparking.com.au/production/raw-data-points/73cdf205db0eb2c61731919abcbdb36271af467a1cd2b9725e-md.jpg","No Stopping","right","","Restricted Parking","left","Max Dur. 2 hours 9:30a - 2:30p M-F","Restricted Parking","left","Max Dur. 5 minutes 8:30a - 9:30a School Days Only; Max Dur. 5 minutes 2:30p - 3:30p School Days Only","","",""
"9090742c-6594-4aa6-a37d-5b99fa10f1ef",331360.72557181,6258866.6568852,210902,"https://s3-ap-southeast-2.amazonaws.com/data-collection.spotparking.com.au/production/raw-data-points/3e0e35f68a6dff999a9f8091bbed7fb3df7f4531b25a71290f-md.jpg","No Stopping","both","","","","","","","","","",""
"dd33d45d-9ac2-4eb7-ac8b-8258b5f8b46f",331366.90170919,6258868.0965921,210903,"https://s3-ap-southeast-2.amazonaws.com/data-collection.spotparking.com.au/production/raw-data-points/9d0d1fd7222a717cd02a09028489664a7ec9c0f23c46713332-md.jpg","No Stopping","both","","","","","","","","","",""
"38e394c6-d3dc-4dab-8aea-a9cf32cf9e38",331388.62126306,6258876.9147972,210904,"https://s3-ap-southeast-2.amazonaws.com/data-collection.spotparking.com.au/production/raw-data-points/7628a02c4da09c607572df77b533a1db5321075a7547bd9049-md.jpg","Motorbikes Only","left","","No Stopping","right","","","","","","",""
"2e336255-db58-470a-8f60-8896006d9f3b",331394.78090875,6258879.244323,210905,"https://s3-ap-southeast-2.amazonaws.com/data-collection.spotparking.com.au/production/raw-data-points/3b34dcdc6dfcea00e487264f54742d8067e3846e6c2e7b02e1-md.jpg","Motorbikes Only","right","","Metered Parking","left","Max Dur. 1 hour 8:30a - 6:00p M-F; Max Dur. 1 hour 8:30a - 4:30p Sa","","","","","",""
"ba459e6c-512e-45a6-9022-ecc02c8876b8",331402.76288603,6258881.9237776,210906,"https://s3-ap-southeast-2.amazonaws.com/data-collection.spotparking.com.au/production/raw-data-points/a9221b5ae033af07869df916c27c9bb039444fc63a977f9388-md.jpg","","","","","","","","","","","",""
"c31dbaf8-353d-493b-a10d-da58a49db0a4",331408.03198054,6258883.7933971,210907,"https://s3-ap-southeast-2.amazonaws.com/data-collection.spotparking.com.au/production/raw-data-points/30119955c03541b80ce7780b4c4d3caa362dd8e990ccc9c7b9-md.jpg","Metered Parking","both","Max Dur. 1 hour 8:30a - 6:00p M-F; Max Dur. 1 hour 8:30a - 4:30p Sa","","","","","","","","",""
"5e283a04-f63d-4bf7-bb7f-545545731433",331420.97795608,6258888.9023572,210908,"https://s3-ap-southeast-2.amazonaws.com/data-collection.spotparking.com.au/production/raw-data-points/a8df64c218abf34baee24f4d7a03a66f522e9992dc9389551c-md.jpg","","","","","","","","","","","",""
"29f44082-0c7a-42d7-a967-3389f9108826",331463.78213382,6258904.3092211,210909,"https://s3-ap-southeast-2.amazonaws.com/data-collection.spotparking.com.au/production/raw-data-points/8e1060ef9536d485dcf90fcf810b3a13a5f678b4b069451118-md.jpg","Metered Parking","right","Max Dur. 1 hour 8:30a - 6:00p M-F; Max Dur. 1 hour 8:30a - 4:30p Sa","No Stopping","left","","","","","","",""
"49a141ac-638b-4c88-b488-311fdf936d6f",331476.91776379,6258910.1980225,210910,"https://s3-ap-southeast-2.amazonaws.com/data-collection.spotparking.com.au/production/raw-data-points/149d1738d6f6a5a206aa71cf81736daa431fd8f99be7265f51-md.jpg","Loading Zone","left","","No Stopping","right","","","","","","",""
"6402f6d4-255c-4aba-9f08-d8997ab90ba6",331490.82850311,6258915.2070029,210911,"https://s3-ap-southeast-2.amazonaws.com/data-collection.spotparking.com.au/production/raw-data-points/8dc36418874b96ca53f449d102c9792fe618ddd34b17b3341b-md.jpg","","","","","","","","","","","",""
"48a177da-d2b9-4f3b-8acb-498c844a5606",331504.81345504,6258920.3359589,210912,"https://s3-ap-southeast-2.amazonaws.com/data-collection.spotparking.com.au/production/raw-data-points/175904967f2b0c06e042df89f7998d08539a40dd67e0afcd38-md.jpg","No Stopping","left","","Loading Zone","right","","","","","","",""
"129ef885-72fe-4609-8d58-9ccad8966446",331530.94453561,6258930.003991,210913,"https://s3-ap-southeast-2.amazonaws.com/data-collection.spotparking.com.au/production/raw-data-points/8e200974800dbc96a385c8d7b50afeed588918445436db2f9c-md.jpg","No Stopping","both","","","","","","","","","",""
"614bba68-1669-4732-bed9-1bef0174e318",332186.83548261,6258636.0738197,207099,"https://s3-ap-southeast-2.amazonaws.com/data-collection.spotparking.com.au/production/raw-data-points/ccc0c1959fe9af87d448170497cfab36034125ccc347c0dfe8-md.jpg","No Parking","left","","No Stopping","right","","","","","","",""
"5bced2c7-5254-49c4-a592-1f744f4bf092",332203.29418783,6258642.5724969,207100,"https://s3-ap-southeast-2.amazonaws.com/data-collection.spotparking.com.au/production/raw-data-points/9f28ac81c9eff7b9dfcc748887161e5f31856179ee82249020-md.jpg","Bus Zone","left","","No Parking","right","","","","","","",""
"56ed459a-a8c0-40ce-be25-b23fc5e81c7c",332216.90807676,6258647.8114305,207101,"https://s3-ap-southeast-2.amazonaws.com/data-collection.spotparking.com.au/production/raw-data-points/e144a05cb4457d364ad386fbf402dd118e25ec7926c27dc331-md.jpg","Bus Zone","right","","","","","","","","","",""
"65458926-ac4e-4d49-ac7f-79ff71b9c192",332227.10818615,6258651.5406714,207102,"https://s3-ap-southeast-2.amazonaws.com/data-collection.spotparking.com.au/production/raw-data-points/79db23c0b41dd87d0c1d809e0f011668f7a25abe57eee0e2d8-md.jpg","No Stopping","left","","","","","","","","","",""
"f5090901-7c3c-43a6-8ac3-a8991b3ab00f",331356.65212473,6258961.3176172,212319,"https://s3-ap-southeast-2.amazonaws.com/data-collection.spotparking.com.au/production/raw-data-points/a3b57c172ed85824936be670832d466ca2e05286372ad4f3b6-md.jpg","Towaway","both","Inferred","","","","","","","","",""
"d7437ab8-4bbd-49dc-a92d-c92d2c15ce67",331368.27876519,6258958.1882542,212320,"https://s3-ap-southeast-2.amazonaws.com/data-collection.spotparking.com.au/production/raw-data-points/9d798e8d17f0d7d707a58b0eb6b1d9addd991311a9b88d82e9-md.jpg","No Stopping","right","6:30a - 9:30a M-F","No Parking","right","","No Stopping","left","","","",""
"952cd47f-1e88-47ed-95d1-f73181860994",331386.37014757,6258960.6177597,212321,"https://s3-ap-southeast-2.amazonaws.com/data-collection.spotparking.com.au/production/raw-data-points/21c9c538f0c70050dcbb78017191e75dff4de27020fb317225-md.jpg","No Stopping","right","","No Parking","left","","No Stopping","left","6:30a - 9:30a M-F","","",""
"7dd469e1-5f57-4e37-aea9-90601e5edf52",331408.71638561,6258969.5559404,212322,"https://s3-ap-southeast-2.amazonaws.com/data-collection.spotparking.com.au/production/raw-data-points/3b1e2dd3ae6732bedd4fcd3d776d6e8296d7ba0a6940727cf2-md.jpg","No Parking","right","","No Stopping","right","6:30a - 9:30a M-F","No Stopping","left","","","",""
"7ee41d5e-eda2-4506-ba6a-dd8613a2f15b",331423.17959651,6258975.4747356,212323,"https://s3-ap-southeast-2.amazonaws.com/data-collection.spotparking.com.au/production/raw-data-points/3187ee4c5d6ad30f607baae2fb14e852d75a808fb3e68e5288-md.jpg","No Parking","left","","No Stopping","both","6:30a - 9:30a M-F","Metered Parking","right","Max Dur. 1 hour 9:30a - 6:00p M-F; Max Dur. 1 hour 8:30a - 4:30p Sa","","",""
"10db219e-8b4f-4386-990a-ac382da96ff1",331433.84971903,6258979.2139745,212324,"https://s3-ap-southeast-2.amazonaws.com/data-collection.spotparking.com.au/production/raw-data-points/4b6bf5e3e7660eeabcdc37537e9c40ebd9486c8ed05fdc5053-md.jpg","","","","","","","","","","","",""
"77b4caae-d421-48cc-9150-da3cca1a153c",331438.07983715,6258981.5135064,212325,"https://s3-ap-southeast-2.amazonaws.com/data-collection.spotparking.com.au/production/raw-data-points/c956cef89d0f1f2b5c15e6daaf6a2733e5260805801e68b2c2-md.jpg","No Stopping","both","6:30a - 9:30a M-F","Metered Parking","both","Max Dur. 1 hour 9:30a - 6:00p M-F; Max Dur. 1 hour 8:30a - 4:30p Sa","","","","","",""
"7f1993b7-6ee2-4199-8325-30bd910f14fd",331444.71774181,6258983.3831259,212326,"https://s3-ap-southeast-2.amazonaws.com/data-collection.spotparking.com.au/production/raw-data-points/e999b3cf10ad6bc37e6e4fde37827d2af90d6daccf39e33bc7-md.jpg","","","","","","","","","","","",""
"0a82e32f-1d8c-4366-a019-0ea60aee6d4f",331489.19582594,6259002.1393081,212327,"https://s3-ap-southeast-2.amazonaws.com/data-collection.spotparking.com.au/production/raw-data-points/f16cb634f035b5826aced97319b372801b64bfa5558028388b-md.jpg","No Stopping","both","6:30a - 9:30a M-F","Metered Parking","left","Max Dur. 1 hour 9:30a - 6:00p M-F; Max Dur. 1 hour 8:30a - 4:30p Sa","Loading Zone","right","","","",""
"6c620cc0-c633-4ac1-a56c-a441c48700f3",331501.61406745,6259006.8083577,212328,"https://s3-ap-southeast-2.amazonaws.com/data-collection.spotparking.com.au/production/raw-data-points/4550d4f6b7060d34c6416d71de3ccbe7bd28aa6eb3d4300653-md.jpg","Loading Zone","left","","No Stopping","left","6:30a - 9:30a M-F","No Stopping","right","","","",""
"7989907d-1fd0-4d38-898a-84cd859b543a",331512.58104037,6259010.7675518,212329,"https://s3-ap-southeast-2.amazonaws.com/data-collection.spotparking.com.au/production/raw-data-points/20454a7ac0bce3556bdaefbcd0f6663da74aba9d90897a3843-md.jpg","No Stopping","both","","","","","","","","","",""
"edcf61be-49ff-4dc5-9250-cc7cdbfe95f6",331847.1231893,6258778.7347814,207568,"https://s3-ap-southeast-2.amazonaws.com/data-collection.spotparking.com.au/production/raw-data-points/9183e0c3e38345f46d58cd4f3d3258c7c88f4635962f32215c-md.jpg","No Parking","left","Exception Duration Limit: 2, Pickup Dropoff","No Stopping","right","","","","","","",""
"253838a7-8f32-4b06-be12-d988e6bcb7ba",331835.22443598,6258774.5356362,207569,"https://s3-ap-southeast-2.amazonaws.com/data-collection.spotparking.com.au/production/raw-data-points/aa64b37409d5ca3d89654c3fe6cc4326af09ae0800f7a5558b-md.jpg","No Parking","both","Exception Duration Limit: 2, Pickup Dropoff","","","","","","","","",""
"4af235c1-b0a0-4be4-bb7a-d300c52ec9dc",331815.1045759,6258766.1873354,207570,"https://s3-ap-southeast-2.amazonaws.com/data-collection.spotparking.com.au/production/raw-data-points/b430d74fa78daae8e6f130fd8f03ba166dc6473a6c2c468c10-md.jpg","No Stopping","left","Taxis, Exception Duration Limit: 1","No Parking","right","Exception Duration Limit: 2, Pickup Dropoff","","","","","",""
"d7273006-2863-4e71-ba5b-63f08513318c",331805.36623379,6258762.5780701,207571,"https://s3-ap-southeast-2.amazonaws.com/data-collection.spotparking.com.au/production/raw-data-points/bcd9330e83394353e5d190162f1083f688d91e964a5412bf12-md.jpg","No Stopping","right","Taxis, Exception Duration Limit: 1","No Stopping","left","","","","","","",""
"40703c63-df3d-4c09-9a22-50cd0263a3d8",332165.71787537,6259061.1173033,206734,"https://s3-ap-southeast-2.amazonaws.com/data-collection.spotparking.com.au/production/raw-data-points/bcb9c96c1a5498d085f98b259d515bc5ba2bc408f3aed58f18-md.jpg","No Stopping","left","","No Stopping","right","Taxis, Exception Duration Limit: 1","","","","","",""
"1f9f6bf8-2c12-4034-ac1a-6a74fcdafff9",332167.36704423,6259056.7181987,206735,"https://s3-ap-southeast-2.amazonaws.com/data-collection.spotparking.com.au/production/raw-data-points/d3902056e35ebaeb4cc93add4380c9560edf5e2faa6f96b437-md.jpg","No Stopping","left","Taxis, Exception Duration Limit: 1","No Stopping","right","","","","","","",""
"94f472fe-bcaa-472a-9ef7-ba45304aa59d",332169.13165491,6259050.9793669,206736,"https://s3-ap-southeast-2.amazonaws.com/data-collection.spotparking.com.au/production/raw-data-points/32e23f94dee6cc94b67b072165ab03c2aa8da113ee207f48c7-md.jpg","Metered Parking","right","Max Dur. 1 hour 8:30a - 6:00p M-F; Max Dur. 1 hour 8:30a - 4:30p Sa-Su","No Stopping","left","","","","","","",""
"9e6eea3d-f97a-42ca-91e6-848f2eabe9df",332169.45324283,6259049.9895683,206737,"https://s3-ap-southeast-2.amazonaws.com/data-collection.spotparking.com.au/production/raw-data-points/4cc0df1d2142119cc13b29eaf2ad94c6e0842965dcbc68f26d-md.jpg","","","","","","","","","","","",""
"db5ec03c-8644-44c1-b3ab-eb62fb150219",332173.0401851,6259041.0513877,206738,"https://s3-ap-southeast-2.amazonaws.com/data-collection.spotparking.com.au/production/raw-data-points/dd74996b48c0cae187f1e5a723b2140eff043b242bdc2d0937-md.jpg","No Stopping","right","","Metered Parking","left","Max Dur. 1 hour 8:30a - 6:00p M-F; Max Dur. 1 hour 8:30a - 4:30p Sa-Su","","","","","",""
"7733eb4b-672f-49c5-9dbc-273035457b17",332176.42098126,6259032.8030666,206739,"https://s3-ap-southeast-2.amazonaws.com/data-collection.spotparking.com.au/production/raw-data-points/ccb5d3d0e0515098a03190590463893d280819d35481ddf4d9-md.jpg","No Stopping","left","","Motorbikes Only","right","","","","","","",""
"d671b28a-d1b4-4a76-85d3-13d6012c4071",332178.34226299,6259027.844076,206740,"https://s3-ap-southeast-2.amazonaws.com/data-collection.spotparking.com.au/production/raw-data-points/00a2c17c05883942e9e9db105e7b45cb84d2eb61469d146224-md.jpg","Motorbikes Only","left","","No Stopping","right","","","","","","",""
"394e209a-fe14-4e28-8222-c1ca0deec0af",332182.40746422,6259018.4859808,206741,"https://s3-ap-southeast-2.amazonaws.com/data-collection.spotparking.com.au/production/raw-data-points/20dd5db0f7de1b40b88d9078a0ae93d44129c62ac4cb0e57b1-md.jpg","Metered Parking","right","Max Dur. 1 hour 8:30a - 6:00p M-F; Max Dur. 1 hour 8:30a - 4:30p Sa-Su","No Stopping","left","","","","","","",""
"264e07ac-1f64-49a8-ae40-05cc9c9ffb5a",332188.54237238,6259001.4994383,206742,"https://s3-ap-southeast-2.amazonaws.com/data-collection.spotparking.com.au/production/raw-data-points/4bb62a587f5fe5eaf60b959aebaa0e971a7b4720f383c2b846-md.jpg","","","","","","","","","","","",""
"86077478-e576-4912-bcef-27335c3b0da9",332189.02887719,6259000.0697294,206743,"https://s3-ap-southeast-2.amazonaws.com/data-collection.spotparking.com.au/production/raw-data-points/83ae07630d4fa208e30edba2c4a5ff2f63ee81fc63c42c7748-md.jpg","Metered Parking","both","Max Dur. 1 hour 8:30a - 6:00p M-F; Max Dur. 1 hour 8:30a - 4:30p Sa-Su","","","","","","","","",""
"db8293be-f7bd-46d1-8cae-93e5f35fc051",332194.8751808,6258984.3129366,206744,"https://s3-ap-southeast-2.amazonaws.com/data-collection.spotparking.com.au/production/raw-data-points/6a7bcb5567238afe1fc77053b3ba82fd78b998544b201d5c30-md.jpg","No Stopping","right","","Metered Parking","left","Max Dur. 1 hour 8:30a - 6:00p M-F; Max Dur. 1 hour 8:30a - 4:30p Sa-Su","","","","","",""
"06f425f8-4440-41bd-9812-81f6ccf19b52",332198.12404345,6258977.9442329,206745,"https://s3-ap-southeast-2.amazonaws.com/data-collection.spotparking.com.au/production/raw-data-points/efb244e7bbe45d3ab1ed44ea6fdee712d143ea755adbbd7bed-md.jpg","Metered Parking","right","Max Dur. 1 hour 8:30a - 6:00p M-F; Max Dur. 1 hour 8:30a - 4:30p Sa-Su","No Stopping","left","","","","","","",""
"ba973a80-768f-494b-9f5a-31131824c62e",332200.35866726,6258972.2054011,206746,"https://s3-ap-southeast-2.amazonaws.com/data-collection.spotparking.com.au/production/raw-data-points/8e7e41e57d136e207e7427aa79e1293937e00f1e46fff96ccb-md.jpg","No Stopping","right","","Metered Parking","left","Max Dur. 1 hour 8:30a - 6:00p M-F; Max Dur. 1 hour 8:30a - 4:30p Sa-Su","","","","","",""
"09a72fea-dbd6-4c58-aec3-fb8298838327",332202.27170313,6258967.9162741,206747,"https://s3-ap-southeast-2.amazonaws.com/data-collection.spotparking.com.au/production/raw-data-points/90a1f0de1a4a7721e7a96d65ebbfda4d620dd07351d769d2d3-md.jpg","No Stopping","left","","Metered Parking","right","Max Dur. 1 hour 8:30a - 6:00p M-F; Max Dur. 1 hour 8:30a - 4:30p Sa-Su","","","","","",""
"35c57419-93a0-4f91-9c5d-822b156eadc9",332204.89388162,6258960.9676885,206748,"https://s3-ap-southeast-2.amazonaws.com/data-collection.spotparking.com.au/production/raw-data-points/2ce2cf57c50491b6a522d81983e8af79664fc013cca57f3ffc-md.jpg","","","","","","","","","","","",""
"c3652724-29ae-4867-a75f-4c8476942011",332206.3616419,6258957.0184923,206749,"https://s3-ap-southeast-2.amazonaws.com/data-collection.spotparking.com.au/production/raw-data-points/f169ca62d0c5b56d0a7822b54c91855c03d1073f32793a562b-md.jpg","Metered Parking","left","Max Dur. 1 hour 8:30a - 6:00p M-F; Max Dur. 1 hour 8:30a - 4:30p Sa-Su","No Stopping","right","","","","","","",""
"a8e030e3-3d0f-4e78-8f01-98bf7b2898e9",332214.40134009,6258937.9623711,206750,"https://s3-ap-southeast-2.amazonaws.com/data-collection.spotparking.com.au/production/raw-data-points/9de18ffddfe189894c7999d4f99d6878acfcaa8255efebd5df-md.jpg","No Stopping","both","","","","","","","","","",""
"3b9e8c75-2efd-4d5d-8cba-1f1625e21a01",331544.01419882,6259045.0405757,212332,"https://s3-ap-southeast-2.amazonaws.com/data-collection.spotparking.com.au/production/raw-data-points/92d82c6a29e97b47111b3f35cfa874bf1b4601626390d1ecd8-md.jpg","Loading Zone","right","","No Stopping","left","","","","","","",""
"23c7c9e5-e4a9-4cb0-ba3f-c31e70dc4370",331543.38751466,6259059.6875943,212333,"https://s3-ap-southeast-2.amazonaws.com/data-collection.spotparking.com.au/production/raw-data-points/935c6ced97b16e486aac4e0a362e825f7575faa2bf7cae2dc9-md.jpg","Loading Zone","left","","No Stopping","right","","","","","","",""
"30c8c282-f50b-42cb-9936-57f7a42025fa",331543.04943504,6259067.8959235,212334,"https://s3-ap-southeast-2.amazonaws.com/data-collection.spotparking.com.au/production/raw-data-points/4b49f3667ddbf3b208929c11b814f94e6510ddcb17da2f365f-md.jpg","No Stopping","left","","Metered Parking","right","Max Dur. 1 hour 8:30a - 6:00p M-F; Max Dur. 1 hour 8:30a - 4:30p Sa","","","","","",""
"400aa480-5b98-40b1-9d12-17ada883296b",331542.83504309,6259073.9746862,212335,"https://s3-ap-southeast-2.amazonaws.com/data-collection.spotparking.com.au/production/raw-data-points/b462302c02f09f05105d81d85140b76486ccaf555c21ee3f63-md.jpg","No Stopping","right","","Metered Parking","left","Max Dur. 1 hour 8:30a - 6:00p M-F; Max Dur. 1 hour 8:30a - 4:30p Sa","","","","","",""
"581fada0-f4d0-4de4-854b-035432e707c1",331542.64538867,6259079.4135791,212336,"https://s3-ap-southeast-2.amazonaws.com/data-collection.spotparking.com.au/production/raw-data-points/6cc59a9a7ec73624d68b991fcea2785587a102e5e38dc71884-md.jpg","No Stopping","left","","Disabled Parking","right","No Of Bays: 2","","","","","",""
"c694d6c0-35b8-427e-b1be-44235e0ea770",331542.52994685,6259081.9730582,212337,"https://s3-ap-southeast-2.amazonaws.com/data-collection.spotparking.com.au/production/raw-data-points/9feebd723fb6de34915c5cac198d6a91f322b58cc9dc5ff9e6-md.jpg","","","","","","","","","","","",""
"eb17116b-b633-41e6-b339-57fdad52af82",331542.26607983,6259091.2711656,212338,"https://s3-ap-southeast-2.amazonaws.com/data-collection.spotparking.com.au/production/raw-data-points/b2f5a9bf8f6cf37c7338b737abe0111c31e49ee72149c17d63-md.jpg","Disabled Parking","left","No Of Bays: 2","No Stopping","right","","","","","","",""
"d98619f9-e108-42fa-aacb-647590d11359",331828.32266431,6258578.0556291,207924,"https://s3-ap-southeast-2.amazonaws.com/data-collection.spotparking.com.au/production/raw-data-points/6c79e00e42bd4278985e3322d1799ee477fb060569a3e45674-md.jpg","No Stopping","both","","","","","","","","","",""
"d9aae4cb-ec97-4010-b905-e2503a19bb4e",331982.35503576,6258960.2678309,207428,"https://s3-ap-southeast-2.amazonaws.com/data-collection.spotparking.com.au/production/raw-data-points/ed952ddc1b89f54de5785e164c14ff3668a7166890defc8ced-md.jpg","","","","","","","","","","","",""
"9c859cbf-5f12-433f-8ca5-042635dc48d0",331976.19539007,6258957.7283478,207429,"https://s3-ap-southeast-2.amazonaws.com/data-collection.spotparking.com.au/production/raw-data-points/aa81f12e7e2d5ece9935bdd297d96c21be0fe8137b69ade369-md.jpg","No Parking","right","","No Stopping","left","","","","","","",""
"cb912375-c493-434f-a85b-37ba4395da8d",331959.65422641,6258950.2098782,207430,"https://s3-ap-southeast-2.amazonaws.com/data-collection.spotparking.com.au/production/raw-data-points/ad7aaa31d512824abc52e52a0f9cc9c5961d882243185ca794-md.jpg","No Stopping","right","","No Parking","left","","","","","","",""
"0c85339e-82c6-4e9f-8cc4-4a560b7d559e",331789.13841221,6258684.3040026,214930,"https://s3-ap-southeast-2.amazonaws.com/data-collection.spotparking.com.au/production/raw-data-points/inserted_datapoint-md.jpg","","","","","","","","","","","",""
"6c10261d-7a71-49e1-9ed5-b850dbc00b47",331788.26435272,6258686.733508,214931,"https://s3-ap-southeast-2.amazonaws.com/data-collection.spotparking.com.au/production/raw-data-points/inserted_datapoint-md.jpg","","","","","","","","","","","",""
"f52b332f-042f-4649-b93f-6ff62a51f088",331787.29134309,6258689.1530156,214932,"https://s3-ap-southeast-2.amazonaws.com/data-collection.spotparking.com.au/production/raw-data-points/inserted_datapoint-md.jpg","","","","","","","","","","","",""
"11d79198-d584-4d8c-8529-eb47d744eede",331786.31008762,6258691.5725231,214933,"https://s3-ap-southeast-2.amazonaws.com/data-collection.spotparking.com.au/production/raw-data-points/inserted_datapoint-md.jpg","","","","","","","","","","","",""
"4e685c15-74a8-4036-8547-d6930c8a3b1c",331785.43602812,6258694.0120265,214934,"https://s3-ap-southeast-2.amazonaws.com/data-collection.spotparking.com.au/production/raw-data-points/inserted_datapoint-md.jpg","","","","","","","","","","","",""
"3a5454a6-11d9-4b59-934d-46e9090f91b0",331784.4630185,6258696.3215564,214935,"https://s3-ap-southeast-2.amazonaws.com/data-collection.spotparking.com.au/production/raw-data-points/inserted_datapoint-md.jpg","","","","","","","","","","","",""
"3d2df3c0-8238-4c44-94b1-3902101bdaf0",331783.588959,6258698.7410639,214936,"https://s3-ap-southeast-2.amazonaws.com/data-collection.spotparking.com.au/production/raw-data-points/inserted_datapoint-md.jpg","","","","","","","","","","","",""
"bbe9350a-97c0-4ee5-94bf-d73f0d17ee7e",331782.64068691,6258701.1605715,214937,"https://s3-ap-southeast-2.amazonaws.com/data-collection.spotparking.com.au/production/raw-data-points/inserted_datapoint-md.jpg","","","","","","","","","","","",""
"4dcceb47-49fd-48bd-852b-a838b5f57a08",331781.66767728,6258703.5900769,214938,"https://s3-ap-southeast-2.amazonaws.com/data-collection.spotparking.com.au/production/raw-data-points/inserted_datapoint-md.jpg","","","","","","","","","","","",""
"5b8f4abe-f9e5-442c-aa53-fc254b11644b",331780.79361778,6258706.0095845,214939,"https://s3-ap-southeast-2.amazonaws.com/data-collection.spotparking.com.au/production/raw-data-points/inserted_datapoint-md.jpg","","","","","","","","","","","",""
"c2a5f7e7-0763-4dac-afd2-5981b68d1273",331779.81236231,6258708.429092,214940,"https://s3-ap-southeast-2.amazonaws.com/data-collection.spotparking.com.au/production/raw-data-points/inserted_datapoint-md.jpg","No Stopping","right","","Unrestricted Parking","left","No Of Bays: 11","Restricted Parking","left","No Of Bays: 11, Max Dur. 30 minutes 8:30a - 6:00p","","",""
"5d9a6035-2d7b-4603-a60d-888bbbd5d048",331541.0869241,6258848.6605483,210839,"https://s3-ap-southeast-2.amazonaws.com/data-collection.spotparking.com.au/production/raw-data-points/fd290825959b71876b84ad57c17c931bbd21a8ad6f2e4de6f6-md.jpg","No Stopping","both","","","","","","","","","",""
"dd03c9c7-cf99-4f26-8d9c-3155310193e0",331528.09971933,6258843.7715434,210840,"https://s3-ap-southeast-2.amazonaws.com/data-collection.spotparking.com.au/production/raw-data-points/5cde28c1b4c9da7a735a78d47ca8f82a7361966bc15c21c9d7-md.jpg","Bus Zone","right","","No Stopping","left","","","","","","",""
"0c72815c-1a07-4124-8d03-d6539359b029",331519.92808763,6258840.5222048,210841,"https://s3-ap-southeast-2.amazonaws.com/data-collection.spotparking.com.au/production/raw-data-points/6420d33d28243a31ef0133893e9642c42b8db187f1efc06f9b-md.jpg","Bus Zone","both","","","","","","","","","",""
"7273aa1b-7857-4f5a-91e5-595b7ff03ff9",331493.99490732,6258830.4042643,210842,"https://s3-ap-southeast-2.amazonaws.com/data-collection.spotparking.com.au/production/raw-data-points/04db2aff03eef2cf6c0ca6e9b7aba070c2fc5bbc7f1ea67782-md.jpg","Bus Zone","both","","","","","","","","","",""
"f7be38c3-ebb1-4359-aa8c-abf71044a4b7",331472.57220384,6258821.92599,210843,"https://s3-ap-southeast-2.amazonaws.com/data-collection.spotparking.com.au/production/raw-data-points/e63285f1e14375a0dbf4e889af2a04c60e10864d5383911d18-md.jpg","Bus Zone","left","","No Stopping","right","","","","","","",""
"a364ac4a-ba12-4f0a-b636-e1120bb4346c",331940.73001375,6258626.4157855,213335,"https://s3-ap-southeast-2.amazonaws.com/data-collection.spotparking.com.au/production/raw-data-points/inserted_datapoint-md.jpg","No Stopping","left","","","","","","","","","",""
"222f99ef-dda3-46ac-977d-9933c3b882b0",331967.3970742,6258637.6335022,207110,"https://s3-ap-southeast-2.amazonaws.com/data-collection.spotparking.com.au/production/raw-data-points/cbfbbc70d5e287010599727bafc4d85125994d9864218ceed0-md.jpg","No Stopping","right","","","","","","","","","",""
"a0c3b06f-df8f-4acb-a249-88ecfe78e782",332139.53731973,6258902.359618,206782,"https://s3-ap-southeast-2.amazonaws.com/data-collection.spotparking.com.au/production/raw-data-points/aac37c05a153e8ae7d7ee1f326d4adcca991feb04e70275fd2-md.jpg","No Stopping","left","","No Parking","right","Police","","","","","",""
"290f19c5-df3a-4b41-bb2a-0ad1a5bd0ee0",332134.34243782,6258913.6973102,206783,"https://s3-ap-southeast-2.amazonaws.com/data-collection.spotparking.com.au/production/raw-data-points/2fbcc9977991fd341b2791c504dd55cb169ad51c812155323f-md.jpg","No Stopping","right","","No Parking","left","Police","","","","","",""
"41bf80c9-e7b2-41d0-a649-dbc2dca92ab6",332127.11907822,6258933.6532482,206784,"https://s3-ap-southeast-2.amazonaws.com/data-collection.spotparking.com.au/production/raw-data-points/0f533c08bffe5ccd0b6b52e56d1a475f886e124c0bb8caa2e3-md.jpg","No Stopping","left","","No Parking","right","Police","","","","","",""
"61cad0be-e667-4216-83da-48ffffe0f329",332123.16107296,6258942.6714126,206785,"https://s3-ap-southeast-2.amazonaws.com/data-collection.spotparking.com.au/production/raw-data-points/97b19f5c56449cea12f59bfa9ada8bdc32a4dce914d867dd7a-md.jpg","","","","","","","","","","","",""
"242973d8-9a09-49dd-93dd-3ae7183cbe0c",332120.64609045,6258948.9501346,206786,"https://s3-ap-southeast-2.amazonaws.com/data-collection.spotparking.com.au/production/raw-data-points/d23c292f7e1860ea9369caad161e21484f258fd51f62885a54-md.jpg","No Parking","left","Police","Metered Parking","right","Max Dur. 1 hour 8:30a - 6:00p M-F; Max Dur. 1 hour 8:30a - 4:30p Sa-Su","","","","","",""
"fb7f3190-ccb3-4b2c-b0f3-b87f248bf43d",332117.26529428,6258957.5583824,206787,"https://s3-ap-southeast-2.amazonaws.com/data-collection.spotparking.com.au/production/raw-data-points/3fd0363d1b7a1435e7bd6ee2bb908003eb0c5787a1110d0b6d-md.jpg","Metered Parking","left","Max Dur. 1 hour 8:30a - 6:00p M-F; Max Dur. 1 hour 8:30a - 4:30p Sa-Su","No Stopping","right","","","","","","",""
"ebd6ebc6-f728-4aa7-a12a-a863e59f3232",332114.53591982,6258964.9268826,206788,"https://s3-ap-southeast-2.amazonaws.com/data-collection.spotparking.com.au/production/raw-data-points/83ad96fcfea8d7e91a4c2f54934d27add432d22ab80f1d945a-md.jpg","No Stopping","left","","Metered Parking","right","Max Dur. 1 hour 8:30a - 6:00p M-F; Max Dur. 1 hour 8:30a - 4:30p Sa-Su","","","","","",""
"9cf67fb2-d416-4c95-a15c-578a4b2c2c0d",332110.16562235,6258976.2745728,206789,"https://s3-ap-southeast-2.amazonaws.com/data-collection.spotparking.com.au/production/raw-data-points/1da520528a33a968201b71ee4de78429a48439cdbffcf9fbfc-md.jpg","Metered Parking","left","Max Dur. 1 hour 8:30a - 6:00p M-F; Max Dur. 1 hour 8:30a - 4:30p Sa-Su","No Stopping","right","","","","","","",""
"b08f2262-2ec5-4123-9dc1-d4fec570691f",332101.71363194,6258997.9801547,206790,"https://s3-ap-southeast-2.amazonaws.com/data-collection.spotparking.com.au/production/raw-data-points/a5e7f763395a9819337bbe868f0dd88b5304db1799efecdcd2-md.jpg","No Stopping","both","","","","","","","","","",""
"1fff95a0-94f9-4aad-9a0b-8d6e3b6c0dc4",332095.53749456,6259013.7369474,206791,"https://s3-ap-southeast-2.amazonaws.com/data-collection.spotparking.com.au/production/raw-data-points/6b1035fc394a22c01489c5f072d43542a8222878a406ef8672-md.jpg","Loading Zone","right","","No Stopping","left","","","","","","",""
"bfb37ff5-8463-4852-b16b-2873f3320ef4",332093.85534233,6259018.4759828,206792,"https://s3-ap-southeast-2.amazonaws.com/data-collection.spotparking.com.au/production/raw-data-points/5bca959c7df80fd1dfc53b2530ecc9761344bd6330e058b224-md.jpg","Loading Zone","left","","No Parking","right","","","","","","",""
"3ba4ae7d-595f-484c-a2ee-0aaca4c4660a",332091.82686463,6259023.544951,206793,"https://s3-ap-southeast-2.amazonaws.com/data-collection.spotparking.com.au/production/raw-data-points/5dd0b63f8ffae2aceffd50bc2c1360d863c9c1cd09b2118444-md.jpg","No Parking","left","","Disabled Parking","right","Max Dur. 1 hour","","","","","",""
"c07fc2e6-0949-4c09-800c-f278910c6d3b",332087.20094598,6259034.7826636,206794,"https://s3-ap-southeast-2.amazonaws.com/data-collection.spotparking.com.au/production/raw-data-points/02fea5a9deda41863bfafc4f0398b54d331fc9e4b9b1b626e2-md.jpg","Disabled Parking","left","Max Dur. 1 hour","No Stopping","right","","","","","","",""
"9ef9795d-ed55-48bd-8ef1-4211ded90482",332424.90125328,6259016.1964468,205242,"https://s3-ap-southeast-2.amazonaws.com/data-collection.spotparking.com.au/production/raw-data-points/a1915687735864100565f1472708386c3aa7dd3d7d9cb04fc1-md.jpg","Unrestricted Parking","right","No Of Driveways: 2","No Stopping","left","","","","","","",""
"f83c2a8a-455d-4d02-920d-71f191495bcc",332382.89692244,6259124.1844662,205243,"https://s3-ap-southeast-2.amazonaws.com/data-collection.spotparking.com.au/production/raw-data-points/8b17d7f78873036995c6a9096e7f4ee640baa537937bc350db-md.jpg","Unrestricted Parking","left","No Of Driveways: 2","No Parking","right","","","","","","",""
"c68d22a9-5930-42dc-940f-2c2829915a30",332371.50941146,6259151.8288392,205244,"https://s3-ap-southeast-2.amazonaws.com/data-collection.spotparking.com.au/production/raw-data-points/cffc0ced564e2c84165994173c417978985aac4f98730fd66e-md.jpg","No Stopping","right","","No Parking","left","","","","","","",""
"269fda10-ae92-4c42-89fa-7e43aaa1c458",331999.31673747,6259043.6508585,206916,"https://s3-ap-southeast-2.amazonaws.com/data-collection.spotparking.com.au/production/raw-data-points/71a6c14eca83fb3e73226d691671a56ee9b35c4a081225f71d-md.jpg","","","","","","","","","","","",""
"75087185-e39d-4497-a4dc-521c4173342a",331995.81225365,6259053.5788377,206917,"https://s3-ap-southeast-2.amazonaws.com/data-collection.spotparking.com.au/production/raw-data-points/61ce8e57c2ff456fa2fc7ec662d1a4db60840c492283204c0d-md.jpg","No Stopping","both","","","","","","","","","",""
"f7d3387f-576a-455d-be4c-b1483c346dd8",331986.07391153,6259076.3741978,206918,"https://s3-ap-southeast-2.amazonaws.com/data-collection.spotparking.com.au/production/raw-data-points/b41c4406402a1cca5d31610624f1c0a255211fff2c8680318b-md.jpg","","","","","","","","","","","",""
"6effe6e3-69a0-4c2c-bf17-9befa57fb6a7",331978.71861842,6259094.5504981,206919,"https://s3-ap-southeast-2.amazonaws.com/data-collection.spotparking.com.au/production/raw-data-points/a34c7d92225e92b531356bc4cbd6215239ff66abea33da53a2-md.jpg","No Stopping","both","","","","","","","","","",""
"2930f2cd-f141-4618-8ce1-90e0aadfec72",331625.04611072,6259002.9991331,207635,"https://s3-ap-southeast-2.amazonaws.com/data-collection.spotparking.com.au/production/raw-data-points/3a5abbb944e9d0e498dd3d8979b2fbc3ce1b88f75fad6ed242-md.jpg","Bus Zone","left","","No Stopping","right","","","","","","",""
"ec744c49-803a-4de6-ab8e-60d905ba72f1",331628.4681361,6258915.0970253,207636,"https://s3-ap-southeast-2.amazonaws.com/data-collection.spotparking.com.au/production/raw-data-points/d3aab0e160e71be4fbeaa5e350b85c859f3f3e760b754e4fe9-md.jpg","Bus Zone","right","","No Stopping","left","","","","","","",""
"7847055b-f8d4-45fd-9fb7-3d2e42ea7f95",332054.22581464,6258901.9696973,206809,"https://s3-ap-southeast-2.amazonaws.com/data-collection.spotparking.com.au/production/raw-data-points/b077bb97d2853f36a7e546f59311b263706dcee4ffe754b35c-md.jpg","No Stopping","both","","","","","","","","","",""
"a0ebb84d-87bf-42bc-b783-ceb2b1ffcd45",332045.78207008,6258925.2349618,206810,"https://s3-ap-southeast-2.amazonaws.com/data-collection.spotparking.com.au/production/raw-data-points/b943101347a7bf283c9fb1460a27626f3172abe88112dd6024-md.jpg","Bus Zone","right","","No Stopping","left","","","","","","",""
"7ca38ec0-1913-4267-ae67-1d50c955498c",332038.40203944,6258944.850969,206811,"https://s3-ap-southeast-2.amazonaws.com/data-collection.spotparking.com.au/production/raw-data-points/ea63d0e1757f0134a348bbd3151e1ac926a9e0ef39c357c9e4-md.jpg","No Stopping","right","","Bus Zone","left","","","","","","",""
"3eb59a7e-2e9e-4f74-929e-6c1c8c446bc3",332034.32034651,6258954.9789075,206812,"https://s3-ap-southeast-2.amazonaws.com/data-collection.spotparking.com.au/production/raw-data-points/15315f622ef09c009db6d778acd96fbcc4a515e966a8acdd98-md.jpg","No Stopping","left","","No Stopping","right","3:30p - 6:30p M-F","Loading Zone","right","","","",""
"ba2ea6d1-eb03-4b1b-aa9a-3f8baa64151f",332024.34287491,6258980.4237282,206813,"https://s3-ap-southeast-2.amazonaws.com/data-collection.spotparking.com.au/production/raw-data-points/681bbd67ee7d3793816bf36d5e9253f87cabdcfe0996ff1315-md.jpg","Loading Zone","left","","No Stopping","right","","No Stopping","left","3:30p - 6:30p M-F","","",""
"dae3a0d4-7347-4d14-8dae-cdaa154ba5d2",332014.48084513,6259004.5488177,206814,"https://s3-ap-southeast-2.amazonaws.com/data-collection.spotparking.com.au/production/raw-data-points/47f8209dfc7f7d5ca50ff1a926afd4cf2213ad9cf9858c0fcd-md.jpg","No Stopping","both","","","","","","","","","",""
"699e1d29-c7e8-4208-9502-584b4c3fe2d3",331776.25015758,6258679.7649265,214949,"https://s3-ap-southeast-2.amazonaws.com/data-collection.spotparking.com.au/production/raw-data-points/inserted_datapoint-md.jpg","","","","","","","","","","","",""
"69f308ba-02cc-476c-a12c-8357aa9a2683",331775.27714795,6258682.184434,214950,"https://s3-ap-southeast-2.amazonaws.com/data-collection.spotparking.com.au/production/raw-data-points/inserted_datapoint-md.jpg","","","","","","","","","","","",""
"866e6f05-6dc7-453d-bfd0-e093aebf9be2",331774.40308846,6258684.6139395,214951,"https://s3-ap-southeast-2.amazonaws.com/data-collection.spotparking.com.au/production/raw-data-points/inserted_datapoint-md.jpg","","","","","","","","","","","",""
"5c5c6aac-43d0-4c6b-bd5f-4e7d17e25575",331773.42183298,6258687.033447,214952,"https://s3-ap-southeast-2.amazonaws.com/data-collection.spotparking.com.au/production/raw-data-points/inserted_datapoint-md.jpg","","","","","","","","","","","",""
"5fc1b871-0bc7-4b4a-9caf-c6855d4cfe0d",331772.48180673,6258689.4529545,214953,"https://s3-ap-southeast-2.amazonaws.com/data-collection.spotparking.com.au/production/raw-data-points/inserted_datapoint-md.jpg","","","","","","","","","","","",""
"7d777aa6-18cf-4b87-ac60-06e0326d2390",331771.60774724,6258691.872462,214954,"https://s3-ap-southeast-2.amazonaws.com/data-collection.spotparking.com.au/production/raw-data-points/inserted_datapoint-md.jpg","","","","","","","","","","","",""
"7b090b32-d196-44e0-951e-a8f2c81d92e2",331770.62649177,6258694.3019675,214955,"https://s3-ap-southeast-2.amazonaws.com/data-collection.spotparking.com.au/production/raw-data-points/inserted_datapoint-md.jpg","","","","","","","","","","","",""
"92086786-0728-4dbc-8007-d5653e8ac1ad",331769.65348214,6258696.721475,214956,"https://s3-ap-southeast-2.amazonaws.com/data-collection.spotparking.com.au/production/raw-data-points/inserted_datapoint-md.jpg","","","","","","","","","","","",""
"b9d5e593-44ad-4094-aa33-84bcfe93b82e",332020.63224498,6259011.1874664,206802,"https://s3-ap-southeast-2.amazonaws.com/data-collection.spotparking.com.au/production/raw-data-points/a17dd8b1ff4b82ade8852db944e1fe7b9fe881b0bdf4ae2aed-md.jpg","No Stopping","both","","","","","","","","","",""
"e61be7c5-86d1-4849-9944-d1450e196ec0",332031.29412165,6258985.0927779,206803,"https://s3-ap-southeast-2.amazonaws.com/data-collection.spotparking.com.au/production/raw-data-points/db6772a94ce8d9b0ff55bc73d5842a0b5820b8099895646d8e-md.jpg","No Stopping","left","","No Stopping","right","6:30a - 9:30a M-F; 3:30p - 6:30p M-F","No Parking","right","","","",""
"7e237ccb-9137-4dcf-9247-61e1a4618911",332041.66739378,6258958.3282257,206804,"https://s3-ap-southeast-2.amazonaws.com/data-collection.spotparking.com.au/production/raw-data-points/8016b3b0a051587627c76c9e00a5366e5719480e3261c60ab6-md.jpg","No Stopping","right","","No Parking","left","","No Stopping","left","6:30a - 9:30a M-F; 3:30p - 6:30p M-F","","",""
"31fd2dd1-5a65-4774-b942-337f77c99703",332044.66063526,6258950.9497276,206805,"https://s3-ap-southeast-2.amazonaws.com/data-collection.spotparking.com.au/production/raw-data-points/9ff34755a7031ea46fc1cd89cc13c9aef9c67a170e01d010e3-md.jpg","No Stopping","right","6:30a - 9:30a M-F; 3:30p - 6:30p M-F","No Stopping","left","","No Parking","right","","","",""
"a300a61a-ad02-48d7-835b-8dabd050b840",332052.34576214,6258931.4337,206806,"https://s3-ap-southeast-2.amazonaws.com/data-collection.spotparking.com.au/production/raw-data-points/28699a6859ca251ad2f9167d5b92e0277428f6795a9dadd9c9-md.jpg","No Stopping","left","6:30a - 9:30a M-F; 3:30p - 6:30p M-F","No Parking","left","","No Stopping","right","","","",""
"0bedf355-c967-4481-8110-f9c45bf6c8a3",332200.91938467,6258907.9884722,205270,"https://s3-ap-southeast-2.amazonaws.com/data-collection.spotparking.com.au/production/raw-data-points/27c2f4120d84e7cea442d4235d4237c9c832812741ac0b992f-md.jpg","Restricted Parking","right","Max Dur. 1 hour 9:30a - 3:00p M-F; Max Dur. 1 hour 8:30a - 4:00p Sa, No Of Driveways: 1, No Of Bays: 5","No Parking","right","8:30a - 9:30a M-F; 3:00p - 6:00p M-F","No Stopping","left","","","",""
"a06d906b-78fc-42ad-a608-aa24e96722b5",332165.14891211,6258894.7111748,205271,"https://s3-ap-southeast-2.amazonaws.com/data-collection.spotparking.com.au/production/raw-data-points/7ad2bc43819f58ac99872b1cabf1fa8b95725a72329d771977-md.jpg","No Stopping","right","","Restricted Parking","left","Max Dur. 1 hour 9:30a - 3:00p M-F; Max Dur. 1 hour 8:30a - 4:00p Sa, No Of Bays: 5, No Of Driveways: 1","No Parking","left","8:30a - 9:30a M-F; 3:00p - 6:00p M-F","","",""
"1851bc8e-82c2-48cd-b9bb-7cd8638de96f",331855.05569151,6258911.2178149,206857,"https://s3-ap-southeast-2.amazonaws.com/data-collection.spotparking.com.au/production/raw-data-points/39fd37cb10d5717a9112e98ef10a4a56ae00c6a9fef3fec9ab-md.jpg","No Stopping","both","","","","","","","","","",""
"599f4764-b6ac-47f2-a1c8-682a17a47666",331847.56021905,6258600.6910217,207607,"https://s3-ap-southeast-2.amazonaws.com/data-collection.spotparking.com.au/production/raw-data-points/265805562da7631ad7e119e078bac9a657f1a4a723230fa7bb-md.jpg","No Stopping","both","","","","","","","","","",""
"5785e479-e0be-43a3-bed1-181de4514bf2",331823.36691189,6258664.2880767,207608,"https://s3-ap-southeast-2.amazonaws.com/data-collection.spotparking.com.au/production/raw-data-points/cb825ef1f2b37a541dad608d9159172318583514874bc89a5b-md.jpg","No Stopping","right","","No Parking","left","Buses, Taxis","","","","","",""
"018c9a9e-cce3-4e2f-b386-96dfc23edc4e",331819.84593637,6258674.9759013,207609,"https://s3-ap-southeast-2.amazonaws.com/data-collection.spotparking.com.au/production/raw-data-points/5760b0bd45239af8ed9d735c055f3591d9270ec92f2cbfe78f-md.jpg","No Parking","left","","No Parking","right","Buses, Taxis","","","","","",""
"b50c29a8-f478-49e0-b6b8-db215cf13fa4",331818.51010959,6258682.8343017,207610,"https://s3-ap-southeast-2.amazonaws.com/data-collection.spotparking.com.au/production/raw-data-points/a0062240d7374defc5ad4bbdc168112f14cfda737e5b221a0e-md.jpg","No Stopping","left","","No Parking","right","","","","","","",""
"b29df85e-b74c-431b-bc7e-553dafcc1bb8",331812.35870975,6258700.4807098,207611,"https://s3-ap-southeast-2.amazonaws.com/data-collection.spotparking.com.au/production/raw-data-points/8270033b92ba8ea81095734d66467ff1b788c4f90f986f4b44-md.jpg","No Stopping","both","","","","","","","","","",""
"f71b4598-6f03-4992-aa8f-4386aa29357b",331722.40479432,6259091.8010577,212769,"https://s3-ap-southeast-2.amazonaws.com/data-collection.spotparking.com.au/production/raw-data-points/0a28670d81599f8485a7b3cab93f8b7d05ce7d7d75042ff78b-md.jpg","No Stopping","left","Taxis, Exception Duration Limit: 1","Metered Parking","right","Max Dur. 1 hour 8:30a - 3:30p M-F; Max Dur. 1 hour 8:30a - 4:30p Sa-Su","No Stopping","right","3:30p - 6:30p M-F","","",""
"c3bd6ad1-c730-410c-98f0-f73192790c27",331716.41006552,6259089.5915075,212770,"https://s3-ap-southeast-2.amazonaws.com/data-collection.spotparking.com.au/production/raw-data-points/2bda475b8cef90e36ef89698ca7bf8c573686c1585bd80ba3a-md.jpg","Clearway","both","Special Event, Inferred, 3:00p - 10:30p","","","","","","","","",""
"170947ce-c7d1-42c6-9361-37b8babb3702",331710.51428685,6259087.2619816,212771,"https://s3-ap-southeast-2.amazonaws.com/data-collection.spotparking.com.au/production/raw-data-points/e9460827c9ebda29533c3703d851cc5cc9b84c70bf275d32b4-md.jpg","No Stopping","left","3:30p - 6:30p M-F","No Stopping","right","","Metered Parking","left","Max Dur. 1 hour 8:30a - 3:30p M-F; Max Dur. 1 hour 8:30a - 4:30p Sa-Su","","",""
"1a6a03ba-2e91-42bd-877f-fa9a5e02dc9d",331708.13123785,6259086.2221933,212772,"https://s3-ap-southeast-2.amazonaws.com/data-collection.spotparking.com.au/production/raw-data-points/fe75e9f9f7e39769d8ba4492d80443409681b989b46bb448ab-md.jpg","","","","","","","","","","","",""
"9d692060-859f-4da2-a2fa-db1b3b3fe1da",331700.77594474,6259083.5427387,212773,"https://s3-ap-southeast-2.amazonaws.com/data-collection.spotparking.com.au/production/raw-data-points/057d11583a81647dbe208916e367c9a5c8ef9ba7fa4a25f5a7-md.jpg","Bus Zone","right","","No Stopping","left","","","","","","",""
"17680e81-3798-4973-ac9e-51861d7334f8",331680.82100154,6259074.8745031,212774,"https://s3-ap-southeast-2.amazonaws.com/data-collection.spotparking.com.au/production/raw-data-points/90ef442945e5b707fcc5983c6f1fbbcc18407e5c14c5fa8d80-md.jpg","Bus Zone","both","","","","","","","","","",""
"cf0fd374-a73f-4187-8e82-7ee816ec296c",331673.28429985,6259071.2852336,212775,"https://s3-ap-southeast-2.amazonaws.com/data-collection.spotparking.com.au/production/raw-data-points/8d7b611462e86037c404c5ce20c231d86e3dbe9e71b630bf2b-md.jpg","Bus Zone","left","","No Stopping","right","","","","","","",""
"fc2a2c85-c5f0-49d9-a328-f0a433a523d7",331661.55046342,6259065.5364038,212776,"https://s3-ap-southeast-2.amazonaws.com/data-collection.spotparking.com.au/production/raw-data-points/786bd939670791522cdb0f2ae47d55ed2606f0c12a1f97fcab-md.jpg","No Stopping","both","","","","","","","","","",""
"48a424d3-1734-42e2-af21-f37472d98c8b",331651.35859987,6259059.2676798,212777,"https://s3-ap-southeast-2.amazonaws.com/data-collection.spotparking.com.au/production/raw-data-points/ffac11403567a2ae1040df9ee7fbc9da0918b495c495a44871-md.jpg","No Stopping","both","","","","","","","","","",""
"4871bf16-3d09-4659-944f-5c0740c2fb99",331642.51905478,6259052.1091369,212778,"https://s3-ap-southeast-2.amazonaws.com/data-collection.spotparking.com.au/production/raw-data-points/560879943b072fa52b7b5a30bee4c0fc48167cc2b212cd79d8-md.jpg","Clearway","left","Special Event, Inferred, 3:00p - 10:30p","No Stopping","both","","","","","","",""
"0ab00fe9-48ad-40df-b6bc-a34bfd5aff3d",331636.84591391,6259042.8210275,212779,"https://s3-ap-southeast-2.amazonaws.com/data-collection.spotparking.com.au/production/raw-data-points/aef51a4ae39b9d1c0033f32cfb716cd8a920dc6ebb692bb337-md.jpg","No Stopping","both","","","","","","","","","",""
"f03b10a4-454d-4851-ae60-23bb6e8469ce",331885.79619905,6258810.7082733,207559,"https://s3-ap-southeast-2.amazonaws.com/data-collection.spotparking.com.au/production/raw-data-points/77a168e954fe7c2a15e6116bb06f149fc6ac596f25e2f5452e-md.jpg","No Stopping","right","","Metered Parking","left","Max Dur. 1 hour 8:30a - 6:00p M-F; Max Dur. 1 hour 8:30a - 4:30p Sa-Su, No Of Bays: 7","","","","","",""
"0a0558e8-1db8-4613-9851-81ff6e3b1d00",331878.40792256,6258830.754193,207560,"https://s3-ap-southeast-2.amazonaws.com/data-collection.spotparking.com.au/production/raw-data-points/5bfb8592d2572997316666c2ed213aefa693835fca093bd3c8-md.jpg","","","","","","","","","","","",""
"003b0e9a-6797-47d0-8034-20d0d29ee3f0",331874.29324626,6258839.1124917,207561,"https://s3-ap-southeast-2.amazonaws.com/data-collection.spotparking.com.au/production/raw-data-points/5835162a227b76ed7031ae2966aa51db71463b034f55b59577-md.jpg","Metered Parking","both","Max Dur. 1 hour 8:30a - 6:00p M-F; Max Dur. 1 hour 8:30a - 4:30p Sa-Su, No Of Bays: 7","","","","","","","","",""
"b7e5811c-84fb-4489-8270-902179854e6f",331870.68156646,6258849.1504485,207562,"https://s3-ap-southeast-2.amazonaws.com/data-collection.spotparking.com.au/production/raw-data-points/e9c56af83c42cf8320be0369132a8af2a1d8c5a8b3e847d060-md.jpg","Metered Parking","right","Max Dur. 1 hour 8:30a - 6:00p M-F; Max Dur. 1 hour 8:30a - 4:30p Sa-Su, No Of Bays: 7","Taxi Zone","left","","","","","","",""
"f9f5d690-f1f9-4f7e-a0ed-7d152acbb332",331868.77677642,6258853.5495531,207563,"https://s3-ap-southeast-2.amazonaws.com/data-collection.spotparking.com.au/production/raw-data-points/8e2ee785968ebe59d24f6a7e87b199889a8d49e9b3779ae658-md.jpg","Taxi Zone","left","Wheelchair Accessible Taxis Only","Taxi Zone","right","","","","","","",""
"0c61d947-fc27-445c-b589-12bf61f9ca07",331867.30077029,6258857.6387208,207564,"https://s3-ap-southeast-2.amazonaws.com/data-collection.spotparking.com.au/production/raw-data-points/9797ad86ffadafec2bd69bda6fd0ba6f4081016076b82219c7-md.jpg","No Stopping","left","","Taxi Zone","right","Wheelchair Accessible Taxis Only","","","","","",""
"596b4c7b-3ae1-4948-8190-54f33de58a03",331847.69215256,6258903.3194226,207565,"https://s3-ap-southeast-2.amazonaws.com/data-collection.spotparking.com.au/production/raw-data-points/3822f9cd71352471b503fc9cebe0cd98d869f8df00f5b3f727-md.jpg","No Stopping","both","","","","","","","","","",""
"8ce6d116-6fb8-4646-b124-f498ebf1f2e8",332002.02962025,6259090.5113202,207028,"https://s3-ap-southeast-2.amazonaws.com/data-collection.spotparking.com.au/production/raw-data-points/4d2f70cfd3c4a97e3d14e6b12b263ba8bef5c2b23b500a8a61-md.jpg","No Stopping","both","","","","","","","","","",""
"5ff57e0b-ce03-468b-bb89-1ec37993a9f2",332030.06549085,6259101.8890043,207029,"https://s3-ap-southeast-2.amazonaws.com/data-collection.spotparking.com.au/production/raw-data-points/1bc11844ef3c278bb3bda1dd2592edfee38aa1c496b0da05db-md.jpg","No Stopping","left","","Loading Zone","right","Maximum Duration: 20","","","","","",""
"95e6b463-91c8-4347-8238-ef576433212f",332040.35630454,6259106.5080641,207030,"https://s3-ap-southeast-2.amazonaws.com/data-collection.spotparking.com.au/production/raw-data-points/2c69cf4a19eb0c556491efb676600df375975930d85a5629aa-md.jpg","No Stopping","right","","Loading Zone","left","Maximum Duration: 20","","","","","",""
"43546af1-a687-45c6-8fff-6391094af780",332041.84055651,6259107.1979237,207031,"https://s3-ap-southeast-2.amazonaws.com/data-collection.spotparking.com.au/production/raw-data-points/e49576ebe069ff23034404f8477a0e4d286e67acc1a3ce4552-md.jpg","No Stopping","both","","","","","","","","","",""
"aa7b90ae-7e02-481c-a973-34434e1714a4",332047.53843492,6259109.6174312,207032,"https://s3-ap-southeast-2.amazonaws.com/data-collection.spotparking.com.au/production/raw-data-points/efea242505f867a724a97fd8061693a5f143b40ab9b2bee8b3-md.jpg","No Stopping","left","","No Parking","right","","","","","","",""
"8eee2653-faf6-4631-8b9d-2179c22d2840",332048.99794936,6259110.0873356,207033,"https://s3-ap-southeast-2.amazonaws.com/data-collection.spotparking.com.au/production/raw-data-points/2885d5307129f8df9f4d99d48f79defcc3c63bcb862351f698-md.jpg","No Parking","left","","","","","","","","","",""
"45f6bd3f-f433-4b7f-aa04-7370a138c540",331725.90927815,6259206.5576993,206984,"https://s3-ap-southeast-2.amazonaws.com/data-collection.spotparking.com.au/production/raw-data-points/34cd5abe8b76b7f2ec79215a67df796637b3f600d05bb1196e-md.jpg","Unrestricted Parking","right","No Of Driveways: 9","No Stopping","left","","No Parking","right","8:30a - 6:00p","","",""
"941e5768-580e-478c-8cc8-50eed9b0b88d",331744.1243482,6259213.7662321,206985,"https://s3-ap-southeast-2.amazonaws.com/data-collection.spotparking.com.au/production/raw-data-points/52fd1f6235f4b7f5f9ca851e551993ec926b5ab594dc60999c-md.jpg","","","","","","","","","","","",""
"348d821d-1962-44aa-a0b4-3959eaca3158",331759.22248911,6259219.7950049,206986,"https://s3-ap-southeast-2.amazonaws.com/data-collection.spotparking.com.au/production/raw-data-points/d6b0a2934166fe34e1c208b12c11ced82e60a662c237397fa2-md.jpg","No Parking","both","8:30a - 6:00p","Unrestricted Parking","both","No Of Driveways: 9","","","","","",""
"e8bc25c2-9723-4882-a5e1-b296d62d48fb",331790.20212613,6259232.4324326,206987,"https://s3-ap-southeast-2.amazonaws.com/data-collection.spotparking.com.au/production/raw-data-points/2a5b7004792e47029817eec06a4d5e44c5eb7d906758eb0884-md.jpg","Unrestricted Parking","both","No Of Driveways: 9","No Parking","both","8:30a - 6:00p","","","","","",""
"8ccc8f7e-065e-4ed5-82e4-20dd27ee6ea5",331803.25529765,6259237.3314354,206988,"https://s3-ap-southeast-2.amazonaws.com/data-collection.spotparking.com.au/production/raw-data-points/09f585f94fa6db7b0bbe0ec283a2a733b15651c216f30cc2c3-md.jpg","","","","","","","","","","","",""
"29eed22f-29de-44ec-86cf-b06c52736be3",331819.90365728,6259244.1600455,206989,"https://s3-ap-southeast-2.amazonaws.com/data-collection.spotparking.com.au/production/raw-data-points/7fd0b1341262d79ba539651222d6ebc6575779b86157d63580-md.jpg","Unrestricted Parking","both","No Of Driveways: 9","No Parking","both","8:30a - 6:00p","","","","","",""
"6573970d-7005-4665-9b87-8f12dceb8f2b",331850.27310182,6259255.7976767,206990,"https://s3-ap-southeast-2.amazonaws.com/data-collection.spotparking.com.au/production/raw-data-points/fdde0c84228a22fcf51d02243a23eedfd51a8fd39071fe4dd0-md.jpg","Unrestricted Parking","left","No Of Driveways: 9","No Parking","right","","No Parking","left","8:30a - 6:00p","","",""
"28843d53-0e3d-4a51-ac75-68bf1af813e7",331867.6553416,6259262.6462827,206991,"https://s3-ap-southeast-2.amazonaws.com/data-collection.spotparking.com.au/production/raw-data-points/2326909cdd7262a297ddda35d80fb51638a8a65be2f125ead4-md.jpg","No Parking","right","8:30a - 6:00p","No Parking","left","","","","","","",""
"1edf8908-3c50-4e7c-9b04-6bb86efdb004",331886.96710894,6259269.8548154,206992,"https://s3-ap-southeast-2.amazonaws.com/data-collection.spotparking.com.au/production/raw-data-points/3a219773787e6d59a5c744ac1b013d7934529b79104dcb0e60-md.jpg","No Parking","left","8:30a - 6:00p","No Stopping","right","","","","","","",""
"85efb3fb-667e-4900-9784-a7d4df121125",331893.7534388,6259085.732293,206941,"https://s3-ap-southeast-2.amazonaws.com/data-collection.spotparking.com.au/production/raw-data-points/627b07c10ac6a3504e5c85b8bcd91d392c444a24ad20ccb933-md.jpg","No Stopping","both","","","","","","","","","",""
"7731f2f3-31ae-4a75-a568-ac2ba148a114",331958.84613367,6259111.5070466,206942,"https://s3-ap-southeast-2.amazonaws.com/data-collection.spotparking.com.au/production/raw-data-points/785a93027e259a269d787808be25361ad592dab5d3aa9a6506-md.jpg","No Stopping","both","","","","","","","","","",""
"7e6dabbd-1e06-415c-9c18-55b2d5aea815",331572.14077372,6258574.4263678,211477,"https://s3-ap-southeast-2.amazonaws.com/data-collection.spotparking.com.au/production/raw-data-points/1b5a8f7624f097952a25d4ff794c64be5a077a88010e8a86fb-md.jpg","No Parking","left","","No Stopping","right","","","","","","",""
"2addc90c-8437-4ff4-af77-19efa1f3994d",331553.35674041,6258567.6577456,211478,"https://s3-ap-southeast-2.amazonaws.com/data-collection.spotparking.com.au/production/raw-data-points/5a46af9072e9a65863032fe109cf382f35042392a8b0c4486d-md.jpg","No Parking","right","","","","","","","","","",""
"69ac0c37-af08-4a54-a5ce-187a7b18a8ba",331523.47380068,6258556.5899984,211479,"https://s3-ap-southeast-2.amazonaws.com/data-collection.spotparking.com.au/production/raw-data-points/279b7f7ee8ef2aefa9b619ef973d846080352650387e1182e1-md.jpg","No Stopping","left","","","","","","","","","",""
"d960c3c3-5eac-4826-a19c-df746b854eee",331774.20518819,6258701.1305776,214943,"https://s3-ap-southeast-2.amazonaws.com/data-collection.spotparking.com.au/production/raw-data-points/inserted_datapoint-md.jpg","","","","","","","","","","","",""
"ef284428-ce10-4234-b4a7-b1b0d25b2074",331776.34086186,6258695.6316968,214944,"https://s3-ap-southeast-2.amazonaws.com/data-collection.spotparking.com.au/production/raw-data-points/inserted_datapoint-md.jpg","","","","","","","","","","","",""
"1c1c3a92-1b74-498e-b86d-e86d9b8a2db7",331778.46828969,6258690.1028222,214945,"https://s3-ap-southeast-2.amazonaws.com/data-collection.spotparking.com.au/production/raw-data-points/inserted_datapoint-md.jpg","","","","","","","","","","","",""
"eea8e1a4-6ba1-491f-b007-db7591995d23",331780.60396337,6258684.4839659,214946,"https://s3-ap-southeast-2.amazonaws.com/data-collection.spotparking.com.au/production/raw-data-points/inserted_datapoint-md.jpg","","","","","","","","","","","",""
"c710cbea-17fa-434d-b560-af12a27018e6",332084.07577099,6258827.8447852,205306,"https://s3-ap-southeast-2.amazonaws.com/data-collection.spotparking.com.au/production/raw-data-points/d3ac38eb1128c765cc1aea9a8bcb8a7a8bb615ca472e6079a5-md.jpg","No Stopping","both","","","","","","","","","",""
"ada4dd53-22d5-4d0a-a6d9-ba5f69b25929",332092.81636595,6258804.9094537,205307,"https://s3-ap-southeast-2.amazonaws.com/data-collection.spotparking.com.au/production/raw-data-points/32cffd6e69408b23cdf6b72f32c30afb05d7f844857df50179-md.jpg","No Stopping","both","","","","","","","","","",""
"bfe4da2d-691d-4d78-b97f-0337fd4b1558",332100.37780517,6258786.0832857,205308,"https://s3-ap-southeast-2.amazonaws.com/data-collection.spotparking.com.au/production/raw-data-points/e7d0ff38671fe4246e7406dc9aad54d9592e2f3258af90d1f4-md.jpg","No Stopping","right","","Restricted Parking","left","Max Dur. 2 hours 8:30a - 6:00p, Area Permit: 4, No Of Driveways: 2","","","","","",""
"ffbd7cb4-ae4d-4883-a8d5-451e57ff29f8",332108.59891193,6258766.037366,205309,"https://s3-ap-southeast-2.amazonaws.com/data-collection.spotparking.com.au/production/raw-data-points/9b9ac57f030dfa8fa89a76c5c0ef087e5f30dbd5f77f97f8a2-md.jpg","Restricted Parking","both","Max Dur. 2 hours 8:30a - 6:00p, Area Permit: 4, No Of Driveways: 2","","","","","","","","",""
"90111bea-393d-4d2a-96bb-e816b3521b68",332117.13336078,6258743.6619204,205310,"https://s3-ap-southeast-2.amazonaws.com/data-collection.spotparking.com.au/production/raw-data-points/631e047b0bb86015f2c71a73004871e4dd31084f6cb89ad334-md.jpg","Restricted Parking","both","Max Dur. 2 hours 8:30a - 6:00p, Area Permit: 4, No Of Driveways: 2","","","","","","","","",""
"fe7f87e6-ca6e-4f87-8fca-18fc3bf1c5eb",332129.45265215,6258712.0583532,205311,"https://s3-ap-southeast-2.amazonaws.com/data-collection.spotparking.com.au/production/raw-data-points/69bd85acceb93cba5b2b09b3287115de9646323d00b92f2aef-md.jpg","Restricted Parking","right","Max Dur. 2 hours 8:30a - 6:00p, Area Permit: 4, No Of Driveways: 2","Unrestricted Parking","left","","","","","","",""
"ec2e124f-a2ca-4ac2-90f6-f1aeac19bd3b",332146.71945011,6258666.9775293,205312,"https://s3-ap-southeast-2.amazonaws.com/data-collection.spotparking.com.au/production/raw-data-points/eba49e6a1ee28ffbefba0354ff06a1becd1bae012cc776c504-md.jpg","No Stopping","left","Taxis, Exception Duration Limit: 1","Unrestricted Parking","right","","","","","","",""
"103f032e-62b0-494d-a487-1d4fd5468942",332146.71945011,6258666.9775293,205313,"https://s3-ap-southeast-2.amazonaws.com/data-collection.spotparking.com.au/production/raw-data-points/404b0d0f3ff34bf794b4ca8584bd57e09b0ab60f37be000ade-md.jpg","No Stopping","both","Taxis, Exception Duration Limit: 1","","","","","","","","",""
"9d936c37-4508-4420-b814-1450e8581525",332151.5020398,6258654.7500182,205314,"https://s3-ap-southeast-2.amazonaws.com/data-collection.spotparking.com.au/production/raw-data-points/d895215f2c746235a5907cc2278f8f4db6f1fd1d22fea6754f-md.jpg","No Stopping","both","Taxis, Exception Duration Limit: 1","","","","","","","","",""
"740c5e1c-8ed5-4f82-9287-c9e755252e97",332154.70142739,6258645.6018803,205315,"https://s3-ap-southeast-2.amazonaws.com/data-collection.spotparking.com.au/production/raw-data-points/2855d8945bb0fdb307dc15d6991f49e599c6801997ba0f4b05-md.jpg","No Stopping","both","Taxis, Exception Duration Limit: 1","","","","","","","","",""
"f1970ee9-dac8-42d6-9857-75dd74ada1ab",332155.02301532,6258644.0621937,205316,"https://s3-ap-southeast-2.amazonaws.com/data-collection.spotparking.com.au/production/raw-data-points/a9d9575ca3fc4a0e9c1a790f0ba9d9ab0f7bc68f44905e787e-md.jpg","No Stopping","right","Taxis, Exception Duration Limit: 1","No Stopping","left","","","","","","",""
"26316fad-e2bf-4d87-aa86-8f56f7928078",332159.33559188,6258656.9995603,205319,"https://s3-ap-southeast-2.amazonaws.com/data-collection.spotparking.com.au/production/raw-data-points/a5e95f8cf1df1fea7649a863a075ad3c0f4fcc0ae4b4ce8f81-md.jpg","Bus Zone","left","","No Stopping","right","","","","","","",""
"3a68f589-9d0c-47cb-bb48-b7cbf8c2f7f0",332154.57773972,6258669.6769798,205320,"https://s3-ap-southeast-2.amazonaws.com/data-collection.spotparking.com.au/production/raw-data-points/f8fce163ce67f260733b7deeccdcadcf23a8c0bd47a5816a87-md.jpg","Bus Zone","right","","","","","","","","","",""
"c01d150c-29af-41cc-8a9f-81b8fc5537ea",332110.5284395,6258781.5941994,205321,"https://s3-ap-southeast-2.amazonaws.com/data-collection.spotparking.com.au/production/raw-data-points/fd056d435d0427f22ba15027135e588ccf8e23cfb4dd7ee962-md.jpg","No Parking","left","","","","","","","","","",""
"57706661-ee7f-4b06-889a-d54ba3d02a45",332108.56592855,6258788.9926935,205322,"https://s3-ap-southeast-2.amazonaws.com/data-collection.spotparking.com.au/production/raw-data-points/d5ffbd68bd3fa99763ff2ea9945c24c3b4cd1dc0dd4d2a0584-md.jpg","No Parking","right","","","","","","","","","",""
"376c7ea6-6cbf-4e1c-9e03-e587a9f3a3a2",332106.99097229,6258792.9718835,205323,"https://s3-ap-southeast-2.amazonaws.com/data-collection.spotparking.com.au/production/raw-data-points/1d7b2d20b6475fa53f3be8c76163e9dfc2513288c7aa0ec4cb-md.jpg","No Parking","left","","","","","","","","","",""
"c98ed831-d22a-4cb6-8dff-a4f420e81f10",332104.31931874,6258798.9106747,205324,"https://s3-ap-southeast-2.amazonaws.com/data-collection.spotparking.com.au/production/raw-data-points/20b7c4445e600d818f0a95081a165e653589b7f13ee8652c6f-md.jpg","No Parking","right","","","","","","","","","",""
"fdb0d675-73a0-43cc-b892-6043e4dd5d17",332101.11993115,6258806.5091281,205325,"https://s3-ap-southeast-2.amazonaws.com/data-collection.spotparking.com.au/production/raw-data-points/4e0d5c465a5b21b3f96c087de6da1058df6424d026da909f0a-md.jpg","No Parking","left","","","","","","","","","",""
"22847bdd-f413-4e9f-94b1-e6bb3d57fdcc",332098.41529422,6258812.4479192,205326,"https://s3-ap-southeast-2.amazonaws.com/data-collection.spotparking.com.au/production/raw-data-points/4881ae187cc3026d6eb626ed6e052e80eea41fd0fbbb6237fa-md.jpg","Unrestricted Parking","left","","No Parking","right","","","","","","",""
"7790dc53-928b-46ee-bebf-050848ff5e41",332094.52325572,6258823.365697,205327,"https://s3-ap-southeast-2.amazonaws.com/data-collection.spotparking.com.au/production/raw-data-points/21a55cd2597230957dc424cc534cf54dfa94fedeb9aa5637ef-md.jpg","No Stopping","left","Taxis, Exception Duration Limit: 1","Unrestricted Parking","right","","","","","","",""
"c3daa4a8-c48d-4ecf-a1e1-b7315fa4b5a0",332096.35383315,6258819.5164805,205328,"https://s3-ap-southeast-2.amazonaws.com/data-collection.spotparking.com.au/production/raw-data-points/fe5649936dac1a35c7f75bc432ed3c5e7820fa2f025fbabf7c-md.jpg","","","","","","","","","","","",""
"23bc652e-c3c5-4510-afc3-62150ada2145",332089.38609472,6258836.8129598,205329,"https://s3-ap-southeast-2.amazonaws.com/data-collection.spotparking.com.au/production/raw-data-points/02a92a2fbdfef5737da2dfd480e4cda94276fb793e7042c8f6-md.jpg","No Stopping","left","","No Stopping","right","Taxis, Exception Duration Limit: 1","","","","","",""
"169cff10-3627-4a85-9bef-5b77ff609e70",332089.55101161,6258836.7029822,205330,"https://s3-ap-southeast-2.amazonaws.com/data-collection.spotparking.com.au/production/raw-data-points/f66e101e76ff5dee7b96b90529355002ac3b19bd07e03fb310-md.jpg","","","","","","","","","","","",""
"f23501bb-faf4-4b90-83f0-6f8dfe97d606",332228.78209254,6258672.0964874,205283,"https://s3-ap-southeast-2.amazonaws.com/data-collection.spotparking.com.au/production/raw-data-points/4e89869045343bf4ae445a45f28d1810894db049c91c8bca34-md.jpg","No Stopping","left","","","","","","","","","",""
"40e623ec-5ddd-44a1-a67a-de671d151052",332224.74987468,6258681.334607,205284,"https://s3-ap-southeast-2.amazonaws.com/data-collection.spotparking.com.au/production/raw-data-points/dddfe792fa437029f2877aca19cb58a8fea539d5b77b374550-md.jpg","No Parking","right","","","","","","","","","",""
"fe81d4a4-9aef-4706-90e9-6d3c219620f7",332221.81435411,6258688.9430583,205285,"https://s3-ap-southeast-2.amazonaws.com/data-collection.spotparking.com.au/production/raw-data-points/a40c7296d74f60212faf20a2512b42573684abb92ea7ef6d11-md.jpg","No Parking","left","","Unrestricted Parking","right","No Of Driveways: 7","","","","","",""
"13bf1a67-a80d-458d-99ac-d40bd556752f",332172.33104249,6258818.0767735,205286,"https://s3-ap-southeast-2.amazonaws.com/data-collection.spotparking.com.au/production/raw-data-points/659e7e470d28c2d0c7a207e34703b46c7e818cafed3e4ccc93-md.jpg","No Parking","right","","Unrestricted Parking","left","No Of Driveways: 7","","","","","",""
"88170706-bf8f-488b-9675-d3454000208e",332167.38353592,6258830.4242602,205287,"https://s3-ap-southeast-2.amazonaws.com/data-collection.spotparking.com.au/production/raw-data-points/5a0befdce11c0f1b19925b095528e762f4cc897398ac7491bd-md.jpg","No Parking","left","","Unrestricted Parking","right","No Of Driveways: 3","","","","","",""
"b593268c-ddec-42ed-8f49-e5fab65b0af9",332150.13322965,6258874.4852917,205288,"https://s3-ap-southeast-2.amazonaws.com/data-collection.spotparking.com.au/production/raw-data-points/fb5d4bdd44e10da2b564cfddfc8fe2087c76f4ae2d29cefb90-md.jpg","Unrestricted Parking","left","No Of Driveways: 3","No Stopping","right","","","","","","",""
"0c8b4270-d515-487c-9aea-23b3fb4d36d3",331861.47920422,6258531.6150819,207602,"https://s3-ap-southeast-2.amazonaws.com/data-collection.spotparking.com.au/production/raw-data-points/42cff2ace756ace122ab238b727742de2ccfca7a61e5efdf07-md.jpg","No Stopping","both","","","","","","","","","",""
"e2833217-e259-4f34-8712-dc9e8a9a4f18",331851.67489535,6258550.7411889,207603,"https://s3-ap-southeast-2.amazonaws.com/data-collection.spotparking.com.au/production/raw-data-points/09ae67979151c9b5d7a151eeb95b25f8f3279b1ea19684d5be-md.jpg","No Stopping","both","","","","","","","","","",""
"ae7a1301-f99a-47b1-a5d0-68e986c06516",331843.06623391,6258572.2268155,207604,"https://s3-ap-southeast-2.amazonaws.com/data-collection.spotparking.com.au/production/raw-data-points/b249762a60a689f18f8eeb96ea45f1a9458c5b2d8457444eaa-md.jpg","No Stopping","both","","","","","","","","","",""
"5db7b909-717a-4eaa-bc15-2e533a2a024d",332086.3103948,6258626.8756919,205338,"https://s3-ap-southeast-2.amazonaws.com/data-collection.spotparking.com.au/production/raw-data-points/66b9269ca93934da652b11b42eca7de1e2d776905ecc310923-md.jpg","Unrestricted Parking","left","No Of Driveways: 6","No Stopping","right","","","","","","",""
"9012b4cd-b84c-4bec-a267-2b81ecc71788",332046.16137892,6258729.7747471,205339,"https://s3-ap-southeast-2.amazonaws.com/data-collection.spotparking.com.au/production/raw-data-points/f6a51db8f587d92d53dea8468c23abcd27281828c119f991b6-md.jpg","","","","","","","","","","","",""
"b6716011-94d6-4f93-910a-61151e1ae64a",332040.15840427,6258745.0816314,205340,"https://s3-ap-southeast-2.amazonaws.com/data-collection.spotparking.com.au/production/raw-data-points/e7a49586902120f5f7b23109b89c84c589f0c596ce4efa4f7a-md.jpg","Unrestricted Parking","right","No Of Driveways: 6","No Stopping","left","","","","","","",""
"4bac16a0-8a19-4506-bf0c-e483dbc5055d",332135.34843083,6258882.8735843,205291,"https://s3-ap-southeast-2.amazonaws.com/data-collection.spotparking.com.au/production/raw-data-points/7aa433d00dac5b3bb1a28af956b2fc520a2073cd5aa728e655-md.jpg","No Parking","right","","No Stopping","left","","","","","","",""
"4eda8162-dcee-4419-b52f-7dd874f59210",332110.87476496,6258873.3455237,205292,"https://s3-ap-southeast-2.amazonaws.com/data-collection.spotparking.com.au/production/raw-data-points/63568c2aefa519ac06561864fded5259fbf216f6102c6b6417-md.jpg","No Parking","both","","","","","","","","","",""
"1790a91a-f6a0-4183-a315-1cd0bbad32dc",332103.95650159,6258870.5660895,205293,"https://s3-ap-southeast-2.amazonaws.com/data-collection.spotparking.com.au/production/raw-data-points/da1474462364c2dff80d1a91ce7fc61b3fb32d1cc5edce0570-md.jpg","No Stopping","right","","No Parking","left","","","","","","",""
"d2ff990f-3b11-4e9e-a0e5-aa4d0fa6cbd8",332092.20617347,6258865.9170358,205294,"https://s3-ap-southeast-2.amazonaws.com/data-collection.spotparking.com.au/production/raw-data-points/c9adbbf89a97ae3461ea441a91494d715e9120379ae52edf64-md.jpg","No Stopping","both","","","","","","","","","",""
"56ea6505-56d3-42af-82d7-668fce2dfa6b",332326.04182602,6259156.6878502,206668,"https://s3-ap-southeast-2.amazonaws.com/data-collection.spotparking.com.au/production/raw-data-points/40fde550884ae7bb7bbacd1dabb5c42d19729377988b36657e-md.jpg","No Stopping","left","","No Parking","both","4:30a - 6:30a W, Street Sweeping","Disabled Parking","right","Max Dur. 1 hour","","",""
"c1f6fc3d-716b-44dc-a657-b54e065148c9",332334.31240785,6259160.3770993,206669,"https://s3-ap-southeast-2.amazonaws.com/data-collection.spotparking.com.au/production/raw-data-points/ca3836a0cd9d26e2fa157ecf285006345bf9981b5c4e0e9456-md.jpg","No Parking","both","4:30a - 6:30a W, Street Sweeping","Disabled Parking","both","Max Dur. 1 hour","","","","","",""
"5156bcd0-a314-481c-aed6-a70766fb55a9",332339.71343586,6259162.3466984,206670,"https://s3-ap-southeast-2.amazonaws.com/data-collection.spotparking.com.au/production/raw-data-points/7749f068cc5e271a9fa3c6840994486eae4233b7486ed3cb6c-md.jpg","No Parking","both","4:30a - 6:30a W, Street Sweeping","Disabled Parking","left","Max Dur. 1 hour","","","","","",""
"24c83721-a54b-4693-b6be-a472cc3c5355",332346.99451637,6259165.596037,206671,"https://s3-ap-southeast-2.amazonaws.com/data-collection.spotparking.com.au/production/raw-data-points/dcb0a7645c29f422eb9a5260723f1dec670ba46d7a8a465b65-md.jpg","No Parking","both","4:30a - 6:30a W, Street Sweeping","","","","","","","","",""
"4d3d0baa-583e-4954-9a7e-93c8345da8d1",332362.96671677,6259172.9645371,206672,"https://s3-ap-southeast-2.amazonaws.com/data-collection.spotparking.com.au/production/raw-data-points/6b4db8707ca375f296d52d59b29d9f8a31da317be96f4c56b7-md.jpg","No Parking","left","4:30a - 6:30a W, Street Sweeping","Bus Zone","right","","","","","","",""
"b7be2a36-c206-41f3-9813-213d22469c33",331996.38946275,6259073.8847045,207043,"https://s3-ap-southeast-2.amazonaws.com/data-collection.spotparking.com.au/production/raw-data-points/ad47ecfb516f715121898db1d0866a4b095c80c850aea3efc0-md.jpg","No Stopping","both","","","","","","","","","",""
"27241b82-9308-4c69-8958-a3199bad3ae3",332007.40591073,6259048.3399041,207044,"https://s3-ap-southeast-2.amazonaws.com/data-collection.spotparking.com.au/production/raw-data-points/99d15708bdcd2a8a7a00942f33dea5fe33eb1fb74af574ed5f-md.jpg","No Stopping","both","","","","","","","","","",""
"0c6a2fa1-afd2-4373-ae6d-94c4f9822ac9",331303.58187084,6258981.3335431,211660,"https://s3-ap-southeast-2.amazonaws.com/data-collection.spotparking.com.au/production/raw-data-points/3ae6910163401f92d7451bb5390e2468038fbfda9ff958c535-md.jpg","No Stopping","both","","","","","","","","","",""
"60cabd9b-71e8-44b1-9637-ee75bee7f8dd",332217.29563144,6259125.5941792,207048,"https://s3-ap-southeast-2.amazonaws.com/data-collection.spotparking.com.au/production/raw-data-points/8c51cc0ca735a7c10457a313057c4b2c6ae579532507ebe12f-md.jpg","No Stopping","left","","Restricted Parking","right","Max Dur. 2 hours 8:30a - 6:00p, Area Permit: 3, No Of Driveways: 3","","","","","",""
"26243691-6a8d-478c-9c0a-81e18677baaa",332208.27467778,6259147.7296736,207049,"https://s3-ap-southeast-2.amazonaws.com/data-collection.spotparking.com.au/production/raw-data-points/404a4bbe4c09ded5350fb720db2da9eea944d5196f84c89666-md.jpg","Restricted Parking","both","Max Dur. 2 hours 8:30a - 6:00p, Area Permit: 3, No Of Driveways: 3","","","","","","","","",""
"dc2c5474-c418-4565-93ac-7f8403fd8d24",332201.28220182,6259166.0259495,207050,"https://s3-ap-southeast-2.amazonaws.com/data-collection.spotparking.com.au/production/raw-data-points/036fcd15b311f707ac068b75cdd1e582649b981a7d4e57cb52-md.jpg","Metered Parking","right","Max Dur. 4 hours 8:30a - 6:00p","Restricted Parking","left","Max Dur. 2 hours 8:30a - 6:00p, Area Permit: 3, No Of Driveways: 3","","","","","",""
"3fedf662-2dfd-46dc-b8f5-2821f7bfb38a",332193.36619129,6259185.841916,207051,"https://s3-ap-southeast-2.amazonaws.com/data-collection.spotparking.com.au/production/raw-data-points/b4ed047c2ae67544a1d090d65058dacd7b75cdc8cdcc4adc75-md.jpg","No Stopping","right","","Metered Parking","left","Max Dur. 4 hours 8:30a - 6:00p","","","","","",""
"bec3f017-48c8-46da-a757-cb5ecc633090",332189.86170747,6259195.4399623,207052,"https://s3-ap-southeast-2.amazonaws.com/data-collection.spotparking.com.au/production/raw-data-points/4c7d1cbd4dfa9355c0571f57a0c06d99f7f0cc7b0c7c8fb1e4-md.jpg","Metered Parking","right","Max Dur. 4 hours 8:30a - 6:00p, No Of Bays: 3","No Stopping","left","","","","","","",""
"a1a8a007-b8d8-440f-b5de-b16b6b3330ba",332189.26800668,6259196.7596937,207053,"https://s3-ap-southeast-2.amazonaws.com/data-collection.spotparking.com.au/production/raw-data-points/753e4691917139672013a1085b79bcca3f85930736b91ec2ce-md.jpg","","","","","","","","","","","",""
"04fb691d-887a-456d-92ee-1010e43b99ed",332183.94119126,6259209.8670257,207054,"https://s3-ap-southeast-2.amazonaws.com/data-collection.spotparking.com.au/production/raw-data-points/736598f94ed86399e843889dda407a5ef716e20915d18ee6a1-md.jpg","Metered Parking","left","Max Dur. 4 hours 8:30a - 6:00p, No Of Bays: 3","No Stopping","right","","","","","","",""
"21c50569-4c4c-42f7-a7e1-982be5abe311",332180.45319913,6259218.5752532,207055,"https://s3-ap-southeast-2.amazonaws.com/data-collection.spotparking.com.au/production/raw-data-points/9efae0d5e76713b12b055014cd8489e353932541d9d9ee3352-md.jpg","No Stopping","left","","Metered Parking","right","Max Dur. 4 hours 8:30a - 6:00p, No Of Bays: 1","","","","","",""
"cf813078-633c-455e-a739-5e4920bbcd20",332177.92172493,6259225.9637493,207056,"https://s3-ap-southeast-2.amazonaws.com/data-collection.spotparking.com.au/production/raw-data-points/84560775e7e24cc61754b7ab1b14523ca2dd123898f5bdcd6e-md.jpg","No Stopping","right","","Metered Parking","left","Max Dur. 4 hours 8:30a - 6:00p, No Of Bays: 1","","","","","",""
"8f1e578b-ac5c-4267-8892-792a020c57fc",332173.57616498,6259235.9717122,207057,"https://s3-ap-southeast-2.amazonaws.com/data-collection.spotparking.com.au/production/raw-data-points/edcbc7518e3b7a883f6831be7688e5c074c8d3e3fc71135e6d-md.jpg","No Stopping","left","","No Parking","right","","","","","","",""
"8b66a348-8839-431f-8515-7a913244293a",332168.61216672,6259249.1990198,207058,"https://s3-ap-southeast-2.amazonaws.com/data-collection.spotparking.com.au/production/raw-data-points/8f635271abbd7eccf67e38da852748b37d8e836a18d2448ff3-md.jpg","No Parking","left","","Metered Parking","right","Max Dur. 4 hours 8:30a - 6:00p","","","","","",""
"4fa6692c-66a2-4489-a697-a0ad860bcd42",332161.94952453,6259265.7256559,207059,"https://s3-ap-southeast-2.amazonaws.com/data-collection.spotparking.com.au/production/raw-data-points/dfab60df3f29fca3d7e877b33d25a5e9d1ec746e25e951a87b-md.jpg","Metered Parking","both","Max Dur. 4 hours 8:30a - 6:00p","","","","","","","","",""
"b55a3fbe-93db-4ece-b987-57a7563bd765",332159.61595059,6259271.5544694,207060,"https://s3-ap-southeast-2.amazonaws.com/data-collection.spotparking.com.au/production/raw-data-points/b1f4ea2ddc9aed96bbd0dc8c8653b4e259d3f89103ae914e08-md.jpg","","","","","","","","","","","",""
"33c92aae-8f25-4b3b-b2bb-a3b371d0934d",332156.9937721,6259278.1631243,207061,"https://s3-ap-southeast-2.amazonaws.com/data-collection.spotparking.com.au/production/raw-data-points/005a32f7284a72249ed5790cb9282214812d88277ace0dd74c-md.jpg","Metered Parking","both","Max Dur. 4 hours 8:30a - 6:00p","","","","","","","","",""
"cd367359-4e50-460c-af05-582c1268a15b",332151.08150174,6259294.1498702,207062,"https://s3-ap-southeast-2.amazonaws.com/data-collection.spotparking.com.au/production/raw-data-points/9c26281ac4118f2f47686423b1d56ba4f02e93a236113c1e02-md.jpg","Metered Parking","both","Max Dur. 4 hours 8:30a - 6:00p","","","","","","","","",""
"8d32b929-bfb0-41fa-a46e-90c70540824f",332146.90910453,6259303.7179226,207063,"https://s3-ap-southeast-2.amazonaws.com/data-collection.spotparking.com.au/production/raw-data-points/980124a0d91574b0c7051a6bcfcfa6b53d89b2a50991de1b18-md.jpg","Metered Parking","both","Max Dur. 4 hours 8:30a - 6:00p","","","","","","","","",""
"856a20f4-0244-4db2-a558-8f61cdae2554",332144.88887268,6259308.8968685,207064,"https://s3-ap-southeast-2.amazonaws.com/data-collection.spotparking.com.au/production/raw-data-points/62628f33377edcd7a87da163cf32a9874350f574adf8edc507-md.jpg","","","","","","","","","","","",""
"ee1ddc86-acdc-4865-893b-12aa2f9057d9",332138.45711413,6259325.5434801,207065,"https://s3-ap-southeast-2.amazonaws.com/data-collection.spotparking.com.au/production/raw-data-points/5762344abe4375dc33d92a9e5935562468cc55220ddab71168-md.jpg","No Stopping","right","","Metered Parking","left","Max Dur. 4 hours 8:30a - 6:00p","","","","","",""
"8dbbbfec-1800-4fde-881f-f4ee139bb085",332135.67001875,6259332.3620922,207066,"https://s3-ap-southeast-2.amazonaws.com/data-collection.spotparking.com.au/production/raw-data-points/057eaef7c6d6e9c6b30302931ad6567faa32193342c0b194c4-md.jpg","No Stopping","left","","Metered Parking","right","Max Dur. 4 hours 8:30a - 6:00p","","","","","",""
"f6dee67c-4f84-43bf-b553-93cc84dbe0d6",332131.02760842,6259344.2596705,207067,"https://s3-ap-southeast-2.amazonaws.com/data-collection.spotparking.com.au/production/raw-data-points/144cd81790c62044250bb3c0b1da7bd0557e9e627955065e34-md.jpg","Metered Parking","left","Max Dur. 4 hours 8:30a - 6:00p","No Stopping","right","","","","","","",""
"798bcd18-0d7b-4efe-a97a-45cdea8e4c23",332025.13447597,6258761.2483408,205343,"https://s3-ap-southeast-2.amazonaws.com/data-collection.spotparking.com.au/production/raw-data-points/e239c5defb3206ffe4f1590ad6b2cdda6f19157cf47a5243db-md.jpg","No Stopping","both","","","","","","","","","",""
"d8367bc5-7fdc-42cf-a181-8799e708ea13",332031.60746374,6258751.6003046,205344,"https://s3-ap-southeast-2.amazonaws.com/data-collection.spotparking.com.au/production/raw-data-points/be6559ccb58cd64be1f3cbd4adc476d4e5d3bf8674451b5946-md.jpg","No Stopping","right","","Unrestricted Parking","left","No Of Driveways: 11, , Inferred","","","","","",""
"e78ecfb4-6bb8-48c6-afa2-d1e12b5e028b",332045.27082774,6258717.8971648,205345,"https://s3-ap-southeast-2.amazonaws.com/data-collection.spotparking.com.au/production/raw-data-points/68099a9a65b9b0d03ca168edfdb945c712f6be746fddd02897-md.jpg","No Parking","both","8:30a - 6:00p; 6:00p - 9:30p Th","","","","","","","","",""
"1f494757-3c86-48a4-9d01-102e91681c3d",332057.77152769,6258685.603738,205346,"https://s3-ap-southeast-2.amazonaws.com/data-collection.spotparking.com.au/production/raw-data-points/0a471c71433530606f06990a003645ef4554b1523b7304fffd-md.jpg","No Parking","both","8:30a - 6:00p; 6:00p - 9:30p Th","","","","","","","","",""
"c69822ec-aa88-45ac-8e3e-4f34275d46bb",332072.73773509,6258646.3817215,205347,"https://s3-ap-southeast-2.amazonaws.com/data-collection.spotparking.com.au/production/raw-data-points/19f745afe2fb2c550a02dbea07796941a031e006121ab44195-md.jpg","No Parking","both","8:30a - 6:00p; 6:00p - 9:30p Th","","","","","","","","",""
"66ff609b-3657-45fd-9cee-1ab6209cd7c6",332083.20995734,6258619.5971734,205348,"https://s3-ap-southeast-2.amazonaws.com/data-collection.spotparking.com.au/production/raw-data-points/4943079df6ae018bd92dee1f4c0229542ecbce35b0dad26243-md.jpg","Unrestricted Parking","right","No Of Driveways: 11, , Inferred","No Stopping","left","","No Parking","right","8:30a - 6:00p; 6:00p - 9:30p Th","","",""
"6bcc44c0-a98c-465c-84ef-214909c9d7f0",332085.35387686,6258613.2184718,205349,"https://s3-ap-southeast-2.amazonaws.com/data-collection.spotparking.com.au/production/raw-data-points/38e784b4f0d69bea100f336a75cf9e0471b71e00e042051070-md.jpg","No Stopping","both","","","","","","","","","",""
"24745296-0330-4ba1-9247-d03adf607658",332234.24908731,6259098.4796983,206707,"https://s3-ap-southeast-2.amazonaws.com/data-collection.spotparking.com.au/production/raw-data-points/cd7c46dcea4ff7e12fa42c0c0a4105c6924523a62ca69aa93a-md.jpg","No Parking","right","","No Stopping","left","","","","","","",""
"f8d90b77-2d9e-4a16-a753-77d65bee3de8",332236.48371112,6259092.5309092,206708,"https://s3-ap-southeast-2.amazonaws.com/data-collection.spotparking.com.au/production/raw-data-points/90c97beaeea4cb2c7e57ac749c2437796f73ebbc7df44b16e8-md.jpg","No Parking","both","","","","","","","","","",""
"9bb9e4f3-cc4f-4aaf-923a-6996d822d057",332242.09913108,6259078.4437765,206709,"https://s3-ap-southeast-2.amazonaws.com/data-collection.spotparking.com.au/production/raw-data-points/b0e27b838893022bfebf39e8e1e8a08e30bc362e30f924157a-md.jpg","No Parking","both","","","","","","","","","",""
"6b9bb162-dadb-4830-a628-928245c9eef8",332246.56837869,6259066.9761108,206710,"https://s3-ap-southeast-2.amazonaws.com/data-collection.spotparking.com.au/production/raw-data-points/ae94eaa488dcbc982a2efd3c3ab056314f214176851a541a0c-md.jpg","No Parking","both","","","","","","","","","",""
"603a709f-7858-4265-9568-b2c1b0cda24b",332260.23998853,6259032.9530361,206711,"https://s3-ap-southeast-2.amazonaws.com/data-collection.spotparking.com.au/production/raw-data-points/9b9dc5e0b49fb058e9cd8d1eb07d86d8ced28dbd0c4a08d97e-md.jpg","No Stopping","right","","No Parking","left","","","","","","",""
"336325e2-c093-49c9-835e-2b180f5cc187",332263.73622652,6259023.4649673,206712,"https://s3-ap-southeast-2.amazonaws.com/data-collection.spotparking.com.au/production/raw-data-points/17b4bc357126b3499525304a6403c66dbf20af3714292ee4fb-md.jpg","No Stopping","left","","No Parking","right","","","","","","",""
"c7a0beb7-4c71-4a9b-b8b3-863788dc55f3",332275.84937179,6258992.6212455,206713,"https://s3-ap-southeast-2.amazonaws.com/data-collection.spotparking.com.au/production/raw-data-points/02a194510cc6e5cf4442f285ac52f51cd99bc336c5a155ff39-md.jpg","No Parking","both","","","","","","","","","",""
"ec7eff15-6d4d-4cbc-9683-73cd8e462da4",332285.54648468,6258968.1662232,206714,"https://s3-ap-southeast-2.amazonaws.com/data-collection.spotparking.com.au/production/raw-data-points/5588c09f8f889fe8f8c4fbae359637f07438542c363ef26841-md.jpg","No Stopping","right","","No Parking","left","","","","","","",""
"e19d8e9c-0bc3-48a2-9218-693a57a675c9",331475.54895363,6259223.4442621,211681,"https://s3-ap-southeast-2.amazonaws.com/data-collection.spotparking.com.au/production/raw-data-points/6090734cad8c32e10d633f31f43a6c901e8c50f35646e5aa84-md.jpg","Clearway","both","6:00a - 10:00a M-F, Inferred","No Stopping","both","","","","","","",""
"67050e67-6e15-4b5b-bb8a-46c17cc81160",331468.90280313,6259212.6764539,211682,"https://s3-ap-southeast-2.amazonaws.com/data-collection.spotparking.com.au/production/raw-data-points/f8520a1367ae5f2806c05329d4dbcea3ab366c4359ef9977e8-md.jpg","Towaway","both","Inferred","","","","","","","","",""
"56e3ef40-4075-4bb2-bd53-fef85e07bdc3",331453.93659573,6259189.5611589,211683,"https://s3-ap-southeast-2.amazonaws.com/data-collection.spotparking.com.au/production/raw-data-points/b76e27c1029ec84465fff4bac0213caac52221a7b4bdb925f9-md.jpg","No Stopping","both","","","","","","","","","",""
"b6491b66-ea38-4788-9dee-e2372a0e0350",331432.39020459,6259156.2279438,211684,"https://s3-ap-southeast-2.amazonaws.com/data-collection.spotparking.com.au/production/raw-data-points/8826894ae1baabfd82f4a0e719628ad24f8d6a8a6f8a62b88c-md.jpg","No Stopping","both","","","","","","","","","",""
"2fc0ca8d-709a-49b2-a7f5-695a789e84a3",331400.05000326,6259105.1883328,211685,"https://s3-ap-southeast-2.amazonaws.com/data-collection.spotparking.com.au/production/raw-data-points/625e12dbfe63909db61d556cd5d8b8c22be92a3aab16e0ccde-md.jpg","No Stopping","both","","","","","","","","","",""
"4c802a19-ac71-4eac-a49f-9ff02e2c4986",331382.70074686,6259074.034674,211686,"https://s3-ap-southeast-2.amazonaws.com/data-collection.spotparking.com.au/production/raw-data-points/2fa1ac1f9ccb98168ea3fb0b3266acb5389364173a8619baec-md.jpg","No Stopping","both","","Clearway","both","6:00a - 10:00a M-F, Inferred","","","","","",""
"d474c6d2-87bf-4a02-a428-1a4629c26625",331375.914417,6259056.1783086,211687,"https://s3-ap-southeast-2.amazonaws.com/data-collection.spotparking.com.au/production/raw-data-points/ccfed043c9aa8babd5372c74df1368d1f2da8081e8961209dc-md.jpg","No Stopping","both","","","","","","","","","",""
"205c24f5-e289-477c-8753-4848d2094406",331838.25890668,6258587.3437385,207928,"https://s3-ap-southeast-2.amazonaws.com/data-collection.spotparking.com.au/production/raw-data-points/b7d9330805566f735aeccdb81107c62121ddeee8acac78e1da-md.jpg","Restricted Parking","right","Max Dur. 15 minutes","No Stopping","left","","","","","","",""
"a2738da2-3dea-4f06-8ff1-63077e66c79f",331839.98228814,6258599.4512741,207929,"https://s3-ap-southeast-2.amazonaws.com/data-collection.spotparking.com.au/production/raw-data-points/fae40b7fcce22fd78345519de1f6916adc54e3c20d608e68d5-md.jpg","Restricted Parking","left","Max Dur. 15 minutes","No Stopping","right","","","","","","",""
"10f9c185-6f2f-4080-8b9a-f86b78c59c4f",331834.72143948,6258619.8871144,207930,"https://s3-ap-southeast-2.amazonaws.com/data-collection.spotparking.com.au/production/raw-data-points/42826d887240f6137af5dcff02d17dd81a90230bd3e8b58dd3-md.jpg","No Stopping","both","","","","","","","","","",""
"7a0f6757-50ac-4e4c-ac10-0a7f85c14ed6",331827.94335547,6258637.3035694,207931,"https://s3-ap-southeast-2.amazonaws.com/data-collection.spotparking.com.au/production/raw-data-points/bfca18f9cb0bf7aaefbd48efe3855b3aefa9c2eca3dc61a049-md.jpg","No Parking","right","Buses, Taxis","","","","","","","","",""
"5bc67564-8fcf-4f9b-80a4-1ffe2bff9be8",331825.21398101,6258644.7820471,207932,"https://s3-ap-southeast-2.amazonaws.com/data-collection.spotparking.com.au/production/raw-data-points/e8295cdf386777f298368ac6a66c77c05f2a1e93cff26ba4b6-md.jpg","Disabled Parking","right","","No Parking","left","Buses, Taxis","","","","","",""
"3af4fadc-8053-47eb-bacb-21263fb2be94",331821.70949718,6258654.3800935,207933,"https://s3-ap-southeast-2.amazonaws.com/data-collection.spotparking.com.au/production/raw-data-points/0e53151d074abc1205088a53a6f1ffe4dcecfe34ef0d0007c5-md.jpg","No Stopping","right","","Disabled Parking","left","","","","","","",""
"1576b4a0-0ec6-4e20-8245-baab7676339e",331815.19528019,6258672.2364589,207934,"https://s3-ap-southeast-2.amazonaws.com/data-collection.spotparking.com.au/production/raw-data-points/90af75c6dfbc585d432bd970659d9fcfc5561054af5a86551d-md.jpg","No Stopping","both","","","","","","","","","",""
"84f20a5d-77f2-4ce6-bd5d-35eca79e595b",331804.38497832,6258697.1213936,207935,"https://s3-ap-southeast-2.amazonaws.com/data-collection.spotparking.com.au/production/raw-data-points/7917228fe20646595458336e7d0e2922544424ff5def0525e6-md.jpg","No Stopping","both","","","","","","","","","",""
"8bee5c93-d515-41ef-9fa8-be0103275691",331799.21483394,6258710.4486809,207936,"https://s3-ap-southeast-2.amazonaws.com/data-collection.spotparking.com.au/production/raw-data-points/d271993a6cd76530267bcca1d95dbc299b8675a719cd9850e6-md.jpg","No Stopping","both","","","","","","","","","",""
"a719a360-1944-4edb-bde8-dc99d3efba51",332103.44525924,6259431.6418841,207084,"https://s3-ap-southeast-2.amazonaws.com/data-collection.spotparking.com.au/production/raw-data-points/10a83af4dc55a03c12c69224e8e19823009226d3a605fa1850-md.jpg","No Stopping","left","","Unrestricted Parking","right","No Of Driveways: 4","","","","","",""
"92119b30-fded-4237-aa1c-2b2f7edbb01f",332138.8611605,6259340.3004764,207085,"https://s3-ap-southeast-2.amazonaws.com/data-collection.spotparking.com.au/production/raw-data-points/1188bd56f7e7acb31926058da069ae421fa06915c63609f6e2-md.jpg","No Parking","right","","Unrestricted Parking","left","No Of Driveways: 4","","","","","",""
"2c99e578-f0c5-4cc4-8ff7-ce568b39f56f",332146.513304,6259320.8044447,207086,"https://s3-ap-southeast-2.amazonaws.com/data-collection.spotparking.com.au/production/raw-data-points/17a5e08275f9ad81e43b6040cae4a1cee8356a3c3ac398816e-md.jpg","Unrestricted Parking","right","No Of Driveways: 5","No Parking","left","","","","","","",""
"dad670a8-77e0-47d8-9558-ed58e59616a1",332175.78605125,6259246.9994675,207087,"https://s3-ap-southeast-2.amazonaws.com/data-collection.spotparking.com.au/production/raw-data-points/c70ae4f0e748ec889ea6e277409b8d5ddc59b52fb4c89f0d69-md.jpg","No Stopping","right","","Unrestricted Parking","left","No Of Driveways: 5","","","","","",""
"a1ef329e-b2d6-49da-adb1-12e3d3bd8774",332186.95917028,6259218.1253448,207088,"https://s3-ap-southeast-2.amazonaws.com/data-collection.spotparking.com.au/production/raw-data-points/bec56f477874bfb28dd1e6265a531910676cc59b96d019c32e-md.jpg","Restricted Parking","right","Max Dur. 2 hours 8:30a - 6:00p, Area Permit: 3, No Of Driveways: 7","No Stopping","left","","","","","","",""
"7a75f1c5-a459-4881-8f56-1f11ae55d54f",332190.62032514,6259209.20716,207089,"https://s3-ap-southeast-2.amazonaws.com/data-collection.spotparking.com.au/production/raw-data-points/6c3a8f3ded8a34553d2ffce1920edbab825c0b5d89fe14d2bb-md.jpg","Unrestricted Parking","right","No Of Driveways: 3","Restricted Parking","left","Max Dur. 2 hours 8:30a - 6:00p, Area Permit: 3, No Of Driveways: 7","","","","","",""
"020298fc-e152-4096-87dc-56eab0930a09",332207.95308985,6259165.6860186,207090,"https://s3-ap-southeast-2.amazonaws.com/data-collection.spotparking.com.au/production/raw-data-points/e5cc13094d14ef9bdfa8ee17f40f44b3da2d5533b030e52f3a-md.jpg","Restricted Parking","right","Max Dur. 2 hours 8:30a - 6:00p, Area Permit: 3, No Of Driveways: 7","Unrestricted Parking","left","No Of Driveways: 3","","","","","",""
"7374ea55-ee40-4dfe-9829-33984f72d55f",332214.94556582,6259147.5097184,207091,"https://s3-ap-southeast-2.amazonaws.com/data-collection.spotparking.com.au/production/raw-data-points/0ef293e48a367f3131c2e1d6972aee45931349cc5729e80408-md.jpg","Restricted Parking","both","Max Dur. 2 hours 8:30a - 6:00p, Area Permit: 3, No Of Driveways: 7","","","","","","","","",""
"cdf79d78-2bfc-4a6d-b6b3-c398e7aec575",332222.72139699,6259128.233642,207092,"https://s3-ap-southeast-2.amazonaws.com/data-collection.spotparking.com.au/production/raw-data-points/ebd2af2a7054c43e60ece2fc0cf8ded0cf80ba2274b41026cc-md.jpg","No Stopping","right","","Restricted Parking","left","Max Dur. 2 hours 8:30a - 6:00p, Area Permit: 3, No Of Driveways: 7","","","","","",""
"ef54d71f-1782-48c5-97fd-186193e30bed",331657.58421231,6259069.0156956,212714,"https://s3-ap-southeast-2.amazonaws.com/data-collection.spotparking.com.au/production/raw-data-points/ac81c38e2790748ec0ad8fecf9e8cf230e0b8f11cf4233728b-md.jpg","Clearway","both","Special Event, Inferred, 3:00p - 10:30p","No Parking","right","8:30a - 6:00p M-Sa; 6:00p - 9:00p Th","No Stopping","left","","","",""
"4c5aa915-e156-41b2-9e67-ae0901d97b92",331684.02038913,6259082.6929117,212715,"https://s3-ap-southeast-2.amazonaws.com/data-collection.spotparking.com.au/production/raw-data-points/608afd1644c2f97041f900396041ea89bc137978dc7a0fa3c5-md.jpg","No Stopping","right","","No Parking","left","8:30a - 6:00p M-Sa; 6:00p - 9:00p Th","","","","","",""
"5d191e0f-9663-44a1-b36a-650805d90ee9",331699.75346004,6259088.7316825,212716,"https://s3-ap-southeast-2.amazonaws.com/data-collection.spotparking.com.au/production/raw-data-points/18404bec836aceeaa148de072505538b9f4a599d1269773874-md.jpg","No Stopping","both","","","","","","","","","",""
"a0172736-ddf9-4317-a487-9652156167e0",331729.55394133,6259100.1293625,212717,"https://s3-ap-southeast-2.amazonaws.com/data-collection.spotparking.com.au/production/raw-data-points/c0dd8623ce83b566299e08666e27537e5689571abe43ee4c8b-md.jpg","No Stopping","both","","","","","","","","","",""
"244061d4-b2cc-475b-9cfa-c44742418010",331733.05842515,6259102.1989413,212718,"https://s3-ap-southeast-2.amazonaws.com/data-collection.spotparking.com.au/production/raw-data-points/f2793e73243b76acd3acc3cb627dfa1deeb891892044ed0954-md.jpg","Clearway","left","Special Event, Inferred, 3:00p - 10:30p","","","","","","","","",""
"f787533c-c3b5-4bff-9665-31d3e0b76795",331469.16667015,6259160.0971562,212649,"https://s3-ap-southeast-2.amazonaws.com/data-collection.spotparking.com.au/production/raw-data-points/d2404920618f0110ee728286428adabd69f49a58c986cffc1c-md.jpg","No Stopping","both","","","","","","","","","",""
"e690127a-afbb-47ea-89ba-be2a19bc9ca7",331484.7018408,6259167.4656564,212650,"https://s3-ap-southeast-2.amazonaws.com/data-collection.spotparking.com.au/production/raw-data-points/15505099c3a7108bef78579799df8db292ebfbbd8a76c34371-md.jpg","No Stopping","left","","Loading Zone","right","","","","","","",""
"14948d11-7528-48be-9a33-e85fd0d83ca1",331495.99040164,6259172.0047325,212651,"https://s3-ap-southeast-2.amazonaws.com/data-collection.spotparking.com.au/production/raw-data-points/485969c80a008ff8d748f6ca25efc7ebaba1abb558fc543604-md.jpg","No Stopping","right","","Loading Zone","left","","","","","","",""
"fdc5278d-dc31-49bd-92cf-c7332905ab5b",331505.92664402,6259175.8239551,212652,"https://s3-ap-southeast-2.amazonaws.com/data-collection.spotparking.com.au/production/raw-data-points/db6bb21a4e40264e61d781c940dfdf356cf2566a01b5e98c75-md.jpg","No Stopping","both","","","","","","","","","",""
"71d97db2-97db-4d3e-a294-6d8224b41ef1",331940.54035933,6258538.8836025,205386,"https://s3-ap-southeast-2.amazonaws.com/data-collection.spotparking.com.au/production/raw-data-points/60a68d7771562eea08bb641c089a522caedd76e2fca6ff677a-md.jpg","No Stopping","right","","Unrestricted Parking","left","No Of Driveways: 3","","","","","",""
"f56d8c13-231d-4cd7-9905-7585663bb659",331991.48318539,6258559.4094245,205387,"https://s3-ap-southeast-2.amazonaws.com/data-collection.spotparking.com.au/production/raw-data-points/785fc80dae8104aac405a156b9aa7014957ffcaa850fee47aa-md.jpg","No Stopping","left","","Unrestricted Parking","right","No Of Driveways: 3","","","","","",""
"15d89eec-6434-405b-822d-1b41f2512166",331527.99252336,6258935.0629613,212787,"https://s3-ap-southeast-2.amazonaws.com/data-collection.spotparking.com.au/production/raw-data-points/4900ad9e551ce554f19810701cf8665f432d54d255c447b6ee-md.jpg","Taxi Zone","left","","No Stopping","right","","","","","","",""
"8e78aef9-f93f-407e-b1cc-d177542fdbbe",331507.73248392,6258928.3843207,212788,"https://s3-ap-southeast-2.amazonaws.com/data-collection.spotparking.com.au/production/raw-data-points/1b298c7c96ddce0d5b8513273accf824d22f2f78e0eb7d4184-md.jpg","Taxi Zone","both","","","","","","","","","",""
"2bb819a9-ff1b-43b4-9569-a2072118b8de",331500.92141653,6258925.154978,212789,"https://s3-ap-southeast-2.amazonaws.com/data-collection.spotparking.com.au/production/raw-data-points/3dc5e24fdcac5d79cdc90591ced5d5cfa9c544a670d943bbaa-md.jpg","Taxi Zone","right","","Taxi Zone","left","Authorised Community Connect Buses","","","","","",""
"db149060-1c2b-415d-bcc2-8f62209d6ada",331498.63731766,6258924.2251673,212790,"https://s3-ap-southeast-2.amazonaws.com/data-collection.spotparking.com.au/production/raw-data-points/94708f8269fc5280238f357f599503ebbeba10113a80f07bef-md.jpg","","","","","","","","","","","",""
"4cc3eeb8-475a-4af5-8477-d579fa96c11d",331493.83823628,6258922.2455702,212791,"https://s3-ap-southeast-2.amazonaws.com/data-collection.spotparking.com.au/production/raw-data-points/47d7616595d084320d8645fa34502afe08a7cc9ba338badc46-md.jpg","No Stopping","left","","Taxi Zone","right","Authorised Community Connect Buses","","","","","",""
"e5292148-755d-4546-80d1-dd3f127723ca",331468.36682325,6258912.6975137,212792,"https://s3-ap-southeast-2.amazonaws.com/data-collection.spotparking.com.au/production/raw-data-points/af6a557b550f2923ad30d556193ddfd5d1cb2e948320a18ac3-md.jpg","No Stopping","right","","Taxi Zone","left","","","","","","",""
"0a935f0a-b99c-429a-81bb-ee1ec0ffb939",331462.67719069,6258910.4979614,212793,"https://s3-ap-southeast-2.amazonaws.com/data-collection.spotparking.com.au/production/raw-data-points/2bf04c845b33cba2838d1f9aa655c50d05b37690b8449ee99a-md.jpg","No Stopping","left","","Taxi Zone","right","","","","","","",""
"9868098d-0245-4036-b740-623ff641dd0e",331456.12174447,6258907.6085496,212794,"https://s3-ap-southeast-2.amazonaws.com/data-collection.spotparking.com.au/production/raw-data-points/6bb0a7a0d49197c8237982abdf1e05d6cf3ca78b87abf7a7e5-md.jpg","Taxi Zone","left","","No Stopping","right","","","","","","",""
"0f55a211-4da0-4f2a-8098-f31b1ec608ce",331450.05280307,6258905.7189342,212795,"https://s3-ap-southeast-2.amazonaws.com/data-collection.spotparking.com.au/production/raw-data-points/8ffbcd2cac646f2f38c4aa40d6a1355aa9831b2363bfdbe0fe-md.jpg","No Stopping","left","","Taxi Zone","right","","","","","","",""
"6b14d14a-2464-4414-a62d-56f2f6b71e42",331433.49514772,6258899.3202366,212796,"https://s3-ap-southeast-2.amazonaws.com/data-collection.spotparking.com.au/production/raw-data-points/4811f2fb6b7f67dd8f99749f66e61cac4ab68e668415e20f8e-md.jpg","Taxi Zone","left","","No Stopping","right","","","","","","",""
"fc002e47-3100-4bec-b24b-011ec044678c",331414.2246096,6258893.7713661,212797,"https://s3-ap-southeast-2.amazonaws.com/data-collection.spotparking.com.au/production/raw-data-points/27d1ca83452712cd61d5212ec261f69c1edd301a7561d3ec39-md.jpg","Taxi Zone","both","","","","","","","","","",""
"912c2f17-7e14-4952-ac31-731ea353a95e",331406.61369532,6258890.4220478,212798,"https://s3-ap-southeast-2.amazonaws.com/data-collection.spotparking.com.au/production/raw-data-points/67928194b1536382a95be55f8c10b36cdd9f16dfd8cdb7f4cb-md.jpg","Taxi Zone","both","","","","","","","","","",""
"6275f576-5079-4bec-9bac-4e0a92cfdcb6",331404.77487204,6258889.1723022,212799,"https://s3-ap-southeast-2.amazonaws.com/data-collection.spotparking.com.au/production/raw-data-points/1c0ef2c1d5eb3a73632a4a884249bfddb8129aa9e864c3ba37-md.jpg","","","","","","","","","","","",""
"b77f4f86-48fd-416b-b481-beae4b2c0000",331393.12349405,6258884.093336,212800,"https://s3-ap-southeast-2.amazonaws.com/data-collection.spotparking.com.au/production/raw-data-points/971ca40617ddbc3417b6e20221f9c52dd922657ab8aa30b18e-md.jpg","No Stopping","left","","Taxi Zone","right","","","","","","",""
"5f426155-9668-41ea-ba0c-41e7e52e107f",331384.74571625,6258881.0539547,212801,"https://s3-ap-southeast-2.amazonaws.com/data-collection.spotparking.com.au/production/raw-data-points/3ae783b196ebfd3e098cf9f8878b4dbd791ff6d87d356cf3a4-md.jpg","No Stopping","right","","Disabled Parking","left","","","","","","",""
"cc992a6c-3d50-4655-9d86-5e2365371ce6",331379.3199507,6258878.7344268,212802,"https://s3-ap-southeast-2.amazonaws.com/data-collection.spotparking.com.au/production/raw-data-points/8b324d807637afbc95d2abe2a702b5e26f9dcd6368a6b0b095-md.jpg","","","","","","","","","","","",""
"3837bc3c-67d0-4f30-8ada-8430a598137b",331372.32747474,6258876.2849254,212803,"https://s3-ap-southeast-2.amazonaws.com/data-collection.spotparking.com.au/production/raw-data-points/cf56b4341587e29bbb740ae350dd951d5a4b6e92d28fbc5f33-md.jpg","No Parking","left","Authorised Car Share: Car Share, No Of Bays: 2","Disabled Parking","right","","","","","","",""
"9aa6ea07-91d8-40d2-80b1-e49189a103bc",331367.82524375,6258874.4353019,212804,"https://s3-ap-southeast-2.amazonaws.com/data-collection.spotparking.com.au/production/raw-data-points/e993bfc45445960ced53aa71a74e4e7be58056edad12a476ac-md.jpg","No Parking","both","Authorised Car Share: Car Share, No Of Bays: 2","","","","","","","","",""
"b2b395fb-8137-40c2-9748-c75aa7933107",331362.65509938,6258872.685658,212805,"https://s3-ap-southeast-2.amazonaws.com/data-collection.spotparking.com.au/production/raw-data-points/a7a426f651c0e2cab33b66c70b2b23bd2c643b5d0eea01550a-md.jpg","No Stopping","left","","No Parking","right","Authorised Car Share: Car Share, No Of Bays: 2","","","","","",""
"10310d86-c296-435e-9694-22d7087bd7fe",331356.84177915,6258871.2359531,212806,"https://s3-ap-southeast-2.amazonaws.com/data-collection.spotparking.com.au/production/raw-data-points/ffccf9d78212e548a859dd62ec60f5742ed545346fb1b49e84-md.jpg","No Stopping","both","","","","","","","","","",""
"09ae2d05-2bac-4d41-ac40-658331c9b059",331930.81026306,6258638.553315,207107,"https://s3-ap-southeast-2.amazonaws.com/data-collection.spotparking.com.au/production/raw-data-points/e5d943767b45e1f9583ba4842630c30c50b70d7ceeff4ddf8a-md.jpg","No Stopping","both","","","","","","","","","",""
"14c0b62a-626c-4d02-bc55-f2467c9982a5",332156.26813781,6258899.1002814,205218,"https://s3-ap-southeast-2.amazonaws.com/data-collection.spotparking.com.au/production/raw-data-points/4bd07d63c17b90e28504c9632fca2b4a5882cfa98cf8aae55a-md.jpg","Metered Parking","right","Max Dur. 2 hours 8:30a - 6:00p M-F; Max Dur. 2 hours 8:30a - 4:30p Sa-Su, No Of Bays: 1","No Stopping","left","","","","","","",""
"e62f12e8-6935-4e01-9348-474d4eaef0fb",332161.96601621,6258901.4298072,205219,"https://s3-ap-southeast-2.amazonaws.com/data-collection.spotparking.com.au/production/raw-data-points/e8dfdc6d1dd83d5a4b85a2d68c4ded62487ceea64048da158b-md.jpg","Metered Parking","left","Max Dur. 2 hours 8:30a - 6:00p M-F; Max Dur. 2 hours 8:30a - 4:30p Sa-Su, No Of Bays: 1","No Stopping","right","","","","","","",""
"131b3486-8621-44bf-a288-4d1f714eb986",332168.78532945,6258903.9892863,205220,"https://s3-ap-southeast-2.amazonaws.com/data-collection.spotparking.com.au/production/raw-data-points/d83b4c93d4a58f4e9d21c273792cd49ac1669fab839a0433eb-md.jpg","Metered Parking","right","Max Dur. 2 hours 8:30a - 6:00p M-F; Max Dur. 2 hours 8:30a - 4:30p Sa-Su, No Of Bays: 3","No Stopping","left","","","","","","",""
"e3c9a253-95b0-423a-b22d-a5edc0263732",332173.74932771,6258906.068863,205221,"https://s3-ap-southeast-2.amazonaws.com/data-collection.spotparking.com.au/production/raw-data-points/d23161b3ab47b185f38f449d97bb1f5c902c457d86e85f0212-md.jpg","","","","","","","","","","","",""
"79ac6d04-9a6b-401c-b298-8bfde6e92b5e",332185.33473895,6258910.7179167,205222,"https://s3-ap-southeast-2.amazonaws.com/data-collection.spotparking.com.au/production/raw-data-points/135df19a181a83cb5fdd4f9b6ee30020c5317e9a0c091df246-md.jpg","No Stopping","right","","Metered Parking","left","Max Dur. 2 hours 8:30a - 6:00p M-F; Max Dur. 2 hours 8:30a - 4:30p Sa-Su, No Of Bays: 3","","","","","",""
"71cd0b41-5e1e-4ed9-8449-d8577f8d9620",332205.94110384,6258918.2763782,205223,"https://s3-ap-southeast-2.amazonaws.com/data-collection.spotparking.com.au/production/raw-data-points/bbf2c37dfd1a189472f1e5b261bc950d5cb35b3addb95f9dbf-md.jpg","","","","","","","","","","","",""
"d0a42592-7539-422b-b6b2-b5bedaf00154",331966.94355277,6258631.3047904,207113,"https://s3-ap-southeast-2.amazonaws.com/data-collection.spotparking.com.au/production/raw-data-points/de6895bc1e97255d1704d1e3e3ed39a40159edb80e3bb99fc6-md.jpg","No Stopping","left","","No Parking","right","","","","","","",""
"164eda39-24fb-4ff9-8132-60983ca9196d",331940.46614673,6258620.5369822,207114,"https://s3-ap-southeast-2.amazonaws.com/data-collection.spotparking.com.au/production/raw-data-points/e2db9bfaa192f1772b77d5e5500d8ebf665c13f4563ec7b219-md.jpg","No Parking","both","","","","","","","","","",""
"3c6574d1-9b70-4cc3-baef-e34f2b6e04e4",331909.94827699,6258607.7895768,207115,"https://s3-ap-southeast-2.amazonaws.com/data-collection.spotparking.com.au/production/raw-data-points/bad7d9179b890cb9a2c3b873aa3c1e545f11e0657bc865cf8b-md.jpg","No Parking","left","","No Stopping","right","","","","","","",""
"8cdd78f6-9230-4ad6-b578-00d45ff742d1",331888.53381936,6258599.0913473,207116,"https://s3-ap-southeast-2.amazonaws.com/data-collection.spotparking.com.au/production/raw-data-points/2077956f259d9baf12d2077552255e2bd6d73bd831bdd00e3d-md.jpg","No Stopping","left","","No Parking","right","","","","","","",""
"2a70452d-9904-4f91-acf7-dd5cb32c95cc",331862.3120345,6258588.7634496,207117,"https://s3-ap-southeast-2.amazonaws.com/data-collection.spotparking.com.au/production/raw-data-points/1a9589f99b0bd4f2fa60857e887890f0ab063a5fea3b1a55d3-md.jpg","No Stopping","right","","No Parking","left","","","","","","",""
"8c414a61-0583-40c1-86ef-498c94e6bd2b",331646.06476783,6259145.4801315,212696,"https://s3-ap-southeast-2.amazonaws.com/data-collection.spotparking.com.au/production/raw-data-points/ac6774885162157fc8559d3162bbf4321ae64a9de354f3f596-md.jpg","No Stopping","both","","","","","","","","","",""
"fe4a32be-c7e8-40ff-aa82-49302134b4f6",331655.32485098,6259149.8592401,212697,"https://s3-ap-southeast-2.amazonaws.com/data-collection.spotparking.com.au/production/raw-data-points/545e9fcc3dbd110e3d33d5f02cd126128efcac388800153865-md.jpg","No Stopping","left","","Restricted Parking","right","Max Dur. 1 hour 8:30a - 6:00p M-F; Max Dur. 1 hour 8:30a - 12:00p Sa","","","","","",""
"18486d6c-c358-4045-9518-4a3c14727e20",331666.75359117,6259154.1583651,212698,"https://s3-ap-southeast-2.amazonaws.com/data-collection.spotparking.com.au/production/raw-data-points/f1dda7fab2cd2d85b4f6925b3e6af554003c805dd7e11c80b1-md.jpg","Restricted Parking","left","Max Dur. 1 hour 8:30a - 6:00p M-F; Max Dur. 1 hour 8:30a - 12:00p Sa","No Stopping","right","","","","","","",""
"ecaeca82-04aa-4655-a043-e0717642d491",331672.14637334,6259156.5778726,212699,"https://s3-ap-southeast-2.amazonaws.com/data-collection.spotparking.com.au/production/raw-data-points/faa96c971cbdc5a35a6e9355e5ee02a9e469eb0417811f724a-md.jpg","No Stopping","left","","Restricted Parking","right","Max Dur. 1 hour 8:30a - 6:00p M-F; Max Dur. 1 hour 8:30a - 12:00p Sa","","","","","",""
"6773ebd5-d48d-4257-a029-b1a6327e0291",331685.5788537,6259162.3766922,212700,"https://s3-ap-southeast-2.amazonaws.com/data-collection.spotparking.com.au/production/raw-data-points/debce83185a3357e97a6ece320e060c868ffdd2ee6218d2581-md.jpg","No Stopping","right","","Restricted Parking","left","Max Dur. 1 hour 8:30a - 6:00p M-F; Max Dur. 1 hour 8:30a - 12:00p Sa","","","","","",""
"5b7a39ef-b56d-443a-b4af-5d41be82686f",331689.45440052,6259163.866389,212701,"https://s3-ap-southeast-2.amazonaws.com/data-collection.spotparking.com.au/production/raw-data-points/74a0064b5eade5f0a09ff8e655280ed9307a470c229952bfd0-md.jpg","Restricted Parking","right","Max Dur. 1 hour 8:30a - 6:00p M-F; Max Dur. 1 hour 8:30a - 12:00p Sa","No Stopping","left","","","","","","",""
"cb8d3ea1-d119-4ad4-a759-905ca6fe0bf9",331695.14403308,6259166.6358253,212702,"https://s3-ap-southeast-2.amazonaws.com/data-collection.spotparking.com.au/production/raw-data-points/984c55a68077c369b5ae4637c348c8aeaae4678694a9240067-md.jpg","No Parking","right","Authorised Car Share: Car Share, No Of Bays: 1","Restricted Parking","left","Max Dur. 1 hour 8:30a - 6:00p M-F; Max Dur. 1 hour 8:30a - 12:00p Sa","","","","","",""
"f8cad760-546b-4893-8cb5-1e72650dce7a",331700.56979863,6259168.6254203,212703,"https://s3-ap-southeast-2.amazonaws.com/data-collection.spotparking.com.au/production/raw-data-points/cb407f96f914098cdc8a7864d924385a642380e0e7cc863e71-md.jpg","No Stopping","right","","No Parking","left","Authorised Car Share: Car Share, No Of Bays: 1","","","","","",""
"810a8e4c-2037-44f6-8e04-38fe65febb13",331707.46332446,6259171.284879,212704,"https://s3-ap-southeast-2.amazonaws.com/data-collection.spotparking.com.au/production/raw-data-points/949c7999ed7df68646a876e8323a48dec7fb689d3970032901-md.jpg","No Stopping","both","","","","","","","","","",""
"0efc6c61-095c-4460-bcf5-680f7c27d4e8",332112.63937563,6259350.9383111,207070,"https://s3-ap-southeast-2.amazonaws.com/data-collection.spotparking.com.au/production/raw-data-points/932ab7c2fb3de76d0077d32205607e58dc4766d50d9859b8b4-md.jpg","Metered Parking","right","Max Dur. 4 hours 8:30a - 6:00p","No Stopping","left","","","","","","",""
"f3e31083-aa5f-487a-8b15-c8f4724136ca",332099.33882879,6259345.1494894,207071,"https://s3-ap-southeast-2.amazonaws.com/data-collection.spotparking.com.au/production/raw-data-points/a3b6daa1cdc565c4531a4094ede21b35171fd62a6ec4d4d21e-md.jpg","","","","","","","","","","","",""
"d04f8bd1-7806-4d19-8d34-ed5f748e6c65",332081.13200458,6259337.6310197,207072,"https://s3-ap-southeast-2.amazonaws.com/data-collection.spotparking.com.au/production/raw-data-points/8b1c1a23be876d7671f56bdc1052f5d6eae4d61bd928d13687-md.jpg","No Parking","right","","Metered Parking","left","Max Dur. 4 hours 8:30a - 6:00p","","","","","",""
"a02cc8a4-5050-4eda-b385-82b77e2c6232",332075.59904306,6259335.4214695,207073,"https://s3-ap-southeast-2.amazonaws.com/data-collection.spotparking.com.au/production/raw-data-points/8584310a90b4bdf92a474a45b042d59903e10244e06c3a446a-md.jpg","No Parking","both","","","","","","","","","",""
"d07b4f21-93b3-49e8-b326-e4b63eb6420b",332018.76043832,6259034.2427735,206647,"https://s3-ap-southeast-2.amazonaws.com/data-collection.spotparking.com.au/production/raw-data-points/6adf3acf8eee5e312b8bfc1249693bb735b0aa39174d2b1943-md.jpg","","","","","","","","","","","",""
"3bd1954a-f94b-40ba-b2eb-e2217f14a548",332028.58123888,6259038.5119046,206648,"https://s3-ap-southeast-2.amazonaws.com/data-collection.spotparking.com.au/production/raw-data-points/eb66018a66bdee3ce3d7a9e4e20ed23c746b7dd0cf310b5b17-md.jpg","No Stopping","left","","Metered Parking","right","Max Dur. 1 hour 8:30a - 6:00p M-F; Max Dur. 1 hour 8:30a - 4:30p Sa-Su","","","","","",""
"b0fb7e05-a3e8-498d-bd48-02642f22ae01",332046.99420919,6259045.9403925,206649,"https://s3-ap-southeast-2.amazonaws.com/data-collection.spotparking.com.au/production/raw-data-points/97f4d49a60729f0545b8e8ae21ff4487ff01d307e1c0282064-md.jpg","Metered Parking","both","Max Dur. 1 hour 8:30a - 6:00p M-F; Max Dur. 1 hour 8:30a - 4:30p Sa-Su","","","","","","","","",""
"b1fa4158-c2d2-4ec7-a113-d772305d7d1e",332047.44773063,6259046.2803233,206650,"https://s3-ap-southeast-2.amazonaws.com/data-collection.spotparking.com.au/production/raw-data-points/5d8a4f1cdab35fe1d69e2692bf96981e78e642976c694e02d7-md.jpg","","","","","","","","","","","",""
"1730eefb-b618-4cf2-ac91-f0b9e8b42e8a",332062.24902114,6259052.1991186,206651,"https://s3-ap-southeast-2.amazonaws.com/data-collection.spotparking.com.au/production/raw-data-points/86798cdfc9b9dd8539ea6df0d38b71014f847b8394f8ada274-md.jpg","Metered Parking","left","Max Dur. 1 hour 8:30a - 6:00p M-F; Max Dur. 1 hour 8:30a - 4:30p Sa-Su","No Parking","right","","","","","","",""
"aab54dd0-380e-449f-a716-256ee33210d1",332073.57056536,6259056.7281967,206652,"https://s3-ap-southeast-2.amazonaws.com/data-collection.spotparking.com.au/production/raw-data-points/a9e177c85902965205e5e5b141479bdd2f67703970d25c8559-md.jpg","Bus Zone","right","","No Parking","left","","","","","","",""
"ccd40a13-f586-4e3e-9662-27181ca751c1",332104.83880693,6259068.8057383,206653,"https://s3-ap-southeast-2.amazonaws.com/data-collection.spotparking.com.au/production/raw-data-points/d330318bdb403def88ce2c470fc5a749f6ce04d2ea9af94025-md.jpg","Bus Zone","left","","Mail Zone","right","","","","","","",""
"e501956e-6fea-4094-8619-7ecb53f4180d",332110.16562235,6259070.895313,206654,"https://s3-ap-southeast-2.amazonaws.com/data-collection.spotparking.com.au/production/raw-data-points/eb32a1b91e5941227a9a24fe136750f76c258267ae2835a597-md.jpg","","","","","","","","","","","",""
"bdc98f04-b5ae-4e48-9f80-66a59b678c95",332113.01043863,6259072.055077,206655,"https://s3-ap-southeast-2.amazonaws.com/data-collection.spotparking.com.au/production/raw-data-points/43a1e7d672853ee47d1a93cac2022f127881440f02a8e065a8-md.jpg","Metered Parking","right","Max Dur. 1 hour 8:30a - 6:00p M-F; Max Dur. 1 hour 8:30a - 4:30p Sa-Su","Mail Zone","left","","","","","","",""
"b5457a7e-290e-4235-bf21-df9ec7c9659d",332129.20527683,6259078.4537745,206656,"https://s3-ap-southeast-2.amazonaws.com/data-collection.spotparking.com.au/production/raw-data-points/eb04cc6cbbfd3468bd6bdfb8e8b05788c6452e81221d620492-md.jpg","No Stopping","right","","Metered Parking","left","Max Dur. 1 hour 8:30a - 6:00p M-F; Max Dur. 1 hour 8:30a - 4:30p Sa-Su","","","","","",""
"0f57a966-4a4b-4f06-8b6b-6ffa1d9bb48c",331799.65186369,6258664.8579607,207939,"https://s3-ap-southeast-2.amazonaws.com/data-collection.spotparking.com.au/production/raw-data-points/4e4d4cc132e89a529a3da3a974ade5c2132d09d809523be47d-md.jpg","No Parking","both","9:30a - 1:30p M-F, Area Permit: DCC","","","","","","","","",""
"485e862d-74df-44a9-890d-ed3661b9b200",331791.37303602,6258661.8285774,207940,"https://s3-ap-southeast-2.amazonaws.com/data-collection.spotparking.com.au/production/raw-data-points/bf18c8c9f311b2bd4e96b1d1125a43c7b7f3abb95f68515493-md.jpg","No Parking","both","9:30a - 1:30p M-F, Area Permit: DCC","","","","","","","","",""
"dc0892ce-c18d-44c1-b876-d4329dfd9553",331784.27336408,6258659.5990312,207941,"https://s3-ap-southeast-2.amazonaws.com/data-collection.spotparking.com.au/production/raw-data-points/d4782bd66dfb47592e54e749d58287672ddfa3ff80639096f6-md.jpg","No Parking","both","9:30a - 1:30p M-F, Area Permit: DCC","","","","","","","","",""
"97b6fa5f-3564-4109-93c2-8b9f47595850",331779.60621621,6258657.949367,207942,"https://s3-ap-southeast-2.amazonaws.com/data-collection.spotparking.com.au/production/raw-data-points/64e9fc3bad7150bc2b9fc2004266344ea15040a355a5d2f7fe-md.jpg","","","","","","","","","","","",""
"63a1b569-669c-428a-8d5a-3131268cdca3",331857.59541156,6258593.3425175,207120,"https://s3-ap-southeast-2.amazonaws.com/data-collection.spotparking.com.au/production/raw-data-points/926b1262cda6abaa85df2f913ee74241e319e5762b6eea1f4a-md.jpg","No Stopping","left","","No Parking","right","Buses, Taxis","","","","","",""
"3f3fc844-8e92-433b-b4bc-4e38c07edf8d",331868.44694265,6258597.9615773,207121,"https://s3-ap-southeast-2.amazonaws.com/data-collection.spotparking.com.au/production/raw-data-points/31e29fe5f58512f4ff53516ecf494f66ef5147ac8d8d8aa454-md.jpg","No Parking","left","Buses, Taxis","Unrestricted Parking","right","No Of Driveways: 3","","","","","",""
"05c58f1b-68b8-46d9-b009-560673e02083",331895.96332507,6258608.6494018,207122,"https://s3-ap-southeast-2.amazonaws.com/data-collection.spotparking.com.au/production/raw-data-points/692c9da779fa439734faae8139ebe57f9f14b9ec5db771c53a-md.jpg","","","","","","","","","","","",""
"2ad6b49a-6af0-47f5-a783-9aad435e30d3",331928.78178537,6258621.446797,213336,"https://s3-ap-southeast-2.amazonaws.com/data-collection.spotparking.com.au/production/raw-data-points/inserted_datapoint-md.jpg","Unrestricted Parking","left","No Of Driveways: 3","No Stopping","right","","","","","","",""
"91467a00-0229-414b-aa09-eb6714564b34",332375.11284542,6258982.9332174,205236,"https://s3-ap-southeast-2.amazonaws.com/data-collection.spotparking.com.au/production/raw-data-points/41ad0f79e6e0b1433749d213274a145ee06f11c549c545dd2a-md.jpg","No Parking","right","","No Stopping","left","","","","","","",""
"9b593367-f557-482c-bb10-24c829a6139c",332384.76872909,6258987.3223241,205237,"https://s3-ap-southeast-2.amazonaws.com/data-collection.spotparking.com.au/production/raw-data-points/d13ada7b65b1bb984f041a68b9dd32cc8191e0fefb31c5822c-md.jpg","No Parking","right","4:30a - 6:30a F, Street Sweeping","No Parking","left","","","","","","",""
"83fc8dcb-0146-4289-8a63-241b39bb022a",332399.9410826,6258993.1411397,205238,"https://s3-ap-southeast-2.amazonaws.com/data-collection.spotparking.com.au/production/raw-data-points/c8bebf8adaf563321cec60f8c4d019d42bc2f97f2747da55ae-md.jpg","No Parking","both","4:30a - 6:30a F, Street Sweeping","","","","","","","","",""
"9fb3e7b0-7e57-4ba7-885d-e80c0b17af2d",332406.29038271,6258995.7906004,205239,"https://s3-ap-southeast-2.amazonaws.com/data-collection.spotparking.com.au/production/raw-data-points/afb04bd7ed7e266625457fe68b7add30e4130e7b6180715cef-md.jpg","No Parking","left","4:30a - 6:30a F, Street Sweeping","No Stopping","right","","","","","","",""
"58007866-1d97-4c96-a00b-b30a0e7cfe9a",332105.2428533,6258604.6902077,205394,"https://s3-ap-southeast-2.amazonaws.com/data-collection.spotparking.com.au/production/raw-data-points/9f3f42027e31a22be89352225682c7f280943a47857206c728-md.jpg","Restricted Parking","left","Area Permit: 4, Max Dur. 2 hours 8:30a - 6:00p, No Of Driveways: 1","No Stopping","right","","","","","","",""
"08990b26-f572-463a-b64c-42a9dbabb158",332126.66555678,6258613.0485064,205395,"https://s3-ap-southeast-2.amazonaws.com/data-collection.spotparking.com.au/production/raw-data-points/5a1a7cfb448acee436c6f04654391cbb748964f66994a28333-md.jpg","Restricted Parking","both","Area Permit: 4, Max Dur. 2 hours 8:30a - 6:00p, No Of Driveways: 1","","","","","","","","",""
"da5b13cf-85d7-495c-be89-066d97b7c65e",332150.4218342,6258621.6767502,205396,"https://s3-ap-southeast-2.amazonaws.com/data-collection.spotparking.com.au/production/raw-data-points/285568e3c5ec8833e2b6bf43b8487fb29445463d477a3cb9fa-md.jpg","No Stopping","left","","Restricted Parking","right","Area Permit: 4, Max Dur. 2 hours 8:30a - 6:00p, No Of Driveways: 1","","","","","",""
"b55966b4-54cb-4643-87bb-377c34acfa86",331213.30636749,6258980.5237079,211588,"https://s3-ap-southeast-2.amazonaws.com/data-collection.spotparking.com.au/production/raw-data-points/3adc358c269d81dd7f11b2b0116632843cd2bb972a00089297-md.jpg","No Stopping","left","","Restricted Parking","right","No Of Driveways: 10, Max Dur. 1 hour 8:30a - 6:00p M-F, Area Permit: 6","","","","","",""
"8694215b-b52b-40ff-a0c1-d90c92b5d46d",331220.97500268,6258956.3586266,211589,"https://s3-ap-southeast-2.amazonaws.com/data-collection.spotparking.com.au/production/raw-data-points/aeb78d707891f723b39b10752498f4a25a0b1824a84cc28e8f-md.jpg","Restricted Parking","both","No Of Driveways: 10, Max Dur. 1 hour 8:30a - 6:00p M-F, Area Permit: 6","","","","","","","","",""
"e9b54408-8db0-44eb-bfd8-9c465a5bece4",331231.90074637,6258924.6150879,211590,"https://s3-ap-southeast-2.amazonaws.com/data-collection.spotparking.com.au/production/raw-data-points/418d83c46527717b41ccbafffd1c0d23725c6353d55a968755-md.jpg","Restricted Parking","both","No Of Driveways: 10, Max Dur. 1 hour 8:30a - 6:00p M-F, Area Permit: 6","","","","","","","","",""
"bfd98d01-bb4c-4cbf-aaa4-43f317f65ea9",331242.37296863,6258892.6216001,211591,"https://s3-ap-southeast-2.amazonaws.com/data-collection.spotparking.com.au/production/raw-data-points/245ac5ff4f4dd261290fe203de5a5549fe001ba596df73cbef-md.jpg","Restricted Parking","both","No Of Driveways: 10, Max Dur. 1 hour 8:30a - 6:00p M-F, Area Permit: 6","","","","","","","","",""
"746cdb69-044d-4fc2-b9f7-90b7831b0c8f",331255.40140262,6258851.6999296,211592,"https://s3-ap-southeast-2.amazonaws.com/data-collection.spotparking.com.au/production/raw-data-points/8b56b780eb28175228c1cac7443fe460afbe414e49ca5610ff-md.jpg","Restricted Parking","left","No Of Driveways: 10, Max Dur. 1 hour 8:30a - 6:00p M-F, Area Permit: 6","No Stopping","right","","","","","","",""
"c777759b-8a73-45fd-8a4b-75337311a86e",331263.64724691,6258826.6650254,211593,"https://s3-ap-southeast-2.amazonaws.com/data-collection.spotparking.com.au/production/raw-data-points/f286afff83734ffdf70163d3958a96632d67b27b87312c986e-md.jpg","No Stopping","both","","","","","","","","","",""
"92eb89d8-088c-471b-8378-ccb5ae84727a",332036.24162823,6258577.505741,205390,"https://s3-ap-southeast-2.amazonaws.com/data-collection.spotparking.com.au/production/raw-data-points/756539bbbf2985a29802766746fc29023d868353acd5624795-md.jpg","No Stopping","right","","Unrestricted Parking","left","No Of Driveways: 2","","","","","",""
"51cae1a0-b0b5-465b-8fa4-46cd1bdf0775",332080.10951989,6258594.922196,205391,"https://s3-ap-southeast-2.amazonaws.com/data-collection.spotparking.com.au/production/raw-data-points/46bfc630e0f267df6aa69362f8506e562936047570fc90ec0f-md.jpg","Unrestricted Parking","right","No Of Driveways: 2","No Stopping","left","","","","","","",""
"d1939d6d-108f-4c41-b62b-11657a445f2e",331837.92082707,6258931.8736105,206848,"https://s3-ap-southeast-2.amazonaws.com/data-collection.spotparking.com.au/production/raw-data-points/0ce5b5cf6fcd99e73582dfc91b15441a70c17e12619de57210-md.jpg","No Stopping","left","","Loading Zone","right","7:00a - 10:30a M-Sa","Restricted Parking","right","Max Dur. 15 minutes","","",""
"f46dbce5-7a48-4a92-8578-67816de38326",331844.41855237,6258914.9170619,206850,"https://s3-ap-southeast-2.amazonaws.com/data-collection.spotparking.com.au/production/raw-data-points/b20fbe48f9b33e45a2e83714089d092eaf6498780ec09e0c6f-md.jpg","Restricted Parking","left","Max Dur. 15 minutes","No Stopping","right","","Loading Zone","left","7:00a - 10:30a M-Sa","","",""
"be2c0d68-ce32-41a0-a9cf-6b00eb3d960c",332256.21601652,6258929.7040521,205266,"https://s3-ap-southeast-2.amazonaws.com/data-collection.spotparking.com.au/production/raw-data-points/bf4200ea18481806033fb782986a39049bf9079dbe5aac3040-md.jpg","Unrestricted Parking","right","No Of Bays: 3","No Stopping","left","","","","","","",""
"f78784e2-0f35-441b-a8ae-b5aec59a93f2",332235.59315993,6258921.3557514,205267,"https://s3-ap-southeast-2.amazonaws.com/data-collection.spotparking.com.au/production/raw-data-points/d81cd87696b9a4115eaaf7419719632c82643683cce18b38f0-md.jpg","Unrestricted Parking","left","No Of Bays: 3","No Stopping","right","","","","","","",""
"68705744-93be-44f2-920d-337413a5dd43",332304.32227214,6259127.3438231,206682,"https://s3-ap-southeast-2.amazonaws.com/data-collection.spotparking.com.au/production/raw-data-points/2dc82bb8bd97bcd84701369a0600f41da3e014281a5578e553-md.jpg","No Stopping","left","","Restricted Parking","right","Max Dur. 2 hours 8:30a - 6:00p, Area Permit: 4","","","","","",""
"d3dd99d5-c943-413f-b0de-ac9e7bbe7d68",332308.19781896,6259117.3258622,206683,"https://s3-ap-southeast-2.amazonaws.com/data-collection.spotparking.com.au/production/raw-data-points/a5f1ae80feb5cda1f254003cfbd5842897772093f05a552538-md.jpg","No Stopping","right","","Restricted Parking","left","Max Dur. 2 hours 8:30a - 6:00p, Area Permit: 4","","","","","",""
"b92f4d0e-2767-4d8c-80ac-b3685315b3d9",332314.09359763,6259102.3289148,206684,"https://s3-ap-southeast-2.amazonaws.com/data-collection.spotparking.com.au/production/raw-data-points/7c7fb4858c4887b215a6eeaf27bcd7c9eef030d561d0bc92be-md.jpg","No Stopping","left","","Restricted Parking","right","Max Dur. 2 hours 8:30a - 6:00p, Area Permit: 4, No Of Driveways: 2","","","","","",""
"63f1fdca-361d-481a-8f73-a4cb0a7c5f26",332321.57257841,6259083.162816,206685,"https://s3-ap-southeast-2.amazonaws.com/data-collection.spotparking.com.au/production/raw-data-points/d2a2909e1e2ac693a38d1b5ef554f7d66c3fcd166a1c529418-md.jpg","Restricted Parking","both","Max Dur. 2 hours 8:30a - 6:00p, Area Permit: 4, No Of Driveways: 2","","","","","","","","",""
"5ffe19e1-0e90-47ce-ba05-229a74d8bb26",332332.35814275,6259055.7383982,206686,"https://s3-ap-southeast-2.amazonaws.com/data-collection.spotparking.com.au/production/raw-data-points/19f36894be3dc252e9af8c4afb255d5209e9e34489b699ffa7-md.jpg","Unrestricted Parking","right","No Of Driveways: 2","Restricted Parking","left","Max Dur. 2 hours 8:30a - 6:00p, Area Permit: 4, No Of Driveways: 2","","","","","",""
"4273d0a7-3be6-4db8-a57e-c17766a8a146",332352.3048401,6259005.8285572,206687,"https://s3-ap-southeast-2.amazonaws.com/data-collection.spotparking.com.au/production/raw-data-points/c632b9ed893953a38ecdfc9b2e19edb25b9771e0f4cff28efa-md.jpg","Unrestricted Parking","left","No Of Driveways: 2","Disabled Parking","right","","","","","","",""
"dde5086b-9670-4b22-9a35-9c9df2c5f12b",332355.90002821,6258996.5804396,206688,"https://s3-ap-southeast-2.amazonaws.com/data-collection.spotparking.com.au/production/raw-data-points/e23264ea8b492939410a178848817c17c6e60a37948952b1bc-md.jpg","Disabled Parking","left","","No Stopping","right","","","","","","",""
"30d00c07-da33-43af-a4f4-fdf85362e1d7",331395.42408461,6259208.367331,211642,"https://s3-ap-southeast-2.amazonaws.com/data-collection.spotparking.com.au/production/raw-data-points/203dd32fd07fb0bca34a2d1fc74257b386ded18216455531fa-md.jpg","No Stopping","both","","","","","","","","","",""
"e7c7afc0-991e-4aea-8e11-a13848d719f7",331424.63911095,6259191.0308598,211643,"https://s3-ap-southeast-2.amazonaws.com/data-collection.spotparking.com.au/production/raw-data-points/b6b049c7ebfb766aa743b39af938c6dc1c8c661a4e9e904853-md.jpg","No Stopping","both","","","","","","","","","",""
"da8f7a0f-dcd5-40a6-a283-3fa9b0640d0b",331725.3980358,6258874.975192,207963,"https://s3-ap-southeast-2.amazonaws.com/data-collection.spotparking.com.au/production/raw-data-points/7bfa3d769012e2663161854ad1f19485d64830232eb3fc4bc9-md.jpg","No Stopping","both","","","","","","","","","",""
"7a7df17c-8a4e-4260-863d-4d8dd48bcb27",331720.45052923,6258872.0057964,207964,"https://s3-ap-southeast-2.amazonaws.com/data-collection.spotparking.com.au/production/raw-data-points/aeac852df245a023c222e3d50434fac549ad1cff9cd9dcad98-md.jpg","No Stopping","both","","","","","","","","","",""
"2ad1b10b-8c48-4001-ab55-b7699f4b344a",331702.13650904,6258864.697284,207965,"https://s3-ap-southeast-2.amazonaws.com/data-collection.spotparking.com.au/production/raw-data-points/397cbc174e92d117a9a430d6bfe040c6c457a695a8e78a4897-md.jpg","No Stopping","both","","","","","","","","","",""
"44ac357d-55f8-4f65-b53a-dec917764d54",331676.7558003,6258854.159429,207966,"https://s3-ap-southeast-2.amazonaws.com/data-collection.spotparking.com.au/production/raw-data-points/763a629325c3a890c7c15714531025ec11b2997e233a1a4f5b-md.jpg","No Stopping","both","","","","","","","","","",""
"ac05626f-5544-45c0-81d6-cbed36945bf3",331950.72397704,6258933.0933622,207433,"https://s3-ap-southeast-2.amazonaws.com/data-collection.spotparking.com.au/production/raw-data-points/69747251885714f40242c2ceb03aaa2ac97fc5b6cbbc1d0ac1-md.jpg","No Stopping","both","","","","","","","","","",""
"b596840f-7f52-48a6-91d5-92d5442b71a6",331954.20372333,6258924.9450208,207434,"https://s3-ap-southeast-2.amazonaws.com/data-collection.spotparking.com.au/production/raw-data-points/e54a873dda2d5b4c20aa29f60621e51aa229e92f2840890216-md.jpg","No Stopping","both","","","","","","","","","",""
"29c64d44-90ff-40c5-a272-9026eb884ffc",331959.093509,6258914.2671942,207435,"https://s3-ap-southeast-2.amazonaws.com/data-collection.spotparking.com.au/production/raw-data-points/be3003f2040c932e3daa0a89729cf9e56000bbbc4ec5b9081d-md.jpg","No Stopping","both","","","","","","","","","",""
"0cb595e8-9467-4865-b7c9-c60c9b62bc2d",331964.8078791,6258900.2800413,207436,"https://s3-ap-southeast-2.amazonaws.com/data-collection.spotparking.com.au/production/raw-data-points/f63227444581c170d15a3567a8fe1e2fd1206b221e7dcdfbf1-md.jpg","Motorbikes Only","right","","No Stopping","left","","","","","","",""
"1162e76c-b232-48ba-8e48-73b45ea4e433",331965.94580561,6258897.9705114,207437,"https://s3-ap-southeast-2.amazonaws.com/data-collection.spotparking.com.au/production/raw-data-points/b87110105024176bf3486ad5bd3430955e767de729125f0925-md.jpg","Loading Zone","right","","Motorbikes Only","left","","","","","","",""
"d1b412df-26da-4687-9fe0-a09c68f90023",331966.26739354,6258896.7507596,207438,"https://s3-ap-southeast-2.amazonaws.com/data-collection.spotparking.com.au/production/raw-data-points/336e39cb3f5c12ee3af30a96f3b21c055206fa045ddab886bf-md.jpg","","","","","","","","","","","",""
"bba9d1cb-bcc9-4c4c-af1a-2273ddddd452",331972.8310856,6258882.0137593,207439,"https://s3-ap-southeast-2.amazonaws.com/data-collection.spotparking.com.au/production/raw-data-points/5216823b71694a81cb8f5f5ff5562b4bc8e7cbf59cb353b6ed-md.jpg","Loading Zone","right","8:30a - 6:00p M-F; 8:30a - 4:30p Sa-Su","Loading Zone","left","","","","","","",""
"b50adbf9-46b2-45a2-8000-521b88d1680c",331977.66315035,6258870.7860447,207440,"https://s3-ap-southeast-2.amazonaws.com/data-collection.spotparking.com.au/production/raw-data-points/2a13410ea70ad609abd3afb6bdc0de7acc6869e2122631fe05-md.jpg","Loading Zone","left","8:30a - 6:00p M-F; 8:30a - 4:30p Sa-Su","No Stopping","right","","","","","","",""
"11bc12b4-996a-49e1-b3ce-038a51c2b4c2",331981.2088634,6258862.5177277,207441,"https://s3-ap-southeast-2.amazonaws.com/data-collection.spotparking.com.au/production/raw-data-points/a4f3532640ba4c1c071a051967f4a95e01a253330875990d15-md.jpg","Restricted Parking","right","Max Dur. 30 minutes 9:30a - 3:30p M-F; Max Dur. 30 minutes 8:30a - 4:00p Sa-Su","No Parking","right","6:30a - 9:30a M-F; 3:30p - 6:30p M-F","No Stopping","left","","","",""
"a0ed9db6-9d14-489f-a1c2-973617b74e3d",331984.49895527,6258855.589138,207442,"https://s3-ap-southeast-2.amazonaws.com/data-collection.spotparking.com.au/production/raw-data-points/32a765348b3ec226e27630ac6351ae06629eb28ddd07b84eec-md.jpg","No Stopping","right","","Restricted Parking","left","Max Dur. 30 minutes 9:30a - 3:30p M-F; Max Dur. 30 minutes 8:30a - 4:00p Sa-Su","No Parking","left","6:30a - 9:30a M-F; 3:30p - 6:30p M-F","","",""
"63099e6e-614f-4f6d-8b32-6eccd912aeba",331784.95776915,6258475.4565129,207599,"https://s3-ap-southeast-2.amazonaws.com/data-collection.spotparking.com.au/production/raw-data-points/03d91b851aa7e8c0e320ec2f301a5f4a3221add4151d8c3abc-md.jpg","Unrestricted Parking","left","No Of Driveways: 2","No Stopping","right","","","","","","",""
"eb36a20f-43da-45e3-814b-d6e0cad1fafd",331830.5737798,6258497.671991,208887,"https://s3-ap-southeast-2.amazonaws.com/data-collection.spotparking.com.au/production/raw-data-points/inserted_datapoint-md.jpg","No Stopping","left","","Unrestricted Parking","right","No Of Driveways: 2","","","","","",""
"e12d420b-98f5-4e99-bbde-f216d6d13922",331987.30254233,6258564.2384416,205376,"https://s3-ap-southeast-2.amazonaws.com/data-collection.spotparking.com.au/production/raw-data-points/04a8525480b33e3caa63623617f1a71f927ed7b89b4dec72d2-md.jpg","No Stopping","right","","Restricted Parking","left","No Of Driveways: 3, Max Dur. 2 hours 8:30a - 6:00p, Area Permit: 4","","","","","",""
"f314f771-a5d1-4c9c-a67e-de3021197122",331963.66170674,6258554.9403342,205377,"https://s3-ap-southeast-2.amazonaws.com/data-collection.spotparking.com.au/production/raw-data-points/f2e0eb955909e63be6e643e7cb80294a0c07bd211cb056d7b5-md.jpg","Restricted Parking","both","No Of Driveways: 3, Max Dur. 2 hours 8:30a - 6:00p, Area Permit: 4","","","","","","","","",""
"876bd01b-9951-458d-a963-f9f6eb6dc0b5",331932.31100672,6258542.1729329,205378,"https://s3-ap-southeast-2.amazonaws.com/data-collection.spotparking.com.au/production/raw-data-points/ce756251ee29af22b4a9a42c703698005a40f3456cb7c6dfce-md.jpg","Restricted Parking","both","No Of Driveways: 3, Max Dur. 2 hours 8:30a - 6:00p, Area Permit: 4","","","","","","","","",""
"6b40d7c9-ce8f-4ddb-995e-a19463f43692",331906.01500926,6258531.9550128,205379,"https://s3-ap-southeast-2.amazonaws.com/data-collection.spotparking.com.au/production/raw-data-points/2178c1a704872954fcd50fc0d2eaf3dec185d7d9ec4349f815-md.jpg","Restricted Parking","both","No Of Driveways: 3, Max Dur. 2 hours 8:30a - 6:00p, Area Permit: 4","","","","","","","","",""
"c3f64151-9bb3-49be-ac73-d5f48cfd24d3",331879.2160153,6258522.1570071,205380,"https://s3-ap-southeast-2.amazonaws.com/data-collection.spotparking.com.au/production/raw-data-points/4ff1834790d7be2361ec35df9f0f60681d67eed4bf15b52cf9-md.jpg","Restricted Parking","right","No Of Driveways: 3, Max Dur. 2 hours 8:30a - 6:00p, Area Permit: 4","No Stopping","left","","","","","","",""
"633a5e3e-2d5d-4502-b076-173d2630afde",331770.91509632,6259050.1595337,212765,"https://s3-ap-southeast-2.amazonaws.com/data-collection.spotparking.com.au/production/raw-data-points/0fbf3a00a3a26c5f250c6f2d74a4743be7166b616c66bff922-md.jpg","Bus Zone","right","","No Stopping","left","","","","","","",""
"13cca8bc-9d68-4e2f-8eb9-110e7f2c37eb",331760.18725289,6259076.2742182,212766,"https://s3-ap-southeast-2.amazonaws.com/data-collection.spotparking.com.au/production/raw-data-points/90ecc676abf72f9870af569d19c6a501dce11af28e36ffe430-md.jpg","No Stopping","right","","Bus Zone","left","","","","","","",""
"dd1637ef-2c12-4ae7-b5c8-8d1bea1a01a8",331779.87008322,6258669.3870389,214962,"https://s3-ap-southeast-2.amazonaws.com/data-collection.spotparking.com.au/production/raw-data-points/inserted_datapoint-md.jpg","","","","","","","","","","","",""
"a2cec7e1-e70f-42d5-9214-94000e5dc2b4",331777.55300098,6258668.5672057,214963,"https://s3-ap-southeast-2.amazonaws.com/data-collection.spotparking.com.au/production/raw-data-points/inserted_datapoint-md.jpg","","","","","","","","","","","",""
"b942dc73-4f26-48b3-bc91-d83b6e7a81ed",331635.45236622,6259085.9322523,212691,"https://s3-ap-southeast-2.amazonaws.com/data-collection.spotparking.com.au/production/raw-data-points/af703b5d3f428b5704f3ca766c534f923230b5af27c9e434af-md.jpg","No Stopping","left","","Restricted Parking","right","Max Dur. 10 minutes 7:00a - 6:00p M-F","","","","","",""
"885391bd-60a7-4a69-97e9-dbbce1d876f4",331635.50184129,6259097.9198123,212692,"https://s3-ap-southeast-2.amazonaws.com/data-collection.spotparking.com.au/production/raw-data-points/273d1d202de6206b8ff4676afcfc3ae917100da0a5195375f5-md.jpg","Restricted Parking","both","Max Dur. 10 minutes 7:00a - 6:00p M-F","","","","","","","","",""
"4996211c-cfb1-4de1-a120-c265d68ba322",331633.16002151,6259130.4831841,212693,"https://s3-ap-southeast-2.amazonaws.com/data-collection.spotparking.com.au/production/raw-data-points/796e3f0613faa3f7b63d13cd6d754d741e17aa80a51fe57c69-md.jpg","No Stopping","right","","Restricted Parking","left","Max Dur. 10 minutes 7:00a - 6:00p M-F","","","","","",""
"61a7b921-c105-41da-8675-5c0a0bcc88c2",331447.90888355,6258534.8444246,211528,"https://s3-ap-southeast-2.amazonaws.com/data-collection.spotparking.com.au/production/raw-data-points/6415ee94978fdb63298b03422f4baec429951dfb242e2b5725-md.jpg","","","","","","","","","","","",""
"17014082-c032-49d6-a0fe-bf60622f3f48",331442.96137698,6258546.9519602,211529,"https://s3-ap-southeast-2.amazonaws.com/data-collection.spotparking.com.au/production/raw-data-points/5065d336003a1be2b3a57f3e80c4d64c8be9b218a7d4cd618b-md.jpg","Clearway","both","6:00a - 7:00p M-F; 9:00a - 6:00p Sa-Su inc. Public Holidays, Inferred","","","","","","","","",""
"2fe9846d-349d-46f8-a8fb-7c8ada198f3d",331424.07839354,6258589.2333539,211530,"https://s3-ap-southeast-2.amazonaws.com/data-collection.spotparking.com.au/production/raw-data-points/5f58f43c7dcd2935548ad167f58635f7f4e9262cf6eadbf2ac-md.jpg","No Stopping","both","","","","","","","","","",""
"8631d222-d0c4-4c11-87e9-e74db5c76f3b",332357.70586811,6259161.2269263,206676,"https://s3-ap-southeast-2.amazonaws.com/data-collection.spotparking.com.au/production/raw-data-points/566d0fcdea13f04b8d4ccc381c581a4b1d5070baee0dc19077-md.jpg","No Stopping","left","","No Parking","right","","","","","","",""
"0ecb935a-4986-480f-885d-b5d0e89cf235",332349.43528628,6259157.5476752,206677,"https://s3-ap-southeast-2.amazonaws.com/data-collection.spotparking.com.au/production/raw-data-points/52cf495802ae8a1fce2c2a4182d045c542746c99c53f6863b9-md.jpg","No Parking","right","4:30a - 6:30a W, Street Sweeping","No Parking","left","","Restricted Parking","right","Max Dur. 1 hour 8:30a - 6:00p M-F; Max Dur. 1 hour 8:30a - 4:30p Sa, No Of Driveways: 3","","",""
"cc66d66e-272b-4345-b072-16694646579d",332331.32741221,6259150.3391425,206678,"https://s3-ap-southeast-2.amazonaws.com/data-collection.spotparking.com.au/production/raw-data-points/d8900eaffd35c8d1d30dd685d89ee4956eb0e5998324b83831-md.jpg","Restricted Parking","both","Max Dur. 1 hour 8:30a - 6:00p M-F; Max Dur. 1 hour 8:30a - 4:30p Sa, No Of Driveways: 3","No Parking","both","4:30a - 6:30a W, Street Sweeping","","","","","",""
"203b1d98-7d6c-4182-820d-f7b5e33e840c",332314.86046115,6259144.0604205,206679,"https://s3-ap-southeast-2.amazonaws.com/data-collection.spotparking.com.au/production/raw-data-points/b41eb4454ed98f15a7a625a09daff59c37332e4b64de5932ce-md.jpg","No Stopping","right","","No Parking","both","4:30a - 6:30a W, Street Sweeping","Restricted Parking","left","Max Dur. 1 hour 8:30a - 6:00p M-F; Max Dur. 1 hour 8:30a - 4:30p Sa, No Of Driveways: 3","","",""
"fca469a3-8e49-43c1-befd-bac526eb6230",332377.46291105,6259154.5882776,205247,"https://s3-ap-southeast-2.amazonaws.com/data-collection.spotparking.com.au/production/raw-data-points/daade221fb886dfa176ad171869dcec3e7c7ff0f977471f665-md.jpg","Restricted Parking","right","Max Dur. 30 minutes 8:30a - 6:00p M-F; Max Dur. 30 minutes 8:30a - 4:00p Sa, No Of Bays: 2, No Of Driveways: 1","No Stopping","left","","","","","","",""
"d07cbfc2-b09a-4cb4-8b73-5cf7f24c5267",332385.69226365,6259133.8724942,205248,"https://s3-ap-southeast-2.amazonaws.com/data-collection.spotparking.com.au/production/raw-data-points/cb0f91cc17f367c58ca16568ea5534d5f3092505ee5afd45ed-md.jpg","Restricted Parking","left","Max Dur. 30 minutes 8:30a - 6:00p M-F; Max Dur. 30 minutes 8:30a - 4:00p Sa, No Of Bays: 2, No Of Driveways: 1","No Stopping","right","","","","","","",""
"15837231-3921-44fb-a521-91bdfa6a8f58",332389.29569761,6259124.504401,205249,"https://s3-ap-southeast-2.amazonaws.com/data-collection.spotparking.com.au/production/raw-data-points/297ba8f047fc89d2fa302313eaa79acd4a4098897be0cdd577-md.jpg","No Stopping","left","","Restricted Parking","right","Max Dur. 2 hours 8:30a - 6:00p M-F, Area Permit: 21, No Of Driveways: 3, No Of Bays: 7","","","","","",""
"66a160b1-c0f7-42fd-9761-e4187f0fdb55",332399.97406597,6259097.1899608,205250,"https://s3-ap-southeast-2.amazonaws.com/data-collection.spotparking.com.au/production/raw-data-points/fc93129b20e12b7cb537b6bf91f4ae216e2c8a9d42132a5e41-md.jpg","Restricted Parking","both","Max Dur. 2 hours 8:30a - 6:00p M-F, Area Permit: 21, No Of Driveways: 3, No Of Bays: 7","","","","","","","","",""
"97dd1cfe-7e2e-4da2-b546-18457363394f",332407.83235559,6259077.0340635,205251,"https://s3-ap-southeast-2.amazonaws.com/data-collection.spotparking.com.au/production/raw-data-points/1a1f41eb0b6461f23d473af912494417c78ff12d3f24d76488-md.jpg","Restricted Parking","both","Max Dur. 2 hours 8:30a - 6:00p M-F, Area Permit: 21, No Of Driveways: 3, No Of Bays: 7","","","","","","","","",""
"5c1aa8a7-485d-4784-ae75-15f3f71cf6d3",332421.59466972,6259041.3313307,205252,"https://s3-ap-southeast-2.amazonaws.com/data-collection.spotparking.com.au/production/raw-data-points/be9b6d7781657cfffa3eeb778ccbd8b986083e7eedb648bc05-md.jpg","Restricted Parking","both","Max Dur. 2 hours 8:30a - 6:00p M-F, Area Permit: 21, No Of Driveways: 3, No Of Bays: 7","","","","","","","","",""
"8dc4e869-4183-49b6-b88e-1bdb8317a644",332430.69808182,6259018.7359299,205253,"https://s3-ap-southeast-2.amazonaws.com/data-collection.spotparking.com.au/production/raw-data-points/a10fed08aac9fb6739af1652213f2010507871f2cb82e611f4-md.jpg","Restricted Parking","left","Max Dur. 2 hours 8:30a - 6:00p M-F, Area Permit: 21, No Of Driveways: 3, No Of Bays: 7","No Stopping","right","","","","","","",""
"6cd3de50-ce68-4323-aa14-1274fdb2752b",331779.35059503,6258483.3649031,206887,"https://s3-ap-southeast-2.amazonaws.com/data-collection.spotparking.com.au/production/raw-data-points/32ad31adbe8ec575304fb982399d254cc23423f941c2581531-md.jpg","No Stopping","left","","Mail Zone","right","","","","","","",""
"c6afa2ef-14d3-4b33-be29-cf870ccbcde7",331797.92848223,6258490.7733952,206888,"https://s3-ap-southeast-2.amazonaws.com/data-collection.spotparking.com.au/production/raw-data-points/be6d4e7b4e1ca07d002b61cf649f8103e54031a9d3be32e538-md.jpg","No Stopping","right","","Mail Zone","left","","","","","","",""
"a72ef8f5-f133-406f-bb0d-a19f27014dce",331805.10236677,6258494.1227134,206889,"https://s3-ap-southeast-2.amazonaws.com/data-collection.spotparking.com.au/production/raw-data-points/23e14593b5bfd1b88459922da8be0872f800ba0724c3f8ab85-md.jpg","No Stopping","left","","Restricted Parking","right","Area Permit: 4, Max Dur. 2 hours 8:00a - 6:00p","","","","","",""
"5265cc01-13b7-429a-aece-a75f8f2f7986",331812.62257677,6258496.802168,206890,"https://s3-ap-southeast-2.amazonaws.com/data-collection.spotparking.com.au/production/raw-data-points/576bba2feda25fb2e55263e21282f67e110b61d29b2a939c87-md.jpg","Restricted Parking","left","Area Permit: 4, Max Dur. 2 hours 8:00a - 6:00p","No Parking","right","","","","","","",""
"7cf13006-96ff-4e2c-af50-3a8ff4c10299",331823.8534167,6258500.8913357,206891,"https://s3-ap-southeast-2.amazonaws.com/data-collection.spotparking.com.au/production/raw-data-points/5b6e1ed69f84223fe36313c464c7ba47c29013dd4a27e16702-md.jpg","No Parking","left","","Restricted Parking","right","Area Permit: 4, Max Dur. 2 hours 8:00a - 6:00p","","","","","",""
"fff156ef-c64b-464f-ad02-a20f27aa2198",331832.12399853,6258504.4706071,206892,"https://s3-ap-southeast-2.amazonaws.com/data-collection.spotparking.com.au/production/raw-data-points/aead229407f51a0dc3402d3b59f58801198e47c8319bac0d66-md.jpg","No Parking","right","","Restricted Parking","left","Area Permit: 4, Max Dur. 2 hours 8:00a - 6:00p","","","","","",""
"c3a186ea-e9c1-4f28-8772-f5a344ed060c",331839.19068709,6258508.1398603,206893,"https://s3-ap-southeast-2.amazonaws.com/data-collection.spotparking.com.au/production/raw-data-points/55e493611308876f40a99f888e6edfcbc5ef7c5fc99a094aa8-md.jpg","No Parking","left","","No Stopping","right","","","","","","",""
"b76264d0-7a9a-46df-873a-957b4aae8700",331987.08815038,6258629.2252137,205371,"https://s3-ap-southeast-2.amazonaws.com/data-collection.spotparking.com.au/production/raw-data-points/03d54cdae0d6643331483b3201e1739d11c2536e8c51215ab0-md.jpg","Restricted Parking","left","Max Dur. 2 hours 8:30a - 6:00p M-F, Area Permit: 4","No Stopping","right","","","","","","",""
"d7848659-a73e-40b9-98f1-ca1527cc2a50",331997.88196057,6258605.0201406,205372,"https://s3-ap-southeast-2.amazonaws.com/data-collection.spotparking.com.au/production/raw-data-points/787b004572ced388d327a5048b02ee30eb5c036d5467caf266-md.jpg","Restricted Parking","both","Max Dur. 2 hours 8:30a - 6:00p M-F, Area Permit: 4","","","","","","","","",""
"fff13f1b-c508-45c0-ba7b-0451c2414410",332005.81446278,6258586.1839746,205373,"https://s3-ap-southeast-2.amazonaws.com/data-collection.spotparking.com.au/production/raw-data-points/51817c3afdf1085cf093a4892080f879bcd89e8292f10c6f10-md.jpg","No Stopping","left","","Restricted Parking","right","Max Dur. 2 hours 8:30a - 6:00p M-F, Area Permit: 4","","","","","",""
"5ef5a0f8-b35c-421e-a5ab-1359d6cac6a8",331264.12550588,6258767.5470587,211615,"https://s3-ap-southeast-2.amazonaws.com/data-collection.spotparking.com.au/production/raw-data-points/c323b67e3feadf5d4fa5a613f861aa175e5bb79ed801567901-md.jpg","Restricted Parking","right","Max Dur. 1 hour 8:30a - 6:00p M-F, Area Permit: 6","No Stopping","left","","","","","","",""
"866dbc82-294b-4d9d-bb94-76f43ca0c749",331259.12852424,6258782.4240305,211616,"https://s3-ap-southeast-2.amazonaws.com/data-collection.spotparking.com.au/production/raw-data-points/aaa4cd8192ced21817c78281b3f6ab9868fa333717f9d7e53b-md.jpg","Restricted Parking","both","Max Dur. 1 hour 8:30a - 6:00p M-F, Area Permit: 6","","","","","","","","",""
"2555f5d8-889c-4c5e-90e4-7abadb790900",331252.64729062,6258803.8296735,211617,"https://s3-ap-southeast-2.amazonaws.com/data-collection.spotparking.com.au/production/raw-data-points/fc17128ef0bc88bc5cbcdc0e7ac2217d4280fb5dfbdcd276c9-md.jpg","No Stopping","right","","Restricted Parking","left","Max Dur. 1 hour 8:30a - 6:00p M-F, Area Permit: 6","","","","","",""
"e470f829-bc0d-4dff-bb6e-a76810b7f1bd",331483.11039285,6258607.0197335,211463,"https://s3-ap-southeast-2.amazonaws.com/data-collection.spotparking.com.au/production/raw-data-points/04c061e15c5b81341444b512218b31725cc9a4c7280a243cf9-md.jpg","No Stopping","both","","","","","","","","","",""
"64804bac-a04f-4c6b-9bb1-2a16e8e4037b",331492.00765885,6258586.3239461,211464,"https://s3-ap-southeast-2.amazonaws.com/data-collection.spotparking.com.au/production/raw-data-points/4ae08f564132574113e017c387107c4c8cf145bc73866b3258-md.jpg","No Stopping","both","","","","","","","","","",""
"3ebb2f9a-e0b2-4fdb-abd9-e33f7363632c",331503.11481112,6258559.8993248,211465,"https://s3-ap-southeast-2.amazonaws.com/data-collection.spotparking.com.au/production/raw-data-points/ee2af56c6fcd916574fa6fc361045103acdba43f890193315a-md.jpg","No Stopping","both","","","","","","","","","",""
"6169e237-0338-4701-8dfa-6a21f839e2c9",332214.14571892,6259103.9085933,206729,"https://s3-ap-southeast-2.amazonaws.com/data-collection.spotparking.com.au/production/raw-data-points/beb8ac3cdae4b7c0413a0092415e8ffe41daa01cbb4ee13b8b-md.jpg","No Parking","right","","No Stopping","left","","","","","","",""
"3a8ef400-720d-4a9d-9406-04c6fe9c94f8",332207.72220621,6259101.139157,206730,"https://s3-ap-southeast-2.amazonaws.com/data-collection.spotparking.com.au/production/raw-data-points/e3a418d8375fc229f6eaea21f8cb8ddab4d84bf19bc426a254-md.jpg","No Parking","both","","","","","","","","","",""
"299bd70e-48e4-4357-8aac-4ccf7edbba2d",332180.77478705,6259090.3413548,206731,"https://s3-ap-southeast-2.amazonaws.com/data-collection.spotparking.com.au/production/raw-data-points/1c367d3db3d4521aaf177f9f0521c54cd5b33d5d09e48de26d-md.jpg","No Stopping","right","","No Parking","left","","","","","","",""
"dc1cd23a-13e1-4f1e-831c-bbd34bdaf077",331984.11964644,6259075.4443871,212816,"https://s3-ap-southeast-2.amazonaws.com/data-collection.spotparking.com.au/production/raw-data-points/2dd258a6408a930acff55e1a2bd943037de6585df335e6dad9-md.jpg","Clearway","both","Special Event, Inferred, 3:00p - 10:30p","","","","","","","","",""
"9c017874-fe8f-4a00-917d-e0fa1009db5c",331993.40446711,6259053.7588011,212817,"https://s3-ap-southeast-2.amazonaws.com/data-collection.spotparking.com.au/production/raw-data-points/a6e10280b7f355a068ded4a65cc44bd3b994f0a675dbbd0948-md.jpg","No Stopping","both","","","","","","","","","",""
"7eb415d4-d94f-46d3-8455-d899dbc1d683",331996.84298419,6259042.1711597,212818,"https://s3-ap-southeast-2.amazonaws.com/data-collection.spotparking.com.au/production/raw-data-points/4110a4a394771e2965aeb3fc0d52616b75938f89cc0158aac2-md.jpg","Clearway","both","Special Event, Inferred, 3:00p - 10:30p","","","","","","","","",""
